ppm,exposure_time_min,replicate,R,G,B,H,S,V,L,a,b,DeltaE,risk_category
0.0,30,0,92.74507122951685,150.79260354824322,132.97153280715105,82.78454478461204,98.29753987583,150.79260354824322,147.64879456457624,105.57921281550739,132.7674347291529,1.79,Normal / Safe
0.0,1,1,91.12868279896473,150.21224528923278,131.1429297513688,79.11387574337934,91.1623529619192,150.21224528923278,149.42555452359537,104.81644508095133,130.47612400238413,2.24,Normal / Safe
0.0,0,2,91.62343404787134,150.75419932525784,129.7855054602681,82.7304714370708,98.9266344675178,150.75419932525784,148.53332697568365,104.41701110966318,132.83246185712116,1.07,Normal / Safe
0.0,1,3,91.0990419651218,150.56245937531008,131.09744008165592,83.2784172767634,98.9595083257862,150.56245937531008,146.41343360656614,104.82254491210318,130.77915635002898,2.16,Normal / Safe
0.0,15,4,89.93309104426628,150.4703250219894,131.30780142273872,80.59998591776294,98.47114301422272,150.4703250219894,149.8013391579243,104.69839894133172,131.82837116477359,1.94,Normal / Safe
0.0,0,5,91.82652757641763,150.54834445661606,129.78221701444886,79.42023368740794,97.61808368712063,150.54834445661606,149.58568333932837,104.34361828956847,130.23695984463725,2.4,Normal / Safe
0.0,5,6,90.73487011496107,150.23001189190424,131.93469479628976,80.0870486346304,94.31079961624046,150.23001189190424,146.80655351179448,104.9305844007711,132.67776740967335,1.66,Normal / Safe
0.0,5,7,91.68925116484314,150.06478390752255,129.73777006567877,82.14947046367723,98.46680363618803,150.06478390752255,147.38442503697055,105.1797163447007,131.1017920605443,1.61,Normal / Safe
0.0,0,8,88.93336546727012,152.6042213292954,130.5993557386319,81.6763122814809,97.15537272174807,152.6042213292954,148.4993386607334,102.61928297572774,131.71919370847326,1.49,Normal / Safe
0.0,1,9,92.13764116480326,148.01864662809865,131.67049216824373,81.03566885726762,103.43368213422455,148.01864662809865,147.22259467258954,103.1915063971068,131.49824295641545,1.23,Normal / Safe
0.0,15,10,89.79954817223071,152.33894420725923,131.84211429899824,79.06698033292345,97.7557060967836,152.33894420725923,145.90188867759122,103.65591945868869,132.7507858855894,2.25,Normal / Safe
0.0,0,11,93.08612487728881,150.61635304456158,133.27488180609353,78.53301366137333,96.38908513631678,150.61635304456158,147.24003517055272,102.69004931278752,134.9436634164813,3.31,Normal / Safe
0.0,15,12,91.48592822520985,149.79658409616758,131.758071432501,81.1060762852218,104.65855770363159,149.79658409616758,148.26186671924776,104.25755039072277,131.92555408423382,0.37,Normal / Safe
0.0,0,13,93.22681026832485,149.41809329579974,130.86250931922262,81.18612347307871,98.8068658475971,149.41809329579974,148.5173535025671,103.91991266464751,131.7586198683558,0.58,Normal / Safe
0.0,30,14,91.1379361885799,150.3677526694902,132.50973144627997,80.48892977508314,101.30189051611922,150.3677526694902,146.27531113375846,103.22466389404306,132.77314085588924,2.04,Normal / Safe
0.0,5,15,94.10780795881728,153.08848863023786,130.67903877220536,80.61534242287686,97.51970255339002,153.08848863023786,149.38474391251293,105.70660495367846,132.87358941563537,2.36,Normal / Safe
0.0,5,16,93.3312674216244,151.9082246962715,130.91955301071178,80.09509934638646,98.56961331110793,151.9082246962715,148.9255056635727,105.24894069913991,132.06564915811123,1.56,Normal / Safe
0.0,15,17,90.82512006149564,150.51690772569148,133.22027582605452,78.65370352534907,99.68237980381238,150.51690772569148,149.96071413142363,102.39251676543877,132.1846338585323,2.54,Normal / Safe
0.0,0,18,93.50072841164315,151.2286312933889,131.09790413164242,79.2300784647028,101.44845816864411,151.2286312933889,148.70756093729048,103.71451069901367,133.06529246884594,1.31,Normal / Safe
0.0,0,19,90.97996291763226,151.3483805457415,132.43960870994803,79.42847287296046,104.59732353343426,151.3483805457415,148.7107493813677,102.80869650279735,132.65655360863383,1.53,Normal / Safe
0.0,5,20,91.99271458302346,150.42501504060115,131.30620970969738,78.83125396850583,101.60168849692933,150.42501504060115,149.43762075431994,104.41811852195559,130.11347195421436,2.41,Normal / Safe
0.0,0,21,89.94519341492555,149.8423288757601,133.31801032228634,80.14060823770929,102.6281459120599,149.8423288757601,148.806940005538,106.73442215906174,132.09376543015193,2.85,Normal / Safe
0.0,5,22,92.93850102164751,149.71426366537557,130.39366125290834,81.22370862286478,98.32961164402245,149.71426366537557,149.07100074113814,104.47323762457354,131.92717108734314,1.17,Normal / Safe
0.0,5,23,90.57572143223172,150.10465400265588,131.8331940002846,77.87639584874258,94.9757895061615,150.10465400265588,145.56745806858478,102.852280027175,133.3896028281466,3.03,Normal / Safe
0.0,15,24,90.46175019541977,149.2254405829974,132.6746610577331,83.16838651582894,96.99916987513046,149.2254405829974,145.46227261562456,104.65679733116399,130.56409918062596,2.99,Normal / Safe
0.0,15,25,92.77257152945907,156.77909723598208,132.85633576603976,82.2033484602709,101.8620052904796,156.77909723598208,148.9770868769587,103.68473075535965,132.75896922049327,1.28,Normal / Safe
0.0,30,26,89.65916439134409,154.00052213365916,130.19980239340475,82.30207066632654,99.4495011490188,154.00052213365916,148.21136105210698,104.35441958511966,130.11968741154743,1.93,Normal / Safe
0.0,30,27,94.34057021169932,151.19282650010663,132.824364517594,78.59369228968595,106.16710787217738,151.19282650010663,150.7651206374808,105.3634354909517,132.8287659776049,3.19,Normal / Safe
0.0,15,28,91.83920828725832,150.2706740713703,134.3894726913892,79.84908760148492,96.80192339608847,150.2706740713703,147.13258462905378,103.86428261768177,131.2064949823274,1.18,Normal / Safe
0.0,30,29,90.19955538941633,150.49824814623858,131.28758203325856,79.52000615113943,104.29636272084329,150.49824814623858,148.60747256644143,102.73911604566496,132.91786194705477,1.67,Normal / Safe
0.0,1,30,92.56594439819061,153.47702647971923,130.00975235079616,83.26557369662777,96.80777579031104,153.47702647971923,146.0801204001053,103.76260803879333,133.8720056804723,2.69,Normal / Safe
0.0,30,31,93.04863857278998,151.89984495056652,131.27812779926475,77.35930899394741,97.73985760611745,151.89984495056652,148.20880616643524,104.00181361119468,132.75593528179166,0.78,Normal / Safe
0.0,30,32,93.45894930034818,153.3167122580617,132.51610219710304,81.88934881432755,100.82351562100442,153.3167122580617,149.54876918924182,102.96559764351431,132.20428294200133,1.87,Normal / Safe
0.0,1,33,93.03027276914895,151.10645862345962,132.65899071015514,80.33725316715473,97.54070170184292,151.10645862345962,148.31139739192858,104.88499046718667,131.53547025135504,1.05,Normal / Safe
0.0,30,34,90.14265372327748,149.7630230085234,134.92692012860363,80.4398722939405,100.5883065349614,149.7630230085234,147.72416239340797,103.90992136681979,131.4941199467657,0.58,Normal / Safe
0.0,30,35,90.75650748361689,150.15972843970454,133.12094040768488,81.4155553981502,98.93729521810755,150.15972843970454,148.17599107496318,105.27766489578842,131.40842861116417,1.42,Normal / Safe
0.0,30,36,93.14671735298856,149.33325428088386,130.70607731765168,81.68589098413622,100.89855731214813,149.33325428088386,144.61876198072358,101.5434068542266,131.92346793864846,4.18,Normal / Safe
0.0,0,37,91.64116280319537,152.28096206660177,131.59343930656718,79.58035797563743,104.73695291951991,152.28096206660177,149.5978406238204,102.20795489986479,131.5532264882101,2.44,Normal / Safe
0.0,1,38,89.83902089178977,151.4039764813788,134.72049986381836,81.10687434267629,99.27021776094499,151.4039764813788,148.12409565370072,103.74158226418257,133.183482320141,1.22,Normal / Safe
0.0,30,39,93.32930294919406,150.649445231029,132.0665258362486,78.7358087830164,100.33652070384416,150.649445231029,145.80736501594643,104.28988281153713,131.8127750436512,2.22,Normal / Safe
0.0,15,40,91.00365883504337,153.04016704937226,128.94438609754178,82.85504842081401,98.09302727377107,153.04016704937226,147.99315575651457,103.31765739887985,131.9518045144642,0.68,Normal / Safe
0.0,0,41,92.97133716352057,151.8040398023573,133.26025673891763,82.20001303760361,97.38076392202622,151.8040398023573,145.87005755051246,103.15306626275233,131.95475037626068,2.29,Normal / Safe
0.0,0,42,92.33613872271563,151.0188886011727,132.14651414782324,79.3404853242168,99.07353052277684,151.0188886011727,148.74699743686818,105.45114360779505,132.9592708260852,1.89,Normal / Safe
0.0,1,43,93.8006173226201,153.72413168536573,131.83360209655572,81.96446368972165,94.64145162278292,153.72413168536573,149.17600961637126,103.84227604174589,130.64494204448206,1.8,Normal / Safe
0.0,30,44,90.86464086423261,149.68738176569784,130.01158458674612,79.34319180762743,97.51531971730415,149.68738176569784,147.9257806708252,103.35467779080251,130.39938899097237,1.73,Normal / Safe
0.0,5,45,90.65237799297746,151.73787875725975,130.01965018946905,83.24718814878153,102.53832036216386,151.73787875725975,147.29623652184296,102.28686547090912,133.3538723741654,2.29,Normal / Safe
0.0,30,46,92.41345273683112,151.41808455245598,128.3216030980264,79.148059272003,98.67411400773344,151.41808455245598,147.9167725625535,104.2593893089997,132.30234829033165,0.41,Normal / Safe
0.0,0,47,92.00786554957728,151.0704708906471,131.32490179278113,81.43427489852125,95.79713871185221,151.0704708906471,147.78643077246807,104.1202956317119,132.51443883405875,0.57,Normal / Safe
0.0,15,48,93.59067022116571,153.31205649537728,130.75816038162642,80.0442033468536,99.72700105824934,153.31205649537728,151.07109838169535,104.1148614682139,133.55126285473298,3.44,Normal / Safe
0.0,1,49,91.15511208280945,154.80888668681635,134.09519036815536,79.91513441348533,102.44886923649925,154.80888668681635,148.78781756903643,104.23346579648025,132.80265225560743,1.15,Normal / Safe
0.0,15,50,93.58763673027438,148.36189077036533,130.22511223100133,77.44115173335985,98.19177949666633,148.36189077036533,149.07631338369396,105.50235705209603,132.07409478041978,1.85,Normal / Safe
0.0,1,51,92.33011149320544,148.17417476614915,133.45294272694102,81.46859918308488,102.63646929967531,148.17417476614915,147.7839260525882,104.12804106855846,131.51866165072028,0.54,Normal / Safe
0.0,5,52,93.68401652719703,148.838206359256,131.81563304017283,80.38704451786731,95.69624428545866,148.838206359256,148.73150991238495,104.7473680316118,131.70930769196895,1.09,Normal / Safe
0.0,0,53,92.70166931931156,151.02259657236849,129.95150282027453,81.2561602895358,97.49028754300275,151.02259657236849,149.56796918951142,103.76414019184932,131.92323609097167,1.59,Normal / Safe
0.0,5,54,88.78121486022509,151.76941187618723,130.17226553807012,78.75951246209604,98.87512189713922,151.76941187618723,146.64982651288912,104.12250549833952,133.97346089160257,2.39,Normal / Safe
0.0,1,55,93.27703139690077,150.06945441619666,130.89538174161353,81.36925660232478,97.35816049098743,150.06945441619666,146.15791897131456,106.3741417434006,131.6892757353828,3.02,Normal / Safe
0.0,0,56,93.27710313856824,149.51809623130518,132.04293083935173,81.95293473445663,96.08319435682779,149.51809623130518,148.1192236777263,105.5237874101938,129.5432529431365,2.89,Normal / Safe
0.0,0,57,90.84337018924334,151.86426189920664,133.78439967192713,80.83500423804453,99.22579783778757,151.86426189920664,146.6874869988129,103.29744888287983,130.80673988436158,1.91,Normal / Safe
0.0,5,58,93.58299649481962,151.98045139200298,130.68903882077237,80.49505611950897,106.12298821047716,151.98045139200298,149.52179903903095,103.55949544112647,133.58203818296377,2.24,Normal / Safe
0.0,30,59,89.71538564167948,149.29620175373913,132.33899591114104,81.75962115684658,98.96631766986108,149.29620175373913,145.54300894642992,104.4965781589648,131.80574861176598,2.51,Normal / Safe
0.0,1,60,91.02403614631726,150.26931192435296,131.11140911364168,79.20401384548028,99.14556488383448,150.26931192435296,146.75357482538345,104.27045682577985,131.94976189055086,1.28,Normal / Safe
0.0,30,61,93.19622630671748,151.21780609042818,134.69274683495846,80.38823853020324,100.69902039155707,151.21780609042818,149.2477272641579,102.25383844133881,134.61669994660159,3.38,Normal / Safe
0.0,30,62,91.00606436158122,151.85589800288975,130.85511126518622,77.79267684900321,94.1173726863505,151.85589800288975,148.07212741999209,104.25972250172148,131.0956833748956,0.94,Normal / Safe
0.0,1,63,93.14637829791353,151.01619724721456,133.32289486557485,77.97269179154839,96.75609003052053,151.01619724721456,144.79179952778603,105.99700815684295,133.98399212768493,4.27,Normal / Safe
0.0,0,64,93.50943921382166,150.13466219571526,133.25353816809772,78.80543971801357,100.58941253374584,150.13466219571526,150.16235293098686,101.52835549987272,131.20310474452953,3.38,Normal / Safe
0.0,30,65,92.67727391302846,151.96570390255647,133.02594245621168,80.28321387196914,101.00430285527014,151.96570390255647,147.7161885107565,104.57930343687222,132.49729177783078,0.81,Normal / Safe
0.0,0,66,91.26859066389126,150.35116271827056,132.59167821356743,79.8685232787696,99.86932457068924,150.35116271827056,151.11310119796815,104.87112470343169,131.67397646783215,3.25,Normal / Safe
0.0,0,67,91.24882042637361,153.86052835286583,132.82879972852115,80.94332567646873,101.12377310090902,153.86052835286583,151.31267578879928,105.99804954228703,130.4204792426874,4.18,Normal / Safe
0.0,1,68,91.64123200095474,152.2346574636175,133.33861622972282,80.64343066883409,96.34555217424605,152.2346574636175,148.43041189183646,104.16519438012058,132.56893667446965,0.73,Normal / Safe
0.0,30,69,92.50774461124162,150.3770681291488,132.9491727991594,83.90603928670659,99.54559876517548,150.3770681291488,148.37233087945052,103.54063910045976,131.1501556305352,1.04,Normal / Safe
0.0,15,70,91.25471145099107,151.5817673222957,132.98805768856462,79.13626357437231,103.92628851332233,151.5817673222957,147.94178157591995,104.08703522814668,131.05265862005788,0.95,Normal / Safe
0.0,1,71,95.38579742163971,149.59954283610563,136.76166320569013,80.77336090698498,91.28120627584697,149.59954283610563,147.42169264004812,105.33043856326908,133.9993172062498,2.47,Normal / Safe
0.0,1,72,90.83931620134464,149.13301794503286,129.33191962664358,82.74406646723378,100.96309696906218,149.13301794503286,147.91662299363432,104.27996862631981,130.87451095270163,1.16,Normal / Safe
0.0,1,73,91.69573067049477,151.0703731524254,134.67324542780412,81.38541192859269,99.65058311094882,151.0703731524254,148.6631749979702,104.25024393257365,130.8602455718433,1.34,Normal / Safe
0.0,0,74,91.05887167343379,150.25691613560312,132.62825912080274,79.91606771240876,95.29516681938776,150.25691613560312,146.35096626275185,104.53776595840695,130.64128848543794,2.2,Normal / Safe
0.0,5,75,90.80524556201362,151.9911628475832,132.71297829031846,82.47825793163615,98.36994990487472,151.9911628475832,146.57869031907114,102.44425002412837,129.2153643552179,3.49,Normal / Safe
0.0,0,76,89.7458524735541,150.60889725266227,130.31187148837967,80.2764449999057,98.98003963610628,150.60889725266227,146.0212824321971,104.80443911011086,131.84278610663554,2.14,Normal / Safe
0.0,15,77,90.92254487574388,152.35883141723576,130.99129822594423,79.5173353492136,100.33619647323522,152.35883141723576,148.0213178332243,106.27665162639883,130.37069738944575,2.8,Normal / Safe
0.0,30,78,89.99055725270931,151.22333534147833,130.4096125890808,78.82308226544957,94.91188918938006,151.22333534147833,145.13311948015897,103.43283683206461,133.1288887430469,3.13,Normal / Safe
0.0,0,79,89.84943714130718,153.19808463327865,132.45465849915087,82.24975124488766,102.1199773194895,153.19808463327865,146.49906957914058,106.42984772865397,133.94973259560123,3.46,Normal / Safe
0.0,15,80,93.86912778874644,147.88991465138778,131.4859686088795,79.94283870100631,94.77746491584654,147.88991465138778,146.8332749686137,102.88942415453417,133.7522704434236,2.38,Normal / Safe
0.0,5,81,93.83330501931191,147.73851465387003,130.84421668374884,79.56395605953918,106.71411707906636,147.73851465387003,148.2235080503505,104.81256059636307,130.1193082307255,2.06,Normal / Safe
0.0,30,82,90.16680828666208,152.0694976452586,131.6395119027628,79.9377687886756,101.13287990461048,152.0694976452586,148.66639496722905,103.63903383418092,133.15932980336424,1.39,Normal / Safe
0.0,1,83,91.58628565159701,149.41370312285,131.09484561764586,80.11431659312917,103.08945930632012,149.41370312285,149.15487933779448,104.33031906824262,132.87000990756408,1.48,Normal / Safe
0.0,1,84,90.13774815357631,149.77554188641773,133.97364976242324,77.87033942959268,101.26905470786214,149.77554188641773,145.88046348198733,105.24669473652959,129.83012231295913,3.28,Normal / Safe
0.0,0,85,91.44954020167943,151.70859496425905,132.24962272314434,79.0360302875625,98.94033081152763,151.70859496425905,148.5004652971759,103.9357073128895,130.65729344149372,1.43,Normal / Safe
0.0,30,86,92.4617026533381,148.43474741101505,129.97772186684142,81.61489614103407,99.51259631438383,148.43474741101505,147.72402499547098,104.0184339330654,132.34758170536168,0.44,Normal / Safe
0.0,1,87,93.65453790016667,152.7271380616971,132.18097083899218,82.46813792462447,98.97529029881376,152.7271380616971,150.03873644081582,103.85130357588778,131.32075808328656,2.15,Normal / Safe
0.0,30,88,91.15794971135651,151.47130559942568,131.36367665218233,79.5306859572655,101.7341285874137,151.47130559942568,146.62518126283683,104.71162265047083,130.66725552921173,2.04,Normal / Safe
0.0,1,89,89.23868865300253,149.08063454989644,131.0627721334565,80.53913657531625,100.55297706140738,149.08063454989644,146.9113842802698,104.18676676447708,131.2446170676467,1.34,Normal / Safe
0.0,15,90,93.23662308238619,150.8130793279848,133.12205208894258,82.75145744584644,98.61691244816768,150.8130793279848,148.83271793306668,102.24521315942476,131.87610602125943,1.95,Normal / Safe
0.0,30,91,92.42533710591637,150.57907597575277,132.56187766417648,78.92675749887749,92.64192789588407,150.57907597575277,147.4737020395397,102.9540873311429,130.21944331678952,2.13,Normal / Safe
0.0,5,92,91.05954941331835,153.71867283699538,133.06162790318322,79.6562998361586,100.89722321716657,153.71867283699538,149.4588316744401,104.6218099622172,130.42977528010954,2.23,Normal / Safe
0.0,0,93,93.47858407523535,150.10830317779266,132.32626185854033,83.41880692724152,101.0748620428526,150.10830317779266,149.92922268265966,104.8048031787338,132.93025334595353,2.29,Normal / Safe
0.0,30,94,92.40057557802268,152.10167921117545,131.5750270262511,80.68308090175451,98.06896315213204,152.10167921117545,148.1735272329918,102.74900366901815,134.60597746695953,2.9,Normal / Safe
0.0,5,95,90.7711034096678,151.92356312374682,131.70599605313652,79.05428873485417,100.97065009867303,151.92356312374682,149.18747372188417,103.93312367552274,131.33637404861793,1.36,Normal / Safe
0.0,30,96,89.89226011645331,151.75155001527602,130.4362726886593,82.41689024385725,98.21691824025962,151.75155001527602,148.20247708122955,104.41257039664413,130.07031540368584,1.98,Normal / Safe
0.0,5,97,93.84524197018573,152.25409157673928,128.02912068015374,81.59431414995372,98.34568830487817,152.25409157673928,149.49378629307773,104.25616145843382,131.98011838971112,1.52,Normal / Safe
0.0,15,98,92.12342598391314,152.59822056259802,131.22406732484944,82.61402116027837,105.89669437085774,152.59822056259802,147.4557421593405,103.55449747859923,133.4533844771177,1.61,Normal / Safe
0.0,15,99,90.69105405894348,152.19048691297053,131.54945926786706,79.29281962500951,95.98165232074952,152.19048691297053,146.4236320632577,102.06632169889244,130.79260416835362,2.77,Normal / Safe
1.0,0,0,92.91,147.88,134.25,82.1,94.78,147.88,145.0,107.0,129.0,5.2,Low Risk
1.0,0,1,94.82,145.15,128.09,79.39,88.41,145.15,144.0,107.0,132.0,5.0,Low Risk
1.0,0,2,92.38,150.05,131.95,80.14,98.0,150.05,147.0,105.0,132.0,1.41,Low Risk
1.0,1,0,86.97,148.25,129.34,80.29,105.4,148.25,145.0,103.0,132.0,3.16,Low Risk
1.0,1,1,89.73,148.99,128.41,79.14,101.43,148.99,145.0,104.0,133.0,3.16,Low Risk
1.0,1,2,86.95,146.72,124.13,78.22,103.87,146.72,143.0,103.0,134.0,5.48,Low Risk
1.0,2,0,90.79,142.45,123.66,78.65,92.49,142.45,140.0,106.0,133.0,8.31,Low Risk
1.0,2,1,86.11,146.27,123.75,78.33,104.88,146.27,143.0,103.0,134.0,5.48,Low Risk
1.0,2,2,86.87,141.55,125.81,80.92,98.51,141.55,139.0,106.0,131.0,9.27,Low Risk
1.0,5,0,86.99,138.92,120.95,79.17,95.32,138.92,136.0,106.0,132.0,12.17,Low Risk
1.0,5,1,92.32,136.47,118.12,77.1,82.49,136.47,136.0,109.0,133.0,13.04,Low Risk
1.0,5,2,83.46,139.53,123.04,80.73,102.48,139.53,137.0,106.0,131.0,11.22,Low Risk
1.0,10,0,83.69,131.09,113.41,78.37,92.21,131.09,130.0,107.0,133.0,18.28,Low Risk
1.0,10,1,85.98,135.84,117.51,78.53,93.6,135.84,134.0,107.0,132.0,14.32,Low Risk
1.0,10,2,82.03,134.31,116.23,79.18,99.25,134.31,133.0,106.0,132.0,15.13,Low Risk
1.0,15,0,83.58,133.81,114.31,77.92,95.72,133.81,132.0,107.0,133.0,16.31,Low Risk
1.0,15,1,84.96,131.4,114.51,78.65,90.12,131.4,130.0,108.0,132.0,18.44,Low Risk
1.0,15,2,84.82,126.82,112.68,79.46,84.46,126.82,126.0,110.0,131.0,22.83,Low Risk
1.0,30,0,79.64,125.19,109.03,78.91,92.79,125.19,124.0,109.0,132.0,24.52,Low Risk
1.0,30,1,85.53,124.51,112.76,80.5,79.82,124.51,125.0,112.0,130.0,24.43,Low Risk
1.0,30,2,76.0,126.1,110.34,80.11,101.32,126.1,125.0,107.0,131.0,23.22,Low Risk
1.0,45,0,81.74,126.91,110.07,78.38,90.76,126.91,126.0,109.0,132.0,22.56,Low Risk
1.0,45,1,78.93,123.39,110.26,80.69,91.87,123.39,123.0,109.0,130.0,25.57,Low Risk
1.0,45,2,79.41,120.95,104.29,77.54,87.58,120.95,120.0,110.0,132.0,28.64,Low Risk
1.0,60,0,76.48,124.65,106.61,78.33,98.54,124.65,123.0,107.0,133.0,25.2,Low Risk
1.0,60,1,81.31,121.87,106.66,78.31,84.87,121.87,121.0,110.0,132.0,27.66,Low Risk
1.0,60,2,81.11,122.23,107.56,78.85,85.77,122.23,122.0,110.0,132.0,26.68,Low Risk
1.0,90,0,76.23,119.83,102.97,77.96,92.79,119.83,119.0,109.0,133.0,29.44,Low Risk
1.0,90,1,74.63,122.38,102.71,77.21,99.51,122.38,121.0,107.0,134.0,27.24,Low Risk
1.0,90,2,78.25,122.36,105.45,78.06,91.93,122.36,122.0,109.0,133.0,26.5,Low Risk
1.0,120,0,79.5,119.08,101.41,76.18,84.75,119.08,119.0,110.0,134.0,29.68,Low Risk
1.0,120,1,77.27,114.31,98.34,76.64,82.64,114.31,115.0,111.0,133.0,33.75,Low Risk
1.0,120,2,73.54,116.38,103.88,80.79,93.88,116.38,116.0,110.0,131.0,32.57,Low Risk
1.0,180,0,73.81,116.11,104.61,81.38,92.9,116.11,116.0,110.0,130.0,32.62,Low Risk
1.0,180,1,75.46,119.46,97.91,74.89,93.92,119.46,118.0,108.0,135.0,30.41,Low Risk
1.0,180,2,75.91,114.4,99.69,78.1,85.78,114.4,114.0,111.0,132.0,34.71,Low Risk
1.0,240,0,78.38,110.6,100.65,80.29,74.29,110.6,112.0,114.0,130.0,37.42,Low Risk
1.0,240,1,76.57,114.0,95.01,74.36,83.72,114.0,114.0,111.0,134.0,34.77,Low Risk
1.0,240,2,76.07,114.19,100.05,78.43,85.12,114.19,115.0,111.0,131.0,33.75,Low Risk
1.0,300,0,75.41,119.47,97.6,74.69,94.04,119.47,118.0,108.0,135.0,30.41,Low Risk
1.0,300,1,72.28,115.2,98.97,78.22,95.02,115.2,115.0,109.0,133.0,33.39,Low Risk
1.0,300,2,79.42,117.17,99.39,75.44,82.15,117.17,117.0,110.0,134.0,31.64,Low Risk
1.0,360,0,79.33,110.2,95.56,75.36,71.45,110.2,112.0,113.0,133.0,37.12,Low Risk
1.0,360,1,72.16,112.6,93.35,75.3,91.59,112.6,112.0,109.0,134.0,36.4,Low Risk
1.0,360,2,76.84,113.1,93.07,73.02,81.75,113.1,113.0,110.0,135.0,35.64,Low Risk
1.0,480,0,71.25,113.32,98.71,79.14,94.66,113.32,113.0,110.0,132.0,35.51,Low Risk
1.0,480,1,80.29,121.12,97.44,72.2,85.96,121.12,121.0,108.0,137.0,27.75,Low Risk
1.0,480,2,71.33,105.98,97.0,81.76,83.38,105.98,106.0,114.0,129.0,43.28,Low Risk
1.1,0,0,89.56,149.75,130.16,79.79,102.5,149.75,146.0,104.0,132.0,2.0,Low Risk
1.1,0,1,91.58,154.2,132.47,79.15,103.56,154.2,151.0,102.0,133.0,3.74,Low Risk
1.1,0,2,91.52,147.89,126.98,78.43,97.19,147.89,145.0,104.0,133.0,3.16,Low Risk
1.1,1,0,87.83,144.93,131.82,82.65,100.46,144.93,142.0,106.0,129.0,7.0,Low Risk
1.1,1,1,89.68,148.04,125.02,77.73,100.52,148.04,145.0,103.0,134.0,3.74,Low Risk
1.1,1,2,85.74,142.19,124.35,80.07,101.25,142.19,140.0,105.0,132.0,8.06,Low Risk
1.1,2,0,94.17,139.34,125.99,80.68,82.66,139.34,139.0,109.0,131.0,10.34,Low Risk
1.1,2,1,85.08,144.6,124.63,79.49,104.97,144.6,141.0,104.0,133.0,7.07,Low Risk
1.1,2,2,87.31,141.68,121.51,78.43,97.85,141.68,139.0,105.0,133.0,9.11,Low Risk
1.1,5,0,86.67,135.09,114.84,77.02,91.4,135.09,134.0,106.0,134.0,14.28,Low Risk
1.1,5,1,81.5,136.98,123.26,82.12,103.27,136.98,135.0,106.0,129.0,13.49,Low Risk
1.1,5,2,85.82,136.1,119.38,79.58,94.22,136.1,135.0,107.0,132.0,13.34,Low Risk
1.1,10,0,87.24,132.71,113.21,76.7,87.38,132.71,131.0,108.0,133.0,17.49,Low Risk
1.1,10,1,86.64,133.34,119.05,80.37,89.32,133.34,132.0,109.0,130.0,16.88,Low Risk
1.1,10,2,83.87,128.38,110.33,77.4,88.42,128.38,128.0,108.0,133.0,20.42,Low Risk
1.1,15,0,87.08,134.63,111.49,74.98,90.06,134.63,133.0,107.0,135.0,15.59,Low Risk
1.1,15,1,80.98,133.84,108.7,75.32,100.72,133.84,131.0,104.0,136.0,17.46,Low Risk
1.1,15,2,79.44,131.38,110.84,77.7,100.82,131.38,129.0,106.0,134.0,19.21,Low Risk
1.1,30,0,80.1,124.58,108.98,79.03,91.05,124.58,124.0,109.0,132.0,24.52,Low Risk
1.1,30,1,84.34,125.35,109.9,78.26,83.42,125.35,125.0,110.0,132.0,23.77,Low Risk
1.1,30,2,73.97,124.93,105.44,78.09,104.02,124.93,123.0,106.0,133.0,25.1,Low Risk
1.1,45,0,75.32,119.95,104.65,79.28,94.88,119.95,119.0,109.0,131.0,29.44,Low Risk
1.1,45,1,81.72,118.61,105.75,79.1,79.29,118.61,119.0,112.0,131.0,30.1,Low Risk
1.1,45,2,77.52,121.6,108.67,80.74,92.43,121.6,121.0,110.0,130.0,27.73,Low Risk
1.1,60,0,79.8,124.87,103.59,75.42,92.04,124.87,123.0,108.0,135.0,25.5,Low Risk
1.1,60,1,76.1,120.19,104.78,79.08,93.54,120.19,120.0,109.0,132.0,28.44,Low Risk
1.1,60,2,78.72,117.61,104.33,79.31,84.33,117.61,118.0,111.0,131.0,30.82,Low Risk
1.1,90,0,77.78,126.04,107.49,78.03,97.63,126.04,125.0,107.0,133.0,23.22,Low Risk
1.1,90,1,74.54,117.63,97.47,75.54,93.41,117.63,117.0,108.0,134.0,31.32,Low Risk
1.1,90,2,75.33,119.43,105.48,80.06,94.17,119.43,119.0,110.0,131.0,29.63,Low Risk
1.1,120,0,74.16,114.89,93.9,74.13,90.4,114.89,114.0,109.0,135.0,34.5,Low Risk
1.1,120,1,75.86,113.66,98.75,77.73,84.81,113.66,114.0,111.0,132.0,34.71,Low Risk
1.1,120,2,73.72,116.57,95.07,74.53,93.74,116.57,115.0,108.0,135.0,33.38,Low Risk
1.1,180,0,70.92,121.0,94.4,73.66,105.54,121.0,118.0,105.0,137.0,30.43,Low Risk
1.1,180,1,72.03,120.12,106.98,81.35,102.09,120.12,119.0,108.0,131.0,29.29,Low Risk
1.1,180,2,71.81,113.51,99.29,79.33,93.68,113.51,113.0,110.0,131.0,35.52,Low Risk
1.1,240,0,79.8,110.11,96.1,75.71,70.19,110.11,112.0,113.0,132.0,37.11,Low Risk
1.1,240,1,76.95,114.37,95.7,74.62,83.44,114.37,114.0,110.0,134.0,34.58,Low Risk
1.1,240,2,74.21,108.94,96.12,78.48,81.29,108.94,109.0,113.0,131.0,40.04,Low Risk
1.1,300,0,73.28,112.59,94.08,75.45,89.04,112.59,112.0,110.0,134.0,36.55,Low Risk
1.1,300,1,75.49,114.93,96.21,75.34,87.51,114.93,114.0,110.0,134.0,34.58,Low Risk
1.1,300,2,75.13,112.05,95.75,76.32,84.02,112.05,113.0,111.0,133.0,35.71,Low Risk
1.1,360,0,71.48,111.9,94.58,76.72,92.11,111.9,111.0,110.0,133.0,37.5,Low Risk
1.1,360,1,79.93,115.67,96.03,73.11,78.81,115.67,116.0,111.0,134.0,32.82,Low Risk
1.1,360,2,71.36,107.62,98.45,81.96,85.92,107.62,108.0,113.0,129.0,41.11,Low Risk
1.1,480,0,73.77,110.94,88.29,71.32,85.44,110.94,110.0,109.0,136.0,38.54,Low Risk
1.1,480,1,75.76,110.86,90.2,71.93,80.74,110.86,111.0,111.0,135.0,37.78,Low Risk
1.1,480,2,71.57,110.29,93.68,76.71,89.54,110.29,110.0,110.0,133.0,38.48,Low Risk
1.2,0,0,91.12,150.69,131.24,79.76,100.8,150.69,147.0,104.0,132.0,1.0,Low Risk
1.2,0,1,92.46,155.41,124.3,74.76,103.3,155.41,151.0,100.0,138.0,7.81,Low Risk
1.2,0,2,91.29,151.53,132.89,80.27,101.37,151.53,148.0,104.0,132.0,0.0,Low Risk
1.2,1,0,87.94,139.3,127.02,82.37,94.02,139.3,138.0,108.0,129.0,11.18,Low Risk
1.2,1,1,94.24,139.97,128.63,82.1,83.32,139.97,139.0,110.0,129.0,11.22,Low Risk
1.2,1,2,88.07,144.39,122.88,78.11,99.46,144.39,142.0,104.0,134.0,6.32,Low Risk
1.2,2,0,86.42,144.91,124.49,79.08,102.93,144.91,142.0,104.0,133.0,6.08,Low Risk
1.2,2,1,92.62,144.54,124.06,77.73,91.6,144.54,142.0,106.0,133.0,6.4,Low Risk
1.2,2,2,92.65,142.33,125.22,79.23,89.0,142.33,141.0,107.0,132.0,7.62,Low Risk
1.2,5,0,83.89,135.45,115.31,77.84,97.06,135.45,133.0,106.0,133.0,15.17,Low Risk
1.2,5,1,87.75,131.72,119.75,81.38,85.12,131.72,131.0,110.0,130.0,18.14,Low Risk
1.2,5,2,84.21,138.77,119.65,79.05,100.25,138.77,136.0,106.0,133.0,12.21,Low Risk
1.2,10,0,88.08,132.72,108.31,73.18,85.77,132.72,131.0,107.0,136.0,17.72,Low Risk
1.2,10,1,82.42,127.02,111.47,79.1,89.54,127.02,127.0,109.0,132.0,21.59,Low Risk
1.2,10,2,87.15,132.44,110.93,75.33,87.2,132.44,131.0,107.0,135.0,17.52,Low Risk
1.2,15,0,78.3,127.85,106.8,76.82,98.82,127.85,126.0,106.0,134.0,22.18,Low Risk
1.2,15,1,79.33,128.69,113.92,80.57,97.8,128.69,127.0,108.0,131.0,21.4,Low Risk
1.2,15,2,83.17,120.88,111.36,81.97,79.55,120.88,121.0,113.0,129.0,28.62,Low Risk
1.2,30,0,79.43,124.34,110.98,80.63,92.11,124.34,124.0,109.0,131.0,24.54,Low Risk
1.2,30,1,73.02,121.32,107.91,81.21,101.52,121.32,120.0,108.0,130.0,28.35,Low Risk
1.2,30,2,74.47,127.53,107.24,78.09,106.1,127.53,125.0,106.0,133.0,23.11,Low Risk
1.2,45,0,80.54,118.75,106.13,79.65,82.04,118.75,119.0,112.0,130.0,30.15,Low Risk
1.2,45,1,81.21,121.16,104.39,76.98,84.08,121.16,121.0,110.0,133.0,27.68,Low Risk
1.2,45,2,78.81,117.87,103.25,78.33,84.5,117.87,118.0,111.0,131.0,30.82,Low Risk
1.2,60,0,76.71,119.79,105.0,79.26,91.7,119.79,119.0,110.0,131.0,29.63,Low Risk
1.2,60,1,73.99,118.27,106.45,81.53,95.46,118.27,118.0,109.0,130.0,30.48,Low Risk
1.2,60,2,74.94,116.17,102.61,79.68,90.51,116.17,116.0,110.0,131.0,32.57,Low Risk
1.2,90,0,78.56,116.18,103.67,79.58,82.57,116.18,117.0,111.0,131.0,31.8,Low Risk
1.2,90,1,78.6,118.67,101.35,76.61,86.11,118.67,118.0,110.0,133.0,30.61,Low Risk
1.2,90,2,83.01,115.53,93.68,69.45,71.78,115.53,116.0,111.0,137.0,33.14,Low Risk
1.2,120,0,80.05,113.06,98.42,76.27,74.44,113.06,114.0,113.0,133.0,35.19,Low Risk
1.2,120,1,79.17,109.62,94.34,74.53,70.84,109.62,111.0,113.0,133.0,38.09,Low Risk
1.2,120,2,70.43,112.05,99.41,80.44,94.7,112.05,112.0,110.0,131.0,36.51,Low Risk
1.2,180,0,75.74,112.91,91.68,72.46,83.96,112.91,112.0,110.0,136.0,36.72,Low Risk
1.2,180,1,67.23,112.25,94.5,77.74,102.26,112.25,112.0,108.0,133.0,36.24,Low Risk
1.2,180,2,75.54,114.19,96.34,75.72,86.31,114.19,114.0,110.0,134.0,34.58,Low Risk
1.2,240,0,75.7,111.16,96.02,76.76,81.33,111.16,112.0,112.0,132.0,36.88,Low Risk
1.2,240,1,71.31,109.93,95.02,77.98,89.59,109.93,109.0,111.0,132.0,39.62,Low Risk
1.2,240,2,75.89,109.29,95.99,77.62,77.94,109.29,110.0,112.0,132.0,38.83,Low Risk
1.2,300,0,72.07,108.9,95.78,78.88,86.24,108.9,109.0,112.0,131.0,39.82,Low Risk
1.2,300,1,66.89,105.36,88.85,76.7,93.12,105.36,105.0,110.0,133.0,43.43,Low Risk
1.2,300,2,65.86,107.22,95.54,81.08,98.35,107.22,107.0,110.0,130.0,41.48,Low Risk
1.2,360,0,71.56,108.87,95.66,78.94,87.38,108.87,109.0,112.0,131.0,39.82,Low Risk
1.2,360,1,76.4,108.07,96.45,78.56,74.72,108.07,109.0,114.0,131.0,40.27,Low Risk
1.2,360,2,72.69,105.76,90.61,75.83,79.73,105.76,106.0,112.0,133.0,42.77,Low Risk
1.2,480,0,67.29,104.1,89.92,78.01,90.19,104.1,104.0,111.0,132.0,44.55,Low Risk
1.2,480,1,74.14,111.93,86.85,69.7,86.1,111.93,111.0,109.0,138.0,37.82,Low Risk
1.2,480,2,72.91,103.65,92.42,78.6,75.63,103.65,105.0,114.0,131.0,44.16,Low Risk
1.3,0,0,91.61,145.51,134.78,83.57,94.46,145.51,144.0,107.0,128.0,6.4,Low Risk
1.3,0,1,90.18,149.4,128.79,79.12,101.07,149.4,146.0,104.0,133.0,2.24,Low Risk
1.3,0,2,90.04,152.28,131.43,79.51,104.23,152.28,149.0,103.0,133.0,1.73,Low Risk
1.3,1,0,89.8,145.14,129.52,81.08,97.22,145.14,143.0,106.0,131.0,5.48,Low Risk
1.3,1,1,87.79,139.62,128.76,83.25,94.67,139.62,138.0,108.0,128.0,11.49,Low Risk
1.3,1,2,87.82,147.4,126.71,79.14,103.07,147.4,144.0,103.0,133.0,4.24,Low Risk
1.3,2,0,86.67,141.27,127.87,82.17,98.56,141.27,139.0,106.0,130.0,9.43,Low Risk
1.3,2,1,93.29,140.44,122.49,78.15,85.6,140.44,139.0,108.0,133.0,9.9,Low Risk
1.3,2,2,90.29,137.69,123.01,80.26,87.78,137.69,136.0,109.0,130.0,13.15,Low Risk
1.3,5,0,84.16,135.0,113.8,77.06,96.04,135.0,133.0,106.0,134.0,15.26,Low Risk
1.3,5,1,79.47,127.84,112.95,80.31,96.49,127.84,126.0,108.0,131.0,22.38,Low Risk
1.3,5,2,82.86,133.18,122.11,82.93,96.35,133.18,132.0,108.0,128.0,16.97,Low Risk
1.3,10,0,85.25,126.15,112.68,79.68,82.67,126.15,126.0,110.0,131.0,22.83,Low Risk
1.3,10,1,80.71,128.18,112.2,79.45,94.44,128.18,127.0,108.0,131.0,21.4,Low Risk
1.3,10,2,83.79,128.02,114.83,80.6,88.1,128.02,128.0,109.0,131.0,20.64,Low Risk
1.3,15,0,77.16,126.11,116.7,83.77,98.98,126.11,126.0,109.0,128.0,22.91,Low Risk
1.3,15,1,81.25,130.39,109.18,76.62,96.1,130.39,129.0,106.0,134.0,19.21,Low Risk
1.3,15,2,82.33,125.92,108.4,77.51,88.28,125.92,125.0,109.0,133.0,23.56,Low Risk
1.3,30,0,75.99,122.47,101.8,76.23,96.77,122.47,121.0,107.0,135.0,27.33,Low Risk
1.3,30,1,80.33,124.43,105.45,76.66,90.38,124.43,124.0,108.0,134.0,24.41,Low Risk
1.3,30,2,77.47,122.54,103.43,76.85,93.78,122.54,121.0,108.0,133.0,27.31,Low Risk
1.3,45,0,79.87,112.91,100.78,78.54,74.63,112.91,114.0,113.0,131.0,35.19,Low Risk
1.3,45,1,71.09,113.92,105.88,83.9,95.88,113.92,114.0,111.0,128.0,34.94,Low Risk
1.3,45,2,79.75,116.25,97.28,73.99,80.07,116.25,116.0,111.0,134.0,32.82,Low Risk
1.3,60,0,67.29,114.87,107.27,84.74,105.61,114.87,114.0,110.0,127.0,34.89,Low Risk
1.3,60,1,77.49,114.82,101.41,78.78,82.9,114.82,115.0,112.0,131.0,33.97,Low Risk
1.3,60,2,71.5,115.61,100.31,79.15,97.28,115.61,115.0,109.0,132.0,33.38,Low Risk
1.3,90,0,74.73,116.26,98.63,76.83,91.09,116.26,116.0,109.0,133.0,32.4,Low Risk
1.3,90,1,77.0,111.82,100.29,79.62,79.42,111.82,112.0,113.0,130.0,37.16,Low Risk
1.3,90,2,79.88,110.98,94.93,74.11,71.46,110.98,112.0,113.0,133.0,37.12,Low Risk
1.3,120,0,78.18,111.53,100.15,79.32,76.25,111.53,112.0,114.0,130.0,37.42,Low Risk
1.3,120,1,72.84,116.47,96.33,75.73,95.51,116.47,115.0,108.0,134.0,33.3,Low Risk
1.3,120,2,74.95,116.79,94.85,73.86,91.37,116.79,116.0,108.0,136.0,32.5,Low Risk
1.3,180,0,70.23,108.32,95.03,79.1,89.66,108.32,109.0,112.0,131.0,39.82,Low Risk
1.3,180,1,68.36,111.57,92.06,76.03,98.77,111.57,111.0,108.0,134.0,37.27,Low Risk
1.3,180,2,76.5,102.48,91.32,76.68,64.65,102.48,104.0,116.0,131.0,45.62,Low Risk
1.3,240,0,67.23,105.51,92.87,79.65,92.53,105.51,105.0,112.0,131.0,43.75,Low Risk
1.3,240,1,71.75,107.23,91.65,76.4,84.38,107.23,108.0,111.0,133.0,40.62,Low Risk
1.3,240,2,72.9,104.97,94.25,79.53,77.91,104.97,105.0,114.0,130.0,44.19,Low Risk
1.3,300,0,73.7,107.89,92.63,76.19,80.81,107.89,108.0,112.0,132.0,40.79,Low Risk
1.3,300,1,72.6,112.84,90.7,73.09,90.93,112.84,112.0,108.0,136.0,36.44,Low Risk
1.3,300,2,70.79,104.47,87.86,74.79,82.21,104.47,105.0,112.0,134.0,43.78,Low Risk
1.3,360,0,67.51,103.06,89.81,78.38,87.94,103.06,104.0,112.0,132.0,44.72,Low Risk
1.3,360,1,72.25,105.88,87.73,73.4,80.99,105.88,106.0,112.0,134.0,42.8,Low Risk
1.3,360,2,73.95,107.94,89.55,73.36,80.3,107.94,108.0,112.0,134.0,40.84,Low Risk
1.3,480,0,68.58,105.82,89.15,76.15,89.74,105.82,105.0,111.0,133.0,43.58,Low Risk
1.3,480,1,66.19,103.97,89.37,77.97,92.65,103.97,103.0,111.0,132.0,45.54,Low Risk
1.3,480,2,67.84,104.74,84.22,72.91,89.84,104.74,104.0,110.0,135.0,44.51,Low Risk
1.4,0,0,96.01,154.74,131.24,77.56,96.79,154.74,151.0,104.0,134.0,3.61,Low Risk
1.4,0,1,93.09,143.77,128.53,80.53,89.89,143.77,142.0,108.0,131.0,7.28,Low Risk
1.4,0,2,91.12,147.78,134.14,82.32,97.78,147.78,145.0,106.0,129.0,4.69,Low Risk
1.4,1,0,94.57,140.01,122.57,78.05,82.76,140.01,139.0,108.0,133.0,9.9,Low Risk
1.4,1,1,89.29,148.38,121.42,75.89,101.55,148.38,145.0,103.0,136.0,5.1,Low Risk
1.4,1,2,89.33,149.01,120.13,75.06,102.13,149.01,146.0,102.0,137.0,5.74,Low Risk
1.4,2,0,82.86,138.18,119.73,79.55,102.08,138.18,136.0,105.0,132.0,12.04,Low Risk
1.4,2,1,89.14,140.18,115.97,75.35,92.83,140.18,138.0,105.0,136.0,10.82,Low Risk
1.4,2,2,88.25,137.72,125.12,81.9,91.59,137.72,136.0,109.0,129.0,13.34,Low Risk
1.4,5,0,81.82,130.98,116.83,80.92,95.71,130.98,129.0,108.0,130.0,19.52,Low Risk
1.4,5,1,85.99,134.24,110.15,74.61,91.65,134.24,133.0,106.0,136.0,15.65,Low Risk
1.4,5,2,85.31,129.79,115.92,80.2,87.38,129.79,129.0,109.0,131.0,19.67,Low Risk
1.4,10,0,76.99,128.91,107.86,77.4,102.7,128.91,126.0,105.0,134.0,22.11,Low Risk
1.4,10,1,77.41,129.71,111.01,78.83,102.81,129.71,128.0,106.0,132.0,20.1,Low Risk
1.4,10,2,79.42,131.93,108.96,76.45,101.49,131.93,129.0,105.0,135.0,19.26,Low Risk
1.4,15,0,79.94,125.28,105.54,76.52,92.29,125.28,124.0,107.0,134.0,24.27,Low Risk
1.4,15,1,81.25,122.87,106.17,77.53,86.37,122.87,122.0,110.0,132.0,26.68,Low Risk
1.4,15,2,83.93,121.35,100.17,72.61,78.63,121.35,121.0,110.0,135.0,27.82,Low Risk
1.4,30,0,82.31,126.96,101.4,72.43,89.68,126.96,125.0,107.0,137.0,23.73,Low Risk
1.4,30,1,71.66,118.38,101.76,78.89,100.63,118.38,117.0,108.0,132.0,31.26,Low Risk
1.4,30,2,76.91,115.97,104.36,80.63,85.9,115.97,116.0,112.0,130.0,33.05,Low Risk
1.4,45,0,77.72,111.93,102.04,80.87,77.94,111.93,112.0,114.0,129.0,37.48,Low Risk
1.4,45,1,82.31,116.93,98.93,73.99,75.51,116.93,117.0,112.0,134.0,32.08,Low Risk
1.4,45,2,75.72,118.26,94.75,73.01,91.72,118.26,117.0,107.0,137.0,31.54,Low Risk
1.4,60,0,75.73,113.26,103.64,81.85,84.49,113.26,114.0,112.0,129.0,35.06,Low Risk
1.4,60,1,74.71,119.43,94.78,73.06,95.47,119.43,118.0,107.0,137.0,30.56,Low Risk
1.4,60,2,77.0,115.39,95.49,74.03,84.83,115.39,115.0,110.0,135.0,33.67,Low Risk
1.4,90,0,74.53,115.35,94.61,74.34,90.25,115.35,115.0,109.0,135.0,33.51,Low Risk
1.4,90,1,68.92,111.66,92.87,76.39,97.61,111.66,111.0,108.0,134.0,37.27,Low Risk
1.4,90,2,72.97,111.47,90.46,73.22,88.08,111.47,111.0,109.0,135.0,37.46,Low Risk
1.4,120,0,68.3,111.31,92.29,76.31,98.53,111.31,111.0,108.0,134.0,37.27,Low Risk
1.4,120,1,65.45,112.22,94.68,78.31,106.27,112.22,111.0,107.0,133.0,37.13,Low Risk
1.4,120,2,71.0,105.91,96.37,81.34,84.05,105.91,106.0,114.0,129.0,43.28,Low Risk
1.4,180,0,73.04,114.49,92.79,73.88,92.33,114.49,114.0,108.0,136.0,34.47,Low Risk
1.4,180,1,73.15,106.84,93.98,78.11,80.41,106.84,107.0,113.0,132.0,41.98,Low Risk
1.4,180,2,73.87,111.1,89.96,72.56,85.46,111.1,111.0,110.0,136.0,37.7,Low Risk
1.4,240,0,69.9,104.19,92.31,79.16,83.93,104.19,105.0,113.0,131.0,43.94,Low Risk
1.4,240,1,75.7,104.25,88.66,73.21,69.84,104.25,106.0,113.0,134.0,43.0,Low Risk
1.4,240,2,72.15,104.89,92.79,78.48,79.6,104.89,105.0,114.0,131.0,44.16,Low Risk
1.4,300,0,63.85,101.85,86.39,77.36,95.13,101.85,101.0,111.0,132.0,47.52,Low Risk
1.4,300,1,63.65,101.44,85.99,77.3,95.0,101.44,101.0,111.0,133.0,47.53,Low Risk
1.4,300,2,70.01,107.67,88.0,73.92,89.2,107.67,107.0,110.0,135.0,41.55,Low Risk
1.4,360,0,67.04,103.12,90.92,79.41,89.22,103.12,104.0,112.0,131.0,44.73,Low Risk
1.4,360,1,67.21,100.56,89.45,79.56,84.58,100.56,101.0,113.0,130.0,47.9,Low Risk
1.4,360,2,69.47,105.24,87.73,74.9,86.67,105.24,105.0,111.0,134.0,43.61,Low Risk
1.4,480,0,71.51,98.6,86.26,75.91,70.06,98.6,100.0,115.0,132.0,49.24,Low Risk
1.4,480,1,68.77,98.06,81.61,72.74,76.15,98.06,99.0,113.0,134.0,49.86,Low Risk
1.4,480,2,71.46,100.65,83.23,71.7,73.95,100.65,101.0,113.0,134.0,47.9,Low Risk
1.5,0,0,91.71,154.38,125.16,75.59,103.52,154.38,150.0,101.0,137.0,6.16,Low Risk
1.5,0,1,87.51,148.23,136.38,83.68,104.46,148.23,146.0,105.0,128.0,4.58,Low Risk
1.5,0,2,92.85,153.3,128.58,77.3,100.56,153.3,150.0,102.0,135.0,4.12,Low Risk
1.5,1,0,84.99,144.38,124.79,79.66,104.89,144.38,141.0,104.0,133.0,7.07,Low Risk
1.5,1,1,89.99,142.47,125.45,79.82,93.92,142.47,140.0,106.0,132.0,8.25,Low Risk
1.5,1,2,88.82,145.37,127.03,79.83,99.19,145.37,143.0,105.0,132.0,5.1,Low Risk
1.5,2,0,81.49,131.94,123.59,84.56,97.5,131.94,131.0,109.0,127.0,18.41,Low Risk
1.5,2,1,89.92,135.62,115.0,76.04,85.93,135.62,134.0,108.0,134.0,14.7,Low Risk
1.5,2,2,86.65,141.47,125.97,81.06,98.82,141.47,139.0,106.0,131.0,9.27,Low Risk
1.5,5,0,84.72,130.62,111.46,77.05,89.61,130.62,129.0,108.0,133.0,19.44,Low Risk
1.5,5,1,83.21,130.84,111.1,77.13,92.84,130.84,129.0,107.0,133.0,19.26,Low Risk
1.5,5,2,89.32,137.09,117.55,77.3,88.86,137.09,136.0,107.0,134.0,12.53,Low Risk
1.5,10,0,77.84,128.7,110.87,79.04,100.77,128.7,127.0,106.0,132.0,21.1,Low Risk
1.5,10,1,81.93,129.89,110.86,77.66,94.15,129.89,128.0,107.0,133.0,20.25,Low Risk
1.5,10,2,82.82,128.05,109.97,77.58,90.06,128.05,127.0,108.0,133.0,21.4,Low Risk
1.5,15,0,73.76,123.13,104.26,78.1,102.24,123.13,122.0,107.0,133.0,26.19,Low Risk
1.5,15,1,75.27,127.93,111.12,79.98,104.96,127.93,126.0,107.0,131.0,22.23,Low Risk
1.5,15,2,83.19,123.65,109.98,79.42,83.44,123.65,124.0,111.0,131.0,25.02,Low Risk
1.5,30,0,76.68,118.1,97.66,74.78,89.44,118.1,118.0,108.0,135.0,30.41,Low Risk
1.5,30,1,77.83,117.68,97.03,74.04,86.34,117.68,117.0,109.0,135.0,31.54,Low Risk
1.5,30,2,76.49,117.26,106.33,81.5,88.66,117.26,117.0,111.0,130.0,31.84,Low Risk
1.5,45,0,77.95,114.52,98.9,76.75,81.44,114.52,115.0,111.0,133.0,33.75,Low Risk
1.5,45,1,75.4,113.88,94.9,74.79,86.17,113.88,113.0,110.0,134.0,35.57,Low Risk
1.5,45,2,74.81,112.25,94.4,75.28,85.05,112.25,112.0,110.0,134.0,36.55,Low Risk
1.5,60,0,75.85,113.6,90.88,71.54,84.73,113.6,113.0,109.0,137.0,35.71,Low Risk
1.5,60,1,73.95,115.41,99.42,77.99,91.61,115.41,115.0,109.0,132.0,33.38,Low Risk
1.5,60,2,77.4,112.54,93.7,73.51,79.63,112.54,113.0,111.0,135.0,35.82,Low Risk
1.5,90,0,69.79,110.66,94.78,77.91,94.19,110.66,110.0,109.0,132.0,38.33,Low Risk
1.5,90,1,76.9,112.92,93.25,73.2,81.35,112.92,113.0,111.0,135.0,35.82,Low Risk
1.5,90,2,69.3,108.67,94.29,78.61,92.37,108.67,108.0,111.0,131.0,40.62,Low Risk
1.5,120,0,71.55,105.98,92.63,77.93,82.83,105.98,106.0,113.0,131.0,42.97,Low Risk
1.5,120,1,70.65,105.83,92.8,78.45,84.77,105.83,106.0,112.0,131.0,42.77,Low Risk
1.5,120,2,70.95,108.45,92.69,76.96,88.16,108.45,108.0,111.0,133.0,40.62,Low Risk
1.5,180,0,67.56,103.68,93.78,81.33,88.85,103.68,104.0,112.0,130.0,44.77,Low Risk
1.5,180,1,67.49,98.78,83.89,75.3,80.77,98.78,99.0,113.0,133.0,49.83,Low Risk
1.5,180,2,71.06,105.22,89.12,75.44,82.78,105.22,106.0,112.0,133.0,42.77,Low Risk
1.5,240,0,73.81,95.35,89.02,80.74,57.6,95.35,98.0,118.0,129.0,52.01,Low Risk
1.5,240,1,74.85,99.98,86.7,73.73,64.09,99.98,101.0,116.0,132.0,48.51,Low Risk
1.5,240,2,67.91,100.68,86.86,76.92,83.01,100.68,101.0,113.0,132.0,47.85,Low Risk
1.5,300,0,73.84,107.55,85.6,70.07,79.92,107.55,108.0,111.0,137.0,40.91,Low Risk
1.5,300,1,75.27,102.14,91.87,78.09,67.08,102.14,104.0,115.0,131.0,45.37,Low Risk
1.5,300,2,69.28,102.43,87.7,76.25,82.53,102.43,103.0,112.0,133.0,45.72,Low Risk
1.5,360,0,78.61,103.54,83.51,65.53,61.39,103.54,105.0,114.0,136.0,44.33,Low Risk
1.5,360,1,71.98,99.9,84.16,72.68,71.26,99.9,101.0,114.0,133.0,48.06,Low Risk
1.5,360,2,71.8,101.07,86.46,74.61,73.86,101.07,102.0,114.0,133.0,47.09,Low Risk
1.5,480,0,68.37,100.37,85.4,75.54,81.29,100.37,101.0,113.0,133.0,47.86,Low Risk
1.5,480,1,62.52,101.36,81.18,74.0,97.71,101.36,101.0,109.0,135.0,47.36,Low Risk
1.5,480,2,64.01,99.19,84.38,76.94,90.45,99.19,100.0,112.0,133.0,48.67,Low Risk
1.6,0,0,89.92,153.49,127.97,77.52,105.62,153.49,149.0,101.0,135.0,4.36,Low Risk
1.6,0,1,90.78,149.25,131.86,80.63,99.9,149.25,146.0,104.0,131.0,2.24,Low Risk
1.6,0,2,92.84,147.98,134.17,82.03,95.02,147.98,145.0,107.0,129.0,5.2,Low Risk
1.6,1,0,88.3,136.85,118.27,78.08,90.46,136.85,135.0,107.0,133.0,13.38,Low Risk
1.6,1,1,88.08,141.86,123.83,79.5,96.68,141.86,139.0,106.0,132.0,9.22,Low Risk
1.6,1,2,88.03,143.2,126.99,80.73,98.24,143.2,141.0,106.0,131.0,7.35,Low Risk
1.6,2,0,82.67,134.4,116.59,79.23,98.15,134.4,133.0,106.0,132.0,15.13,Low Risk
1.6,2,1,86.87,141.65,118.58,76.93,98.62,141.65,139.0,104.0,134.0,9.22,Low Risk
1.6,2,2,78.5,132.81,117.37,81.02,104.27,132.81,131.0,106.0,130.0,17.23,Low Risk
1.6,5,0,80.98,129.37,113.2,79.53,95.39,129.37,128.0,108.0,132.0,20.4,Low Risk
1.6,5,1,81.71,133.75,111.06,76.49,99.2,133.75,131.0,105.0,134.0,17.15,Low Risk
1.6,5,2,80.06,132.04,108.48,75.98,100.38,132.04,130.0,105.0,136.0,18.47,Low Risk
1.6,10,0,81.13,125.04,107.2,77.38,89.55,125.04,125.0,109.0,133.0,23.56,Low Risk
1.6,10,1,84.72,122.86,113.83,82.43,79.16,122.86,123.0,113.0,129.0,26.74,Low Risk
1.6,10,2,79.28,120.9,107.86,80.15,87.78,120.9,120.0,110.0,131.0,28.65,Low Risk
1.6,15,0,75.17,119.08,105.69,80.4,94.02,119.08,119.0,110.0,131.0,29.63,Low Risk
1.6,15,1,80.07,119.47,107.46,80.41,84.09,119.47,120.0,112.0,130.0,29.19,Low Risk
1.6,15,2,81.87,125.64,106.08,76.17,88.83,125.64,125.0,108.0,134.0,23.43,Low Risk
1.6,30,0,79.93,110.09,98.35,77.89,69.87,110.09,112.0,114.0,131.0,37.38,Low Risk
1.6,30,1,73.23,116.09,97.59,76.62,94.14,116.09,116.0,108.0,134.0,32.31,Low Risk
1.6,30,2,75.34,121.38,98.8,74.87,96.73,121.38,120.0,107.0,136.0,28.44,Low Risk
1.6,45,0,75.65,111.92,96.65,76.93,82.64,111.92,112.0,112.0,132.0,36.88,Low Risk
1.6,45,1,74.43,113.96,99.91,78.9,88.47,113.96,114.0,111.0,131.0,34.73,Low Risk
1.6,45,2,79.35,113.55,98.19,76.1,76.8,113.55,114.0,112.0,132.0,34.93,Low Risk
1.6,60,0,69.98,110.23,97.27,79.89,93.11,110.23,110.0,110.0,131.0,38.48,Low Risk
1.6,60,1,76.03,111.13,97.1,77.58,80.53,111.13,112.0,112.0,132.0,36.88,Low Risk
1.6,60,2,74.91,114.09,95.31,75.2,87.58,114.09,114.0,109.0,134.0,34.42,Low Risk
1.6,90,0,71.05,108.62,82.98,69.14,88.21,108.62,108.0,109.0,139.0,40.91,Low Risk
1.6,90,1,73.26,96.66,86.6,76.67,61.74,96.66,99.0,117.0,131.0,50.71,Low Risk
1.6,90,2,73.47,109.04,88.29,72.09,83.19,109.04,109.0,110.0,136.0,39.66,Low Risk
1.6,120,0,69.08,109.76,88.5,73.91,94.52,109.76,109.0,109.0,135.0,39.43,Low Risk
1.6,120,1,77.94,105.64,91.18,73.92,66.86,105.64,107.0,114.0,133.0,42.21,Low Risk
1.6,120,2,76.06,106.04,86.95,70.5,72.09,106.04,107.0,112.0,136.0,41.96,Low Risk
1.6,180,0,69.67,102.89,83.41,72.0,82.34,102.89,103.0,112.0,135.0,45.8,Low Risk
1.6,180,1,69.23,100.77,90.27,79.57,79.81,100.77,102.0,114.0,130.0,47.12,Low Risk
1.6,180,2,70.1,102.15,87.18,75.56,80.0,102.15,103.0,113.0,133.0,45.9,Low Risk
1.6,240,0,69.85,103.05,82.83,71.34,82.17,103.05,103.0,111.0,136.0,45.72,Low Risk
1.6,240,1,66.05,104.52,84.6,74.05,93.85,104.52,104.0,110.0,135.0,44.51,Low Risk
1.6,240,2,64.93,102.53,87.22,77.35,93.53,102.53,102.0,111.0,132.0,46.53,Low Risk
1.6,300,0,63.97,100.54,86.79,78.28,92.77,100.54,100.0,111.0,132.0,48.51,Low Risk
1.6,300,1,69.68,101.75,80.37,69.61,80.37,101.75,102.0,111.0,136.0,46.7,Low Risk
1.6,300,2,69.55,98.95,83.13,73.45,75.76,98.95,99.0,114.0,133.0,50.02,Low Risk
1.6,360,0,70.68,103.22,88.97,76.44,80.39,103.22,104.0,112.0,133.0,44.73,Low Risk
1.6,360,1,72.01,98.45,84.65,73.92,68.48,98.45,100.0,115.0,133.0,49.25,Low Risk
1.6,360,2,70.37,99.14,83.98,73.78,74.02,99.14,101.0,114.0,134.0,48.09,Low Risk
1.6,480,0,69.78,96.96,79.88,70.75,71.47,96.96,97.0,114.0,134.0,52.01,Low Risk
1.6,480,1,66.07,99.04,82.07,74.15,84.89,99.04,100.0,112.0,134.0,48.7,Low Risk
1.6,480,2,68.33,99.15,80.94,71.87,79.25,99.15,100.0,112.0,135.0,48.75,Low Risk
1.7,0,0,94.27,152.14,128.3,77.21,96.99,152.14,149.0,103.0,135.0,3.32,Low Risk
1.7,0,1,96.33,149.5,127.03,76.9,90.69,149.5,147.0,106.0,134.0,3.0,Low Risk
1.7,0,2,88.86,147.94,132.16,81.53,101.82,147.94,145.0,105.0,130.0,3.74,Low Risk
1.7,1,0,87.06,141.01,125.54,80.94,97.56,141.01,139.0,106.0,131.0,9.27,Low Risk
1.7,1,1,88.9,142.97,124.91,79.53,96.43,142.97,140.0,106.0,132.0,8.25,Low Risk
1.7,1,2,89.73,135.7,122.58,80.99,86.38,135.7,135.0,109.0,130.0,14.07,Low Risk
1.7,2,0,79.12,137.27,119.16,80.21,108.03,137.27,135.0,105.0,132.0,13.04,Low Risk
1.7,2,1,88.79,140.73,119.78,77.47,94.1,140.73,138.0,106.0,134.0,10.39,Low Risk
1.7,2,2,84.16,138.62,117.59,77.98,100.19,138.62,136.0,105.0,134.0,12.21,Low Risk
1.7,5,0,82.13,132.44,110.37,76.42,96.86,132.44,131.0,106.0,135.0,17.38,Low Risk
1.7,5,1,84.55,131.51,109.18,75.31,91.05,131.51,130.0,107.0,135.0,18.49,Low Risk
1.7,5,2,85.06,131.57,112.35,77.17,90.15,131.57,130.0,108.0,133.0,18.47,Low Risk
1.7,10,0,77.04,120.77,104.75,78.57,92.34,120.77,120.0,109.0,132.0,28.44,Low Risk
1.7,10,1,80.96,120.48,107.68,79.84,83.66,120.48,120.0,111.0,131.0,28.88,Low Risk
1.7,10,2,75.6,122.74,106.7,79.35,97.93,122.74,121.0,108.0,132.0,27.29,Low Risk
1.7,15,0,85.04,115.68,107.51,81.54,67.54,115.68,117.0,115.0,129.0,33.03,Low Risk
1.7,15,1,78.16,121.05,103.45,77.26,90.36,121.05,121.0,109.0,133.0,27.48,Low Risk
1.7,15,2,79.04,119.36,107.45,80.69,86.13,119.36,120.0,111.0,130.0,28.93,Low Risk
1.7,30,0,73.68,117.42,95.78,74.74,94.98,117.42,116.0,108.0,135.0,32.39,Low Risk
1.7,30,1,74.87,110.8,99.08,79.77,82.7,110.8,111.0,113.0,130.0,38.13,Low Risk
1.7,30,2,79.39,113.79,97.13,75.05,77.09,113.79,114.0,112.0,133.0,34.94,Low Risk
1.7,45,0,70.24,110.12,89.96,74.42,92.36,110.12,110.0,109.0,135.0,38.44,Low Risk
1.7,45,1,70.84,111.49,98.7,80.11,92.97,111.49,111.0,110.0,131.0,37.5,Low Risk
1.7,45,2,82.01,109.05,99.05,78.46,63.24,109.05,112.0,116.0,130.0,38.0,Low Risk
1.7,60,0,73.31,108.17,94.01,77.38,82.18,108.17,109.0,112.0,132.0,39.81,Low Risk
1.7,60,1,72.76,108.95,91.49,75.1,84.7,108.95,109.0,111.0,133.0,39.64,Low Risk
1.7,60,2,68.38,103.99,94.67,81.69,87.32,103.99,104.0,113.0,129.0,45.01,Low Risk
1.7,90,0,70.39,103.88,90.0,77.13,82.2,103.88,104.0,113.0,132.0,44.91,Low Risk
1.7,90,1,73.61,106.21,88.01,72.84,78.27,106.21,107.0,112.0,134.0,41.82,Low Risk
1.7,90,2,74.9,110.41,91.46,73.58,82.0,110.41,111.0,111.0,135.0,37.78,Low Risk
1.7,120,0,73.23,107.39,91.51,75.63,81.12,107.39,108.0,112.0,133.0,40.8,Low Risk
1.7,120,1,72.15,105.46,89.67,75.36,80.55,105.46,106.0,112.0,133.0,42.77,Low Risk
1.7,120,2,67.01,105.77,84.05,72.78,93.43,105.77,105.0,110.0,135.0,43.52,Low Risk
1.7,180,0,66.68,104.88,88.13,76.42,92.86,104.88,104.0,110.0,133.0,44.42,Low Risk
1.7,180,1,73.53,100.15,82.16,69.34,67.78,100.15,102.0,114.0,135.0,47.17,Low Risk
1.7,180,2,68.35,101.27,85.85,75.53,82.91,101.27,102.0,112.0,133.0,46.7,Low Risk
1.7,240,0,71.63,98.05,84.98,74.73,68.72,98.05,100.0,115.0,133.0,49.25,Low Risk
1.7,240,1,65.26,100.49,83.93,75.47,89.39,100.49,101.0,111.0,134.0,47.56,Low Risk
1.7,240,2,65.98,98.43,83.37,75.65,84.07,98.43,99.0,112.0,133.0,49.66,Low Risk
1.7,300,0,66.79,103.08,82.36,72.46,89.77,103.08,103.0,110.0,136.0,45.57,Low Risk
1.7,300,1,66.87,91.48,79.97,75.55,68.59,91.48,93.0,116.0,132.0,56.29,Low Risk
1.7,300,2,66.81,95.71,86.8,80.3,76.99,95.71,97.0,115.0,130.0,52.21,Low Risk
1.7,360,0,66.61,100.55,81.83,73.04,86.07,100.55,101.0,111.0,135.0,47.61,Low Risk
1.7,360,1,67.22,96.42,81.65,74.42,77.23,96.42,97.0,114.0,133.0,51.98,Low Risk
1.7,360,2,72.26,89.72,75.64,65.44,49.63,89.72,92.0,118.0,134.0,57.76,Low Risk
1.7,480,0,64.71,95.07,82.17,76.83,81.41,95.07,96.0,114.0,132.0,52.95,Low Risk
1.7,480,1,67.76,93.87,83.16,77.26,70.92,93.87,95.0,116.0,131.0,54.35,Low Risk
1.7,480,2,69.43,95.57,82.99,75.14,69.74,95.57,97.0,115.0,132.0,52.17,Low Risk
1.8,0,0,92.82,149.32,134.09,81.46,96.49,149.32,147.0,106.0,130.0,3.0,Low Risk
1.8,0,1,92.33,151.0,136.42,82.08,99.08,151.0,149.0,105.0,130.0,2.45,Low Risk
1.8,0,2,84.65,146.75,128.44,80.7,107.91,146.75,143.0,104.0,131.0,5.1,Low Risk
1.8,1,0,86.57,140.76,118.69,77.35,98.17,140.76,138.0,105.0,134.0,10.25,Low Risk
1.8,1,1,84.7,138.94,130.58,84.9,99.55,138.94,137.0,108.0,127.0,12.73,Low Risk
1.8,1,2,93.06,140.28,122.12,78.03,85.84,140.28,139.0,108.0,133.0,9.9,Low Risk
1.8,2,0,81.87,130.69,118.13,81.82,95.26,130.69,129.0,108.0,129.0,19.65,Low Risk
1.8,2,1,82.32,136.16,113.68,77.04,100.83,136.16,134.0,104.0,135.0,14.32,Low Risk
1.8,2,2,83.03,136.86,119.58,79.92,100.3,136.86,135.0,106.0,132.0,13.15,Low Risk
1.8,5,0,82.88,124.41,113.59,81.72,85.12,124.41,124.0,111.0,129.0,25.18,Low Risk
1.8,5,1,79.23,130.27,110.99,78.23,99.91,130.27,129.0,106.0,133.0,19.13,Low Risk
1.8,5,2,77.5,127.43,112.12,80.35,99.91,127.43,126.0,107.0,131.0,22.23,Low Risk
1.8,10,0,80.55,121.58,109.71,80.87,86.06,121.58,121.0,111.0,130.0,27.96,Low Risk
1.8,10,1,81.73,121.23,107.36,79.03,83.08,121.23,121.0,111.0,131.0,27.91,Low Risk
1.8,10,2,84.51,127.88,101.43,71.31,86.48,127.88,126.0,107.0,137.0,22.76,Low Risk
1.8,15,0,74.25,122.79,98.54,74.6,100.81,122.79,121.0,106.0,136.0,27.37,Low Risk
1.8,15,1,73.06,116.88,102.98,80.04,95.6,116.88,116.0,110.0,131.0,32.57,Low Risk
1.8,15,2,76.72,116.38,99.7,76.95,86.9,116.38,116.0,110.0,133.0,32.57,Low Risk
1.8,30,0,72.15,109.72,103.02,84.18,87.31,109.72,110.0,113.0,127.0,39.37,Low Risk
1.8,30,1,75.18,115.01,94.71,74.29,88.32,115.01,115.0,109.0,135.0,33.51,Low Risk
1.8,30,2,73.73,110.21,88.22,71.51,84.41,110.21,110.0,109.0,136.0,38.54,Low Risk
1.8,45,0,68.64,103.63,86.37,74.78,86.09,103.63,104.0,111.0,134.0,44.6,Low Risk
1.8,45,1,69.19,113.03,92.98,75.86,98.91,113.03,112.0,108.0,135.0,36.35,Low Risk
1.8,45,2,76.65,110.29,95.46,76.35,77.78,110.29,111.0,112.0,132.0,37.85,Low Risk
1.8,60,0,69.05,108.39,93.22,78.0,92.56,108.39,108.0,110.0,132.0,40.45,Low Risk
1.8,60,1,70.02,108.5,92.74,77.28,90.43,108.5,108.0,111.0,133.0,40.62,Low Risk
1.8,60,2,70.1,103.45,87.49,75.22,82.2,103.45,104.0,112.0,133.0,44.73,Low Risk
1.8,90,0,70.63,104.78,85.86,72.98,83.12,104.78,105.0,111.0,135.0,43.67,Low Risk
1.8,90,1,70.45,105.51,90.1,76.38,84.75,105.51,106.0,112.0,132.0,42.76,Low Risk
1.8,90,2,75.02,107.63,85.24,69.01,77.26,107.63,108.0,111.0,137.0,40.91,Low Risk
1.8,120,0,74.48,100.16,89.48,77.09,65.38,100.16,102.0,116.0,131.0,47.55,Low Risk
1.8,120,1,69.63,100.52,80.93,70.57,78.35,100.52,101.0,112.0,136.0,47.84,Low Risk
1.8,120,2,68.92,97.08,89.25,81.21,73.98,97.08,99.0,116.0,129.0,50.54,Low Risk
1.8,180,0,72.72,96.63,84.71,74.63,63.08,96.63,98.0,116.0,132.0,51.42,Low Risk
1.8,180,1,66.0,97.13,86.13,78.96,81.73,97.13,98.0,114.0,131.0,51.0,Low Risk
1.8,180,2,68.06,104.24,82.36,71.46,88.5,104.24,104.0,110.0,136.0,44.59,Low Risk
1.8,240,0,70.32,97.46,84.48,75.23,71.0,97.46,99.0,115.0,132.0,50.22,Low Risk
1.8,240,1,65.98,97.02,81.75,74.82,81.57,97.02,98.0,112.0,134.0,50.68,Low Risk
1.8,240,2,64.82,99.15,84.04,76.37,88.3,99.15,100.0,112.0,133.0,48.67,Low Risk
1.8,300,0,68.47,100.39,85.16,75.26,81.08,100.39,101.0,113.0,133.0,47.86,Low Risk
1.8,300,1,65.57,96.9,78.94,72.4,82.46,96.9,97.0,112.0,135.0,51.71,Low Risk
1.8,300,2,66.76,93.98,85.67,80.39,73.86,93.98,95.0,116.0,129.0,54.42,Low Risk
1.8,360,0,67.28,94.03,83.37,77.61,72.55,94.03,96.0,115.0,131.0,53.16,Low Risk
1.8,360,1,59.68,88.64,82.18,82.84,83.33,88.64,89.0,116.0,128.0,60.34,Low Risk
1.8,360,2,66.37,95.44,75.81,69.36,77.66,95.44,96.0,112.0,136.0,52.76,Low Risk
1.8,480,0,65.35,99.03,80.72,73.28,86.71,99.03,99.0,111.0,135.0,49.59,Low Risk
1.8,480,1,65.93,91.7,77.06,72.55,71.65,91.7,92.0,115.0,133.0,57.08,Low Risk
1.8,480,2,59.04,93.79,80.78,78.33,94.49,93.79,93.0,113.0,131.0,55.74,Low Risk
1.9,0,0,87.27,149.02,128.53,79.6,105.66,149.02,146.0,103.0,133.0,2.45,Low Risk
1.9,0,1,89.1,151.16,125.75,77.28,104.69,151.16,147.0,102.0,136.0,4.58,Low Risk
1.9,0,2,93.84,153.26,131.25,78.45,98.86,153.26,150.0,103.0,133.0,2.45,Low Risk
1.9,1,0,79.98,138.03,126.45,83.55,107.24,138.03,136.0,106.0,128.0,12.81,Low Risk
1.9,1,1,79.09,139.98,119.21,79.32,110.92,139.98,136.0,103.0,133.0,12.08,Low Risk
1.9,1,2,89.84,139.0,123.96,80.37,90.18,139.0,137.0,108.0,131.0,11.75,Low Risk
1.9,2,0,86.67,141.18,117.18,76.36,98.46,141.18,139.0,104.0,135.0,9.49,Low Risk
1.9,2,1,86.1,131.22,121.36,82.98,87.67,131.22,131.0,110.0,129.0,18.28,Low Risk
1.9,2,2,82.69,133.99,117.72,80.04,97.62,133.99,132.0,107.0,131.0,16.31,Low Risk
1.9,5,0,76.44,127.97,112.92,80.78,102.68,127.97,126.0,107.0,131.0,22.23,Low Risk
1.9,5,1,82.01,122.52,109.65,80.02,84.31,122.52,123.0,111.0,131.0,25.98,Low Risk
1.9,5,2,83.36,121.65,106.79,77.92,80.27,121.65,122.0,111.0,132.0,26.93,Low Risk
1.9,10,0,80.73,121.48,105.12,77.52,85.54,121.48,121.0,110.0,132.0,27.66,Low Risk
1.9,10,1,83.68,122.08,105.86,76.9,80.21,122.08,122.0,110.0,133.0,26.7,Low Risk
1.9,10,2,86.23,120.03,101.49,73.13,71.8,120.03,121.0,112.0,135.0,28.32,Low Risk
1.9,15,0,77.65,118.21,98.8,75.22,87.49,118.21,118.0,109.0,135.0,30.56,Low Risk
1.9,15,1,73.27,123.82,101.36,76.24,104.11,123.82,122.0,106.0,135.0,26.25,Low Risk
1.9,15,2,74.17,119.64,100.05,76.65,96.91,119.64,118.0,108.0,133.0,30.28,Low Risk
1.9,30,0,72.79,112.42,90.8,73.22,89.9,112.42,112.0,108.0,136.0,36.44,Low Risk
1.9,30,1,74.6,116.48,96.07,74.96,91.67,116.48,116.0,108.0,134.0,32.31,Low Risk
1.9,30,2,72.42,109.22,93.44,76.71,85.92,109.22,109.0,111.0,133.0,39.64,Low Risk
1.9,45,0,71.24,106.23,94.29,79.32,83.99,106.23,107.0,113.0,131.0,41.99,Low Risk
1.9,45,1,66.8,109.95,90.4,75.99,100.07,109.95,109.0,108.0,134.0,39.26,Low Risk
1.9,45,2,73.13,103.98,95.53,81.33,75.66,103.98,105.0,115.0,129.0,44.49,Low Risk
1.9,60,0,74.69,107.95,84.88,68.81,78.58,107.95,108.0,111.0,137.0,40.91,Low Risk
1.9,60,1,73.44,106.29,84.61,69.81,78.81,106.29,107.0,111.0,136.0,41.79,Low Risk
1.9,60,2,70.88,106.17,91.09,76.75,84.76,106.17,107.0,111.0,132.0,41.59,Low Risk
1.9,90,0,70.07,102.87,90.99,78.69,81.3,102.87,103.0,114.0,131.0,46.11,Low Risk
1.9,90,1,73.22,93.4,85.62,78.0,55.09,93.4,96.0,118.0,130.0,53.89,Low Risk
1.9,90,2,69.05,96.74,86.85,78.85,73.0,96.74,98.0,116.0,130.0,51.46,Low Risk
1.9,120,0,72.34,96.67,85.66,76.0,64.18,96.67,98.0,116.0,131.0,51.43,Low Risk
1.9,120,1,65.84,97.91,89.08,81.29,83.52,97.91,98.0,114.0,129.0,51.08,Low Risk
1.9,120,2,66.96,101.31,79.04,70.15,86.46,101.31,101.0,110.0,136.0,47.55,Low Risk
1.9,180,0,72.91,98.96,81.53,69.54,67.13,98.96,100.0,115.0,135.0,49.34,Low Risk
1.9,180,1,69.05,92.92,85.62,80.38,65.52,92.92,95.0,118.0,129.0,54.9,Low Risk
1.9,180,2,66.35,96.54,80.6,73.75,79.75,96.54,97.0,113.0,134.0,51.83,Low Risk
1.9,240,0,64.72,97.37,81.11,74.65,85.5,97.37,98.0,112.0,133.0,50.65,Low Risk
1.9,240,1,68.42,95.26,81.89,74.64,71.85,95.26,97.0,115.0,133.0,52.18,Low Risk
1.9,240,2,65.21,101.97,75.64,68.13,91.94,101.97,101.0,109.0,139.0,47.78,Low Risk
1.9,300,0,69.61,97.99,76.5,66.91,73.87,97.99,98.0,113.0,137.0,51.05,Low Risk
1.9,300,1,72.51,96.88,81.97,71.24,64.13,96.88,98.0,115.0,134.0,51.23,Low Risk
1.9,300,2,65.91,93.24,78.43,73.33,74.74,93.24,94.0,114.0,133.0,54.93,Low Risk
1.9,360,0,66.49,96.99,78.57,71.49,80.19,96.99,97.0,113.0,135.0,51.87,Low Risk
1.9,360,1,62.58,95.26,80.79,76.29,87.47,95.26,95.0,112.0,133.0,53.61,Low Risk
1.9,360,2,67.28,95.02,77.22,70.35,74.44,95.02,96.0,113.0,135.0,52.86,Low Risk
1.9,480,0,61.76,88.5,71.57,70.61,77.05,88.5,89.0,114.0,135.0,59.92,Low Risk
1.9,480,1,65.26,90.86,75.15,71.2,71.84,90.86,92.0,115.0,134.0,57.11,Low Risk
1.9,480,2,55.68,87.37,79.84,82.41,92.48,87.37,88.0,114.0,129.0,60.9,Low Risk
2.0,0,0,90.01,152.08,127.83,77.84,104.08,152.08,149.0,102.0,135.0,3.74,Low Risk
2.0,0,1,96.32,150.57,132.87,79.77,91.88,150.57,148.0,106.0,132.0,2.0,Low Risk
2.0,0,2,98.98,155.55,131.08,76.6,92.74,155.55,152.0,104.0,135.0,5.0,Low Risk
2.0,1,0,85.42,139.55,123.82,80.83,98.91,139.55,137.0,106.0,131.0,11.22,Low Risk
2.0,1,1,86.88,139.34,126.69,82.31,96.0,139.34,138.0,107.0,129.0,10.86,Low Risk
2.0,1,2,86.86,147.43,122.56,77.25,104.76,147.43,144.0,102.0,135.0,5.39,Low Risk
2.0,2,0,89.99,136.01,120.0,79.12,86.27,136.01,135.0,108.0,132.0,13.6,Low Risk
2.0,2,1,82.46,132.38,118.49,81.2,96.15,132.38,131.0,108.0,130.0,17.58,Low Risk
2.0,2,2,87.6,135.06,113.25,75.79,89.6,135.06,134.0,107.0,135.0,14.63,Low Risk
2.0,5,0,76.56,121.93,103.72,77.52,94.89,121.93,120.0,108.0,133.0,28.3,Low Risk
2.0,5,1,80.97,129.59,108.98,76.86,95.67,129.59,128.0,107.0,134.0,20.32,Low Risk
2.0,5,2,73.86,125.64,108.54,79.64,105.1,125.64,124.0,106.0,132.0,24.08,Low Risk
2.0,10,0,83.79,115.0,101.51,76.6,69.2,115.0,117.0,113.0,132.0,32.28,Low Risk
2.0,10,1,82.62,120.72,104.37,76.69,80.48,120.72,121.0,111.0,133.0,27.91,Low Risk
2.0,10,2,77.85,120.36,105.01,78.73,90.07,120.36,120.0,109.0,132.0,28.44,Low Risk
2.0,15,0,73.29,118.11,94.95,74.08,96.77,118.11,117.0,107.0,136.0,31.4,Low Risk
2.0,15,1,76.7,116.01,97.22,75.24,86.4,116.01,116.0,110.0,134.0,32.62,Low Risk
2.0,15,2,75.65,113.61,95.85,75.54,85.2,113.61,113.0,111.0,134.0,35.75,Low Risk
2.0,30,0,71.76,105.85,94.18,79.29,82.12,105.85,106.0,113.0,130.0,43.0,Low Risk
2.0,30,1,69.37,111.3,89.67,74.11,96.05,111.3,110.0,108.0,136.0,38.42,Low Risk
2.0,30,2,71.13,107.29,97.19,81.17,85.95,107.29,108.0,113.0,130.0,41.05,Low Risk
2.0,45,0,72.24,105.08,91.51,77.18,79.71,105.08,106.0,113.0,132.0,42.95,Low Risk
2.0,45,1,64.92,105.59,96.01,82.47,98.21,105.59,105.0,111.0,129.0,43.67,Low Risk
2.0,45,2,71.64,105.92,91.66,77.09,82.52,105.92,106.0,112.0,132.0,42.76,Low Risk
2.0,60,0,72.86,97.39,82.81,71.76,64.22,97.39,99.0,115.0,134.0,50.26,Low Risk
2.0,60,1,70.81,101.24,91.79,80.24,76.65,101.24,102.0,114.0,130.0,47.12,Low Risk
2.0,60,2,69.23,97.58,84.05,75.26,74.09,97.58,99.0,115.0,132.0,50.22,Low Risk
2.0,90,0,60.5,99.56,84.4,77.92,100.05,99.56,99.0,110.0,132.0,49.37,Low Risk
2.0,90,1,67.47,103.5,88.56,77.13,88.76,103.5,104.0,111.0,132.0,44.55,Low Risk
2.0,90,2,68.24,93.86,86.82,81.3,69.62,93.86,95.0,117.0,129.0,54.65,Low Risk
2.0,120,0,69.45,99.09,85.96,76.28,76.28,99.09,100.0,114.0,132.0,49.03,Low Risk
2.0,120,1,64.29,104.19,80.14,71.52,97.66,104.19,103.0,108.0,137.0,45.45,Low Risk
2.0,120,2,70.03,93.1,80.23,72.85,63.19,93.1,95.0,116.0,133.0,54.35,Low Risk
2.0,180,0,71.05,94.58,82.94,74.74,63.44,94.58,96.0,116.0,132.0,53.37,Low Risk
2.0,180,1,67.21,95.05,84.51,78.21,74.68,95.05,97.0,115.0,131.0,52.18,Low Risk
2.0,180,2,65.79,90.02,78.01,74.71,68.64,90.02,92.0,116.0,132.0,57.27,Low Risk
2.0,240,0,67.29,94.67,73.98,66.95,73.74,94.67,95.0,114.0,137.0,54.17,Low Risk
2.0,240,1,63.46,91.74,77.58,74.56,78.59,91.74,92.0,114.0,133.0,56.89,Low Risk
2.0,240,2,61.51,91.6,76.49,74.52,83.76,91.6,92.0,113.0,133.0,56.73,Low Risk
2.0,300,0,67.31,94.51,76.94,70.23,73.39,94.51,95.0,114.0,135.0,54.02,Low Risk
2.0,300,1,63.82,92.5,74.93,71.22,79.07,92.5,93.0,113.0,135.0,55.81,Low Risk
2.0,300,2,61.56,89.26,75.47,74.65,79.15,89.26,90.0,114.0,133.0,58.86,Low Risk
2.0,360,0,61.0,91.46,78.54,76.85,84.93,91.46,92.0,113.0,132.0,56.72,Low Risk
2.0,360,1,59.73,91.05,75.69,74.87,87.73,91.05,91.0,112.0,133.0,57.57,Low Risk
2.0,360,2,65.51,90.94,71.99,67.27,71.29,90.94,91.0,114.0,136.0,58.01,Low Risk
2.0,480,0,59.93,89.38,77.88,77.85,84.02,89.38,90.0,114.0,131.0,58.86,Low Risk
2.0,480,1,57.08,90.33,78.36,78.76,93.88,90.33,90.0,113.0,131.0,58.7,Low Risk
2.0,480,2,63.26,90.95,72.69,69.82,77.63,90.95,91.0,114.0,135.0,57.95,Low Risk
2.1,0,0,91.64,146.14,124.97,77.91,95.09,146.14,144.0,105.0,134.0,4.58,Low Risk
2.1,0,1,94.83,148.05,130.63,79.74,91.66,148.05,146.0,106.0,132.0,2.83,Low Risk
2.1,0,2,87.84,146.77,131.48,81.76,102.38,146.77,144.0,105.0,130.0,4.58,Low Risk
2.1,1,0,84.79,141.17,123.19,79.99,101.85,141.17,139.0,105.0,132.0,9.06,Low Risk
2.1,1,1,87.94,140.75,126.57,81.49,95.68,140.75,139.0,107.0,130.0,9.7,Low Risk
2.1,1,2,83.77,139.87,125.23,81.72,102.27,139.87,137.0,106.0,130.0,11.36,Low Risk
2.1,2,0,88.1,129.94,115.5,79.2,82.12,129.94,129.0,110.0,131.0,19.95,Low Risk
2.1,2,1,88.38,135.73,117.02,77.71,88.96,135.73,134.0,108.0,133.0,14.59,Low Risk
2.1,2,2,83.65,133.06,117.3,79.98,94.69,133.06,132.0,107.0,131.0,16.31,Low Risk
2.1,5,0,79.4,125.03,108.28,78.55,93.07,125.03,124.0,108.0,132.0,24.33,Low Risk
2.1,5,1,78.12,126.76,116.79,83.38,97.84,126.76,126.0,109.0,128.0,22.91,Low Risk
2.1,5,2,74.83,126.13,105.76,77.66,103.73,126.13,124.0,106.0,134.0,24.17,Low Risk
2.1,10,0,78.65,118.24,103.78,78.61,85.37,118.24,119.0,110.0,132.0,29.61,Low Risk
2.1,10,1,80.45,118.68,104.89,78.74,82.14,118.68,119.0,111.0,131.0,29.85,Low Risk
2.1,10,2,69.89,122.87,102.62,78.1,109.96,122.87,120.0,105.0,133.0,28.04,Low Risk
2.1,15,0,78.32,110.44,95.29,75.43,74.16,110.44,111.0,113.0,133.0,38.09,Low Risk
2.1,15,1,75.52,114.04,98.64,77.57,86.13,114.04,114.0,111.0,133.0,34.73,Low Risk
2.1,15,2,78.34,108.8,100.71,81.57,71.39,108.8,110.0,115.0,129.0,39.67,Low Risk
2.1,30,0,72.15,107.02,87.38,72.7,83.09,107.02,108.0,111.0,135.0,40.72,Low Risk
2.1,30,1,73.63,100.39,93.74,82.09,67.97,100.39,102.0,116.0,129.0,47.63,Low Risk
2.1,30,2,67.65,107.8,91.44,77.35,94.97,107.8,107.0,110.0,133.0,41.45,Low Risk
2.1,45,0,74.02,103.59,86.46,72.22,72.78,103.59,105.0,113.0,134.0,43.98,Low Risk
2.1,45,1,69.0,107.94,90.15,75.87,92.01,107.94,107.0,110.0,133.0,41.45,Low Risk
2.1,45,2,69.36,103.41,83.84,72.35,83.98,103.41,104.0,111.0,136.0,44.73,Low Risk
2.1,60,0,70.6,96.48,88.6,80.42,68.41,96.48,98.0,116.0,130.0,51.46,Low Risk
2.1,60,1,69.82,108.92,83.05,69.76,91.55,108.92,108.0,108.0,138.0,40.64,Low Risk
2.1,60,2,69.12,107.15,89.92,75.98,90.5,107.15,107.0,110.0,134.0,41.48,Low Risk
2.1,90,0,65.89,99.27,83.42,75.34,85.73,99.27,100.0,112.0,133.0,48.67,Low Risk
2.1,90,1,68.83,96.5,83.15,75.11,73.12,96.5,98.0,115.0,132.0,51.2,Low Risk
2.1,90,2,63.19,99.0,84.77,77.64,92.25,99.0,99.0,111.0,132.0,49.5,Low Risk
2.1,120,0,66.33,91.63,84.42,80.99,70.42,91.63,93.0,117.0,129.0,56.6,Low Risk
2.1,120,1,68.1,94.3,80.61,73.91,70.83,94.3,96.0,115.0,133.0,53.16,Low Risk
2.1,120,2,62.51,93.4,79.84,76.4,84.34,93.4,94.0,113.0,132.0,54.74,Low Risk
2.1,180,0,69.4,91.73,80.75,74.83,62.08,91.73,93.0,117.0,131.0,56.52,Low Risk
2.1,180,1,64.1,94.4,78.41,73.76,81.84,94.4,95.0,113.0,134.0,53.8,Low Risk
2.1,180,2,68.33,92.05,74.12,66.94,65.69,92.05,94.0,115.0,135.0,55.19,Low Risk
2.1,240,0,60.7,90.17,73.34,72.46,83.33,90.17,91.0,112.0,134.0,57.59,Low Risk
2.1,240,1,66.08,90.37,84.21,81.93,68.53,90.37,92.0,117.0,128.0,57.63,Low Risk
2.1,240,2,59.64,92.37,73.7,72.48,90.37,92.37,92.0,111.0,135.0,56.52,Low Risk
2.1,300,0,62.73,90.79,68.81,66.13,78.81,90.79,91.0,112.0,137.0,57.78,Low Risk
2.1,300,1,64.92,96.07,74.42,68.77,82.69,96.07,96.0,111.0,137.0,52.71,Low Risk
2.1,300,2,64.99,93.44,75.29,70.47,77.64,93.44,94.0,113.0,135.0,54.83,Low Risk
2.1,360,0,61.96,82.43,76.68,81.12,63.33,82.43,84.0,118.0,129.0,65.58,Low Risk
2.1,360,1,63.36,86.22,75.14,75.04,67.6,86.22,88.0,117.0,132.0,61.39,Low Risk
2.1,360,2,61.95,87.67,76.57,76.63,74.81,87.67,88.0,115.0,131.0,61.01,Low Risk
2.1,480,0,58.92,90.72,69.01,69.13,89.39,90.72,90.0,111.0,136.0,58.56,Low Risk
2.1,480,1,60.94,93.34,76.58,74.07,88.52,93.34,93.0,112.0,134.0,55.61,Low Risk
2.1,480,2,63.22,84.75,71.61,71.29,64.78,84.75,86.0,117.0,133.0,63.36,Low Risk
2.2,0,0,92.22,151.11,131.73,79.68,99.38,151.11,148.0,104.0,132.0,0.0,Low Risk
2.2,0,1,91.91,150.36,127.67,77.92,99.13,150.36,147.0,103.0,134.0,2.45,Low Risk
2.2,0,2,90.45,153.74,127.89,77.32,104.98,153.74,149.0,101.0,135.0,4.36,Low Risk
2.2,1,0,86.18,137.08,121.71,80.49,94.69,137.08,136.0,107.0,131.0,12.41,Low Risk
2.2,1,1,85.58,143.98,122.9,78.73,103.42,143.98,140.0,104.0,133.0,8.06,Low Risk
2.2,1,2,82.81,141.56,119.06,78.07,105.82,141.56,138.0,103.0,134.0,10.25,Low Risk
2.2,2,0,82.24,134.43,114.29,77.99,98.99,134.43,132.0,106.0,133.0,16.16,Low Risk
2.2,2,1,86.65,131.16,113.91,77.93,86.54,131.16,131.0,108.0,133.0,17.49,Low Risk
2.2,2,2,82.0,131.79,119.06,81.87,96.33,131.79,130.0,108.0,129.0,18.68,Low Risk
2.2,5,0,81.57,129.25,113.88,79.89,94.08,129.25,128.0,108.0,132.0,20.4,Low Risk
2.2,5,1,76.59,124.33,103.55,76.52,97.92,124.33,123.0,107.0,134.0,25.26,Low Risk
2.2,5,2,77.35,122.23,103.91,77.32,93.64,122.23,121.0,108.0,133.0,27.31,Low Risk
2.2,10,0,73.19,116.42,96.69,75.88,94.68,116.42,116.0,108.0,134.0,32.31,Low Risk
2.2,10,1,78.87,114.1,108.77,84.99,78.72,114.1,115.0,114.0,127.0,34.84,Low Risk
2.2,10,2,74.99,117.07,96.46,74.88,91.64,117.07,117.0,108.0,135.0,31.4,Low Risk
2.2,15,0,79.58,116.1,97.43,74.24,80.21,116.1,116.0,111.0,134.0,32.82,Low Risk
2.2,15,1,70.43,113.38,93.17,75.46,96.6,113.38,113.0,108.0,134.0,35.28,Low Risk
2.2,15,2,78.85,115.17,96.82,74.43,80.41,115.17,116.0,110.0,134.0,32.62,Low Risk
2.2,30,0,64.14,103.2,92.48,81.32,96.53,103.2,103.0,111.0,130.0,45.59,Low Risk
2.2,30,1,75.08,109.48,85.65,68.83,80.12,109.48,109.0,110.0,138.0,39.91,Low Risk
2.2,30,2,72.35,109.2,85.45,70.27,86.05,109.2,109.0,109.0,137.0,39.64,Low Risk
2.2,45,0,69.78,103.4,86.21,74.24,82.91,103.4,104.0,112.0,134.0,44.77,Low Risk
2.2,45,1,64.25,101.6,86.13,77.14,93.75,101.6,101.0,111.0,132.0,47.52,Low Risk
2.2,45,2,69.36,100.89,85.78,75.2,79.68,100.89,101.0,113.0,133.0,47.86,Low Risk
2.2,60,0,68.59,101.51,83.97,73.61,82.7,101.51,102.0,112.0,134.0,46.73,Low Risk
2.2,60,1,67.48,100.46,79.12,70.2,83.71,100.46,101.0,111.0,136.0,47.69,Low Risk
2.2,60,2,70.14,100.18,85.01,74.43,76.47,100.18,101.0,113.0,133.0,47.86,Low Risk
2.2,90,0,70.13,91.13,76.0,68.02,58.77,91.13,93.0,116.0,134.0,56.33,Low Risk
2.2,90,1,68.07,96.97,82.44,74.5,76.0,96.97,97.0,115.0,133.0,52.18,Low Risk
2.2,90,2,65.86,98.98,84.72,76.66,85.33,98.98,99.0,113.0,132.0,49.82,Low Risk
2.2,120,0,67.72,94.07,73.62,66.35,71.43,94.07,95.0,114.0,137.0,54.17,Low Risk
2.2,120,1,68.57,98.52,81.88,72.92,77.51,98.52,99.0,113.0,134.0,49.86,Low Risk
2.2,120,2,63.63,96.87,82.53,76.63,87.51,96.87,97.0,112.0,132.0,51.62,Low Risk
2.2,180,0,69.64,89.39,76.64,70.24,56.33,89.39,91.0,117.0,133.0,58.47,Low Risk
2.2,180,1,67.21,92.19,73.96,67.74,69.1,92.19,93.0,114.0,136.0,56.04,Low Risk
2.2,180,2,66.21,93.75,77.58,71.98,74.91,93.75,94.0,114.0,134.0,54.95,Low Risk
2.2,240,0,64.76,89.34,80.0,78.16,70.18,89.34,91.0,116.0,131.0,58.26,Low Risk
2.2,240,1,61.4,88.36,75.59,75.38,77.82,88.36,89.0,114.0,132.0,59.84,Low Risk
2.2,240,2,66.73,85.63,71.63,67.4,56.27,85.63,87.0,117.0,134.0,62.4,Low Risk
2.2,300,0,57.34,88.82,70.9,72.52,90.37,88.82,88.0,112.0,135.0,60.61,Low Risk
2.2,300,1,62.3,90.7,72.34,70.21,79.85,90.7,91.0,113.0,135.0,57.78,Low Risk
2.2,300,2,64.15,87.82,76.28,74.95,68.74,87.82,89.0,116.0,132.0,60.21,Low Risk
2.2,360,0,64.37,85.54,72.73,71.45,63.09,85.54,87.0,117.0,133.0,62.38,Low Risk
2.2,360,1,66.08,88.79,69.04,63.56,65.23,88.79,90.0,115.0,137.0,59.25,Low Risk
2.2,360,2,64.91,84.36,77.47,78.93,58.78,84.36,87.0,118.0,130.0,62.62,Low Risk
2.2,480,0,65.25,86.81,72.16,69.22,63.32,86.81,88.0,117.0,134.0,61.42,Low Risk
2.2,480,1,61.55,87.98,70.57,69.85,76.59,87.98,88.0,114.0,135.0,60.9,Low Risk
2.2,480,2,62.89,88.56,70.0,67.93,73.91,88.56,89.0,114.0,135.0,59.92,Low Risk
2.3,0,0,90.15,147.42,128.81,79.8,99.06,147.42,145.0,105.0,132.0,3.16,Low Risk
2.3,0,1,86.51,153.19,137.43,82.45,110.99,153.19,149.0,103.0,130.0,2.45,Low Risk
2.3,0,2,96.28,146.12,134.17,82.35,86.99,146.12,145.0,108.0,129.0,5.83,Low Risk
2.3,1,0,90.79,137.69,121.23,79.03,86.85,137.69,136.0,108.0,131.0,12.69,Low Risk
2.3,1,1,80.5,139.86,117.74,78.38,108.22,139.86,136.0,103.0,134.0,12.21,Low Risk
2.3,1,2,87.13,134.37,122.56,82.04,89.66,134.37,134.0,109.0,129.0,15.17,Low Risk
2.3,2,0,86.72,130.42,111.69,76.71,85.45,130.42,130.0,108.0,133.0,18.47,Low Risk
2.3,2,1,77.18,131.97,113.36,79.36,105.88,131.97,129.0,106.0,132.0,19.1,Low Risk
2.3,2,2,78.99,134.13,113.75,78.47,104.83,134.13,132.0,104.0,134.0,16.12,Low Risk
2.3,5,0,75.98,121.43,109.35,81.57,95.44,121.43,121.0,109.0,130.0,27.53,Low Risk
2.3,5,1,81.02,122.71,107.99,78.97,86.63,122.71,122.0,110.0,132.0,26.68,Low Risk
2.3,5,2,75.73,123.19,106.57,79.05,98.25,123.19,122.0,107.0,132.0,26.17,Low Risk
2.3,10,0,74.38,116.93,96.87,75.43,92.8,116.93,116.0,108.0,134.0,32.31,Low Risk
2.3,10,1,77.32,117.28,90.46,69.47,86.9,117.28,117.0,108.0,138.0,31.83,Low Risk
2.3,10,2,79.36,106.48,97.36,79.46,64.96,106.48,109.0,116.0,130.0,40.85,Low Risk
2.3,15,0,76.94,110.47,90.91,72.1,77.41,110.47,111.0,111.0,135.0,37.78,Low Risk
2.3,15,1,70.58,114.51,89.55,72.55,97.82,114.51,113.0,107.0,137.0,35.48,Low Risk
2.3,15,2,77.25,111.26,91.73,72.37,77.95,111.26,112.0,111.0,135.0,36.8,Low Risk
2.3,30,0,69.03,101.66,91.68,80.38,81.83,101.66,102.0,114.0,130.0,47.12,Low Risk
2.3,30,1,72.98,99.55,87.87,76.39,68.06,99.55,101.0,115.0,132.0,48.27,Low Risk
2.3,30,2,68.19,108.59,85.03,72.1,94.86,108.59,108.0,108.0,137.0,40.51,Low Risk
2.3,45,0,73.94,100.99,82.24,68.83,68.31,100.99,102.0,114.0,135.0,47.17,Low Risk
2.3,45,1,67.09,98.68,81.9,73.65,81.63,98.68,99.0,112.0,134.0,49.69,Low Risk
2.3,45,2,69.41,97.4,79.19,70.09,73.29,97.4,98.0,113.0,135.0,50.89,Low Risk
2.3,60,0,66.87,93.25,81.22,75.89,72.14,93.25,95.0,115.0,132.0,54.13,Low Risk
2.3,60,1,65.28,96.05,89.48,83.13,81.67,96.05,98.0,115.0,128.0,51.35,Low Risk
2.3,60,2,68.18,99.4,78.15,69.19,80.08,99.4,100.0,112.0,137.0,48.92,Low Risk
2.3,90,0,64.57,96.08,77.42,71.83,83.63,96.08,97.0,112.0,135.0,51.71,Low Risk
2.3,90,1,69.26,91.83,79.63,73.38,62.68,91.83,93.0,117.0,132.0,56.52,Low Risk
2.3,90,2,64.78,95.93,78.57,72.87,82.82,95.93,96.0,113.0,134.0,52.81,Low Risk
2.3,120,0,64.74,92.58,76.29,72.05,76.69,92.58,93.0,114.0,134.0,55.94,Low Risk
2.3,120,1,67.0,94.0,78.23,72.07,73.24,94.0,95.0,114.0,134.0,53.97,Low Risk
2.3,120,2,64.26,95.68,77.79,72.51,83.74,95.68,96.0,112.0,135.0,52.7,Low Risk
2.3,180,0,63.33,90.76,80.95,78.83,77.08,90.76,92.0,115.0,131.0,57.08,Low Risk
2.3,180,1,60.22,92.75,70.18,68.8,89.43,92.75,92.0,111.0,137.0,56.66,Low Risk
2.3,180,2,64.9,95.17,77.33,71.92,81.11,95.17,96.0,112.0,135.0,52.7,Low Risk
2.3,240,0,63.89,86.87,74.2,73.05,67.46,86.87,88.0,117.0,132.0,61.39,Low Risk
2.3,240,1,62.62,86.19,73.24,73.1,69.74,86.19,88.0,116.0,133.0,61.2,Low Risk
2.3,240,2,63.97,86.25,71.69,70.0,65.86,86.25,88.0,116.0,134.0,61.22,Low Risk
2.3,300,0,58.66,88.32,74.44,75.54,85.66,88.32,89.0,113.0,133.0,59.69,Low Risk
2.3,300,1,63.43,90.05,73.07,70.47,75.37,90.05,91.0,114.0,135.0,57.95,Low Risk
2.3,300,2,63.91,88.06,72.53,70.32,69.93,88.06,89.0,115.0,134.0,60.05,Low Risk
2.3,360,0,60.64,92.69,70.43,68.78,88.18,92.69,92.0,111.0,137.0,56.66,Low Risk
2.3,360,1,60.23,87.35,72.54,73.21,79.17,87.35,88.0,114.0,134.0,60.86,Low Risk
2.3,360,2,58.02,89.42,71.5,72.48,89.55,89.42,89.0,113.0,135.0,59.76,Low Risk
2.3,480,0,58.14,87.96,72.12,73.66,86.45,87.96,88.0,113.0,133.0,60.68,Low Risk
2.3,480,1,57.68,89.72,72.22,73.21,91.08,89.72,89.0,112.0,134.0,59.57,Low Risk
2.3,480,2,61.44,89.16,70.72,69.66,79.28,89.16,90.0,113.0,136.0,58.83,Low Risk
2.4,0,0,91.92,149.02,133.75,81.52,97.71,149.02,147.0,105.0,130.0,2.45,Low Risk
2.4,0,1,93.43,151.04,129.63,78.41,97.27,151.04,148.0,104.0,134.0,2.0,Low Risk
2.4,0,2,92.39,150.79,128.0,77.86,98.76,150.79,147.0,104.0,134.0,2.24,Low Risk
2.4,1,0,81.89,140.27,112.67,75.4,106.13,140.27,137.0,102.0,137.0,12.25,Low Risk
2.4,1,1,86.92,137.14,124.4,81.93,93.38,137.14,136.0,108.0,130.0,12.81,Low Risk
2.4,1,2,84.82,140.55,119.29,78.12,101.11,140.55,138.0,104.0,133.0,10.05,Low Risk
2.4,2,0,83.66,134.27,113.06,76.99,96.12,134.27,132.0,106.0,134.0,16.25,Low Risk
2.4,2,1,86.31,129.08,115.33,79.91,84.5,129.08,129.0,110.0,131.0,19.95,Low Risk
2.4,2,2,86.09,134.04,120.19,80.88,91.23,134.04,133.0,108.0,130.0,15.65,Low Risk
2.4,5,0,76.46,117.95,102.21,78.18,89.7,117.95,117.0,110.0,132.0,31.58,Low Risk
2.4,5,1,80.73,123.58,105.5,76.91,88.42,123.58,123.0,109.0,133.0,25.51,Low Risk
2.4,5,2,75.38,124.39,101.52,75.58,100.47,124.39,123.0,106.0,135.0,25.26,Low Risk
2.4,10,0,78.71,123.0,99.19,73.46,91.81,123.0,122.0,107.0,136.0,26.48,Low Risk
2.4,10,1,76.99,112.95,92.66,72.67,81.19,112.95,113.0,110.0,135.0,35.64,Low Risk
2.4,10,2,73.43,111.15,93.75,75.74,86.54,111.15,111.0,110.0,134.0,37.54,Low Risk
2.4,15,0,78.44,110.96,95.26,75.1,74.73,110.96,111.0,113.0,133.0,38.09,Low Risk
2.4,15,1,72.34,109.62,97.01,79.41,86.71,109.62,110.0,112.0,131.0,38.85,Low Risk
2.4,15,2,73.17,111.73,93.53,75.42,87.99,111.73,111.0,110.0,134.0,37.54,Low Risk
2.4,30,0,69.11,99.09,81.85,72.34,77.13,99.09,100.0,113.0,135.0,48.93,Low Risk
2.4,30,1,69.36,103.48,83.93,72.41,84.08,103.48,104.0,111.0,136.0,44.73,Low Risk
2.4,30,2,70.04,103.47,81.32,69.73,82.39,103.47,104.0,111.0,137.0,44.83,Low Risk
2.4,45,0,65.71,100.86,85.55,76.5,88.86,100.86,101.0,112.0,133.0,47.69,Low Risk
2.4,45,1,65.0,100.11,87.45,78.74,89.44,100.11,101.0,112.0,131.0,47.69,Low Risk
2.4,45,2,70.79,99.35,82.98,72.4,73.31,99.35,100.0,113.0,134.0,48.88,Low Risk
2.4,60,0,65.45,98.59,82.7,75.19,85.72,98.59,99.0,112.0,133.0,49.66,Low Risk
2.4,60,1,69.23,97.59,84.57,75.81,74.11,97.59,99.0,115.0,132.0,50.22,Low Risk
2.4,60,2,67.62,99.54,84.73,75.65,81.78,99.54,100.0,113.0,133.0,48.85,Low Risk
2.4,90,0,63.44,88.52,83.74,83.81,72.26,88.52,90.0,117.0,128.0,59.57,Low Risk
2.4,90,1,66.62,88.8,76.96,73.58,63.7,88.8,90.0,117.0,132.0,59.44,Low Risk
2.4,90,2,68.17,93.11,77.57,70.92,68.31,93.11,95.0,115.0,134.0,54.17,Low Risk
2.4,120,0,69.06,88.65,74.71,68.27,56.33,88.65,90.0,118.0,134.0,59.7,Low Risk
2.4,120,1,65.5,92.96,78.6,73.9,75.34,92.96,93.0,114.0,133.0,55.91,Low Risk
2.4,120,2,67.6,92.38,78.57,72.88,68.42,92.38,94.0,115.0,133.0,55.12,Low Risk
2.4,180,0,62.78,89.13,74.79,73.26,75.39,89.13,90.0,114.0,134.0,58.89,Low Risk
2.4,180,1,64.2,91.26,76.13,72.82,75.6,91.26,92.0,115.0,134.0,57.11,Low Risk
2.4,180,2,63.69,86.51,74.67,74.02,67.28,86.51,88.0,117.0,132.0,61.39,Low Risk
2.4,240,0,62.61,87.63,79.34,79.61,72.82,87.63,89.0,117.0,129.0,60.49,Low Risk
2.4,240,1,61.12,88.32,75.92,75.9,78.53,88.32,89.0,114.0,132.0,59.84,Low Risk
2.4,240,2,62.98,94.07,71.58,67.92,84.26,94.07,94.0,111.0,137.0,54.68,Low Risk
2.4,300,0,63.02,83.26,70.37,70.49,61.98,83.26,85.0,118.0,133.0,64.54,Low Risk
2.4,300,1,62.8,88.2,72.38,70.92,73.43,88.2,89.0,114.0,134.0,59.87,Low Risk
2.4,300,2,65.83,85.37,70.43,66.68,58.38,85.37,87.0,117.0,134.0,62.4,Low Risk
2.4,360,0,69.66,85.75,68.25,57.26,52.03,85.75,88.0,118.0,136.0,61.74,Low Risk
2.4,360,1,59.47,81.74,73.22,78.09,69.47,81.74,83.0,118.0,130.0,66.52,Low Risk
2.4,360,2,60.46,84.95,70.22,71.56,73.51,84.95,85.0,116.0,133.0,64.14,Low Risk
2.4,480,0,62.99,80.38,65.65,64.24,55.16,80.38,82.0,118.0,135.0,67.54,Low Risk
2.4,480,1,61.47,84.72,69.88,70.46,69.98,84.72,85.0,116.0,134.0,64.16,Low Risk
2.4,480,2,58.37,84.95,66.65,68.96,79.79,84.95,85.0,113.0,136.0,63.77,Low Risk
2.5,0,0,90.44,148.17,135.9,83.16,99.36,148.17,146.0,106.0,129.0,4.12,Low Risk
2.5,0,1,93.9,152.81,135.74,80.85,98.31,152.81,149.0,105.0,131.0,1.73,Low Risk
2.5,0,2,100.44,145.87,129.78,78.94,79.42,145.87,145.0,109.0,132.0,5.83,Low Risk
2.5,1,0,84.24,135.54,116.8,78.6,96.52,135.54,134.0,106.0,133.0,14.18,Low Risk
2.5,1,1,85.18,134.44,121.04,81.38,93.43,134.44,133.0,108.0,130.0,15.65,Low Risk
2.5,1,2,86.24,139.53,121.56,79.44,97.4,139.53,137.0,106.0,132.0,11.18,Low Risk
2.5,2,0,84.81,130.24,120.16,82.88,88.95,130.24,130.0,110.0,128.0,19.39,Low Risk
2.5,2,1,83.7,125.77,110.79,78.87,85.3,125.77,125.0,110.0,132.0,23.77,Low Risk
2.5,2,2,77.78,131.41,113.43,79.5,104.08,131.41,129.0,106.0,132.0,19.1,Low Risk
2.5,5,0,76.89,127.13,105.92,76.91,100.77,127.13,126.0,105.0,135.0,22.23,Low Risk
2.5,5,1,80.47,118.3,101.28,76.07,81.54,118.3,119.0,111.0,133.0,29.85,Low Risk
2.5,5,2,78.4,121.61,98.7,73.68,90.6,121.61,120.0,108.0,136.0,28.57,Low Risk
2.5,10,0,74.16,113.29,96.36,76.59,88.09,113.29,113.0,110.0,133.0,35.52,Low Risk
2.5,10,1,72.26,111.63,96.47,78.01,89.94,111.63,111.0,111.0,132.0,37.66,Low Risk
2.5,10,2,74.97,115.07,100.25,78.47,88.86,115.07,115.0,110.0,132.0,33.54,Low Risk
2.5,15,0,71.81,107.51,94.26,78.43,84.67,107.51,108.0,112.0,131.0,40.8,Low Risk
2.5,15,1,74.53,107.58,95.32,78.44,78.34,107.58,108.0,113.0,131.0,41.01,Low Risk
2.5,15,2,75.63,112.75,98.28,77.87,83.95,112.75,113.0,111.0,132.0,35.69,Low Risk
2.5,30,0,66.92,101.98,86.55,76.37,87.68,101.98,102.0,112.0,132.0,46.69,Low Risk
2.5,30,1,69.22,100.0,82.06,72.12,78.48,100.0,100.0,113.0,134.0,48.88,Low Risk
2.5,30,2,69.79,99.64,86.78,76.64,76.38,99.64,101.0,114.0,132.0,48.05,Low Risk
2.5,45,0,65.44,94.94,83.79,78.22,79.24,94.94,95.0,115.0,131.0,54.14,Low Risk
2.5,45,1,68.27,99.98,89.64,79.78,80.87,99.98,101.0,114.0,130.0,48.09,Low Risk
2.5,45,2,68.65,99.69,79.85,70.43,79.41,99.69,100.0,112.0,136.0,48.83,Low Risk
2.5,60,0,62.82,100.52,78.03,71.7,95.62,100.52,100.0,109.0,136.0,48.43,Low Risk
2.5,60,1,63.55,95.65,80.53,75.44,85.57,95.65,96.0,113.0,133.0,52.78,Low Risk
2.5,60,2,63.98,94.85,84.48,79.48,83.0,94.85,95.0,114.0,130.0,53.97,Low Risk
2.5,90,0,62.77,88.33,80.6,80.48,73.77,88.33,90.0,116.0,129.0,59.3,Low Risk
2.5,90,1,66.67,90.65,73.03,67.58,67.46,90.65,92.0,115.0,135.0,57.15,Low Risk
2.5,90,2,62.96,92.35,81.27,78.26,81.15,92.35,93.0,114.0,131.0,55.91,Low Risk
2.5,120,0,61.09,90.09,77.8,76.85,82.09,90.09,91.0,114.0,132.0,57.87,Low Risk
2.5,120,1,57.06,93.45,72.22,72.1,99.3,93.45,93.0,110.0,136.0,55.47,Low Risk
2.5,120,2,65.2,91.09,79.02,75.6,72.48,91.09,93.0,115.0,132.0,56.09,Low Risk
2.5,180,0,64.55,80.37,70.78,71.41,50.2,80.37,83.0,119.0,132.0,66.71,Low Risk
2.5,180,1,63.31,86.92,74.57,73.89,69.26,86.92,88.0,117.0,132.0,61.39,Low Risk
2.5,180,2,65.27,89.33,72.49,68.62,68.69,89.33,90.0,115.0,135.0,59.11,Low Risk
2.5,240,0,56.5,84.25,72.64,77.01,84.01,84.25,85.0,114.0,132.0,63.79,Low Risk
2.5,240,1,58.76,87.51,74.11,75.59,83.78,87.51,88.0,114.0,132.0,60.83,Low Risk
2.5,240,2,62.42,76.43,67.55,70.61,46.76,76.43,79.0,121.0,131.0,71.07,Low Risk
2.5,300,0,67.06,82.6,64.15,54.96,56.94,82.6,85.0,118.0,136.0,64.66,Low Risk
2.5,300,1,65.11,84.28,73.42,72.6,58.0,84.28,86.0,118.0,132.0,63.56,Low Risk
2.5,300,2,62.23,85.61,71.19,71.1,69.64,85.61,86.0,116.0,133.0,63.16,Low Risk
2.5,360,0,62.99,89.98,72.01,69.63,76.48,89.98,90.0,114.0,135.0,58.93,Low Risk
2.5,360,1,56.16,84.49,72.52,76.9,85.5,84.49,85.0,114.0,132.0,63.79,Low Risk
2.5,360,2,64.51,81.87,72.59,73.56,54.07,81.87,84.0,119.0,131.0,65.74,Low Risk
2.5,480,0,62.94,89.23,65.33,62.38,75.15,89.23,90.0,112.0,139.0,58.97,Low Risk
2.5,480,1,58.63,80.6,66.11,69.83,69.5,80.6,82.0,116.0,134.0,67.11,Low Risk
2.5,480,2,57.48,73.23,66.28,76.33,54.83,73.23,75.0,120.0,130.0,74.76,Low Risk
2.6,0,0,93.11,149.52,137.81,83.31,96.21,149.52,147.0,107.0,129.0,4.36,Low Risk
2.6,0,1,92.04,154.87,132.78,79.01,103.46,154.87,151.0,103.0,133.0,3.32,Low Risk
2.6,0,2,94.48,151.84,136.11,81.32,96.33,151.84,149.0,106.0,130.0,3.0,Low Risk
2.6,1,0,86.03,139.1,120.69,79.15,97.29,139.1,137.0,106.0,133.0,11.22,Low Risk
2.6,1,1,85.0,138.83,126.29,82.55,98.87,138.83,137.0,107.0,129.0,11.79,Low Risk
2.6,1,2,85.05,138.87,123.36,80.9,98.82,138.87,137.0,107.0,130.0,11.58,Low Risk
2.6,2,0,86.1,130.7,106.0,72.98,87.02,130.7,129.0,107.0,137.0,19.87,Low Risk
2.6,2,1,84.23,124.01,117.56,84.66,81.79,124.01,125.0,112.0,127.0,24.86,Low Risk
2.6,2,2,83.19,133.66,110.44,75.77,96.3,133.66,131.0,106.0,135.0,17.38,Low Risk
2.6,5,0,73.19,120.9,103.26,78.48,100.63,120.9,119.0,108.0,132.0,29.27,Low Risk
2.6,5,1,76.37,120.37,111.67,83.6,93.21,120.37,120.0,110.0,128.0,28.91,Low Risk
2.6,5,2,80.35,123.26,105.9,77.43,88.78,123.26,123.0,109.0,133.0,25.51,Low Risk
2.6,10,0,78.61,111.53,89.77,69.78,75.27,111.53,112.0,111.0,136.0,36.89,Low Risk
2.6,10,1,73.61,114.54,93.03,73.82,91.13,114.54,114.0,109.0,135.0,34.5,Low Risk
2.6,10,2,73.64,110.02,100.44,81.64,84.32,110.02,111.0,112.0,129.0,37.97,Low Risk
2.6,15,0,74.38,109.6,93.67,76.01,81.95,109.6,110.0,111.0,133.0,38.65,Low Risk
2.6,15,1,72.02,108.24,88.25,73.04,85.33,108.24,108.0,110.0,135.0,40.56,Low Risk
2.6,15,2,65.57,108.1,92.78,78.75,100.32,108.1,108.0,109.0,132.0,40.31,Low Risk
2.6,30,0,72.54,105.33,90.0,75.55,79.4,105.33,106.0,112.0,133.0,42.77,Low Risk
2.6,30,1,65.91,99.56,86.73,78.13,86.18,99.56,100.0,113.0,131.0,48.85,Low Risk
2.6,30,2,76.5,105.06,88.65,72.36,69.31,105.06,107.0,113.0,134.0,42.02,Low Risk
2.6,45,0,66.03,94.23,84.19,78.88,76.31,94.23,96.0,115.0,130.0,53.19,Low Risk
2.6,45,1,63.89,96.16,81.48,75.93,85.57,96.16,97.0,112.0,133.0,51.63,Low Risk
2.6,45,2,71.97,95.82,74.51,62.84,63.45,95.82,97.0,114.0,137.0,52.21,Low Risk
2.6,60,0,67.57,92.3,79.65,74.24,68.32,92.3,94.0,115.0,132.0,55.11,Low Risk
2.6,60,1,65.8,93.57,81.89,76.96,75.7,93.57,95.0,115.0,132.0,54.13,Low Risk
2.6,60,2,61.46,92.84,81.58,78.79,86.2,92.84,93.0,114.0,131.0,55.91,Low Risk
2.6,90,0,62.72,86.3,78.5,79.63,69.69,86.3,88.0,117.0,130.0,61.42,Low Risk
2.6,90,1,67.93,90.99,70.61,63.14,64.64,90.99,92.0,115.0,137.0,57.29,Low Risk
2.6,90,2,66.68,86.15,77.42,76.13,57.63,86.15,88.0,118.0,131.0,61.62,Low Risk
2.6,120,0,60.9,85.48,73.16,74.54,73.32,85.48,86.0,115.0,132.0,62.97,Low Risk
2.6,120,1,63.02,87.03,76.25,76.11,70.36,87.03,89.0,116.0,132.0,60.21,Low Risk
2.6,120,2,62.23,91.9,75.33,72.84,82.34,91.9,92.0,113.0,134.0,56.75,Low Risk
2.6,180,0,60.17,83.53,66.91,68.28,71.3,83.53,84.0,115.0,135.0,65.01,Low Risk
2.6,180,1,63.14,85.06,64.74,61.85,65.72,85.06,86.0,115.0,137.0,63.17,Low Risk
2.6,180,2,60.66,83.42,76.58,80.54,69.58,83.42,85.0,118.0,129.0,64.61,Low Risk
2.6,240,0,56.3,79.93,73.45,81.32,75.39,79.93,81.0,118.0,129.0,68.51,Low Risk
2.6,240,1,65.48,82.02,68.22,64.62,51.42,82.02,84.0,118.0,134.0,65.54,Low Risk
2.6,240,2,63.26,77.27,64.54,62.39,46.25,77.27,80.0,120.0,134.0,69.89,Low Risk
2.6,300,0,59.93,87.53,67.54,67.89,80.39,87.53,87.0,113.0,136.0,61.79,Low Risk
2.6,300,1,61.08,86.28,75.17,76.34,74.48,86.28,87.0,116.0,131.0,62.18,Low Risk
2.6,300,2,59.05,82.83,74.31,78.82,73.21,82.83,84.0,117.0,130.0,65.34,Low Risk
2.6,360,0,55.72,84.88,64.79,68.95,87.62,84.88,84.0,112.0,136.0,64.62,Low Risk
2.6,360,1,60.59,81.07,64.97,66.05,64.42,81.07,82.0,116.0,135.0,67.15,Low Risk
2.6,360,2,57.33,82.63,70.83,75.59,78.06,82.63,83.0,115.0,132.0,65.92,Low Risk
2.6,480,0,59.15,80.4,68.06,72.18,67.37,80.4,82.0,117.0,132.0,67.27,Low Risk
2.6,480,1,56.63,82.4,68.81,73.76,79.76,82.4,83.0,115.0,133.0,65.93,Low Risk
2.6,480,2,67.35,79.06,64.97,54.63,45.42,79.06,82.0,120.0,135.0,67.98,Low Risk
2.7,0,0,94.31,153.46,130.39,77.87,98.29,153.46,150.0,103.0,134.0,3.0,Low Risk
2.7,0,1,90.79,152.62,129.52,78.35,103.31,152.62,149.0,103.0,134.0,2.45,Low Risk
2.7,0,2,90.77,151.27,134.99,81.47,101.99,151.27,148.0,104.0,131.0,1.0,Low Risk
2.7,1,0,83.83,131.61,113.4,78.13,92.57,131.61,130.0,107.0,133.0,18.28,Low Risk
2.7,1,1,81.87,133.2,118.68,81.06,98.27,133.2,132.0,107.0,131.0,16.31,Low Risk
2.7,1,2,82.08,135.03,116.83,79.24,99.99,135.03,133.0,106.0,133.0,15.17,Low Risk
2.7,2,0,81.04,133.94,114.49,78.53,100.71,133.94,131.0,106.0,133.0,17.15,Low Risk
2.7,2,1,82.41,128.59,111.21,78.27,91.58,128.59,128.0,108.0,132.0,20.4,Low Risk
2.7,2,2,83.35,131.73,109.79,75.97,93.66,131.73,130.0,107.0,135.0,18.49,Low Risk
2.7,5,0,77.51,113.05,103.11,81.15,80.17,113.05,114.0,113.0,129.0,35.3,Low Risk
2.7,5,1,79.69,118.31,107.92,81.48,83.24,118.31,119.0,112.0,130.0,30.15,Low Risk
2.7,5,2,74.76,119.8,102.36,77.95,95.88,119.8,119.0,109.0,132.0,29.43,Low Risk
2.7,10,0,73.35,110.63,95.21,77.16,85.92,110.63,111.0,111.0,132.0,37.66,Low Risk
2.7,10,1,76.2,115.1,94.88,73.99,86.19,115.1,115.0,109.0,135.0,33.51,Low Risk
2.7,10,2,76.1,108.87,97.19,78.87,76.75,108.87,110.0,114.0,130.0,39.34,Low Risk
2.7,15,0,69.29,109.72,97.33,80.36,93.95,109.72,109.0,111.0,130.0,39.67,Low Risk
2.7,15,1,71.21,99.87,89.05,78.24,73.17,99.87,101.0,115.0,130.0,48.31,Low Risk
2.7,15,2,75.27,108.1,91.44,74.36,77.44,108.1,109.0,112.0,134.0,39.86,Low Risk
2.7,30,0,71.34,100.79,87.75,76.29,74.49,100.79,102.0,115.0,132.0,47.3,Low Risk
2.7,30,1,71.08,103.9,85.18,72.48,80.55,103.9,104.0,112.0,135.0,44.82,Low Risk
2.7,30,2,71.03,98.41,82.29,71.94,70.94,98.41,100.0,114.0,134.0,49.07,Low Risk
2.7,45,0,71.71,96.21,83.02,73.44,64.94,96.21,98.0,115.0,133.0,51.21,Low Risk
2.7,45,1,66.96,93.81,80.64,74.87,72.97,93.81,95.0,115.0,132.0,54.13,Low Risk
2.7,45,2,70.9,97.23,75.47,64.85,69.05,97.23,98.0,113.0,137.0,51.05,Low Risk
2.7,60,0,64.8,98.42,77.65,71.07,87.09,98.42,98.0,111.0,136.0,50.65,Low Risk
2.7,60,1,60.05,98.75,80.34,75.31,99.94,98.75,98.0,110.0,134.0,50.4,Low Risk
2.7,60,2,65.24,91.95,81.54,77.87,74.09,91.95,93.0,116.0,130.0,56.33,Low Risk
2.7,90,0,62.32,93.24,76.88,73.72,84.56,93.24,94.0,112.0,134.0,54.63,Low Risk
2.7,90,1,64.68,90.23,74.73,71.4,72.2,90.23,91.0,115.0,134.0,58.09,Low Risk
2.7,90,2,67.08,87.2,70.39,64.57,58.82,87.2,89.0,117.0,135.0,60.49,Low Risk
2.7,120,0,64.8,89.53,74.69,71.6,70.43,89.53,90.0,115.0,134.0,59.07,Low Risk
2.7,120,1,64.18,86.67,75.62,74.84,66.17,86.67,88.0,117.0,132.0,61.39,Low Risk
2.7,120,2,62.82,86.17,72.32,71.8,69.1,86.17,87.0,116.0,133.0,62.18,Low Risk
2.7,180,0,67.72,79.6,72.13,70.74,38.05,79.6,83.0,122.0,131.0,67.45,Low Risk
2.7,180,1,56.62,84.48,69.33,73.28,84.09,84.48,85.0,114.0,133.0,63.8,Low Risk
2.7,180,2,55.41,85.97,69.49,73.41,90.66,85.97,85.0,113.0,134.0,63.67,Low Risk
2.7,240,0,54.51,85.46,73.21,77.69,92.36,85.46,85.0,114.0,131.0,63.8,Low Risk
2.7,240,1,65.28,84.02,69.05,65.66,56.89,84.02,86.0,117.0,135.0,63.42,Low Risk
2.7,240,2,64.79,87.99,72.31,69.33,67.23,87.99,89.0,116.0,134.0,60.24,Low Risk
2.7,300,0,57.36,82.19,68.96,73.61,77.03,82.19,83.0,115.0,133.0,65.93,Low Risk
2.7,300,1,54.75,82.99,74.46,80.49,86.76,82.99,83.0,116.0,129.0,66.17,Low Risk
2.7,300,2,62.1,86.0,68.19,67.27,70.86,86.0,87.0,115.0,135.0,62.06,Low Risk
2.7,360,0,59.48,81.66,64.21,66.03,69.28,81.66,82.0,115.0,135.0,66.98,Low Risk
2.7,360,1,56.8,84.32,70.77,74.81,83.21,84.32,85.0,114.0,133.0,63.8,Low Risk
2.7,360,2,56.72,83.42,66.4,70.48,81.61,83.42,83.0,114.0,135.0,65.83,Low Risk
2.7,480,0,59.98,80.3,68.16,71.67,64.52,80.3,82.0,117.0,132.0,67.27,Low Risk
2.7,480,1,59.21,83.15,66.11,68.26,73.42,83.15,84.0,115.0,135.0,65.01,Low Risk
2.7,480,2,60.84,76.42,71.65,80.37,52.0,76.42,79.0,121.0,129.0,71.13,Low Risk
2.8,0,0,93.41,153.14,127.18,76.53,99.46,153.14,150.0,102.0,136.0,4.9,Low Risk
2.8,0,1,89.53,154.71,132.86,79.5,107.43,154.71,150.0,102.0,133.0,3.0,Low Risk
2.8,0,2,86.26,154.11,130.37,79.06,112.28,154.11,150.0,101.0,134.0,4.12,Low Risk
2.8,1,0,89.66,136.4,119.32,78.6,87.37,136.4,135.0,108.0,132.0,13.6,Low Risk
2.8,1,1,88.97,133.97,115.73,77.41,85.66,133.97,132.0,109.0,133.0,16.79,Low Risk
2.8,1,2,84.84,139.15,114.72,76.08,99.52,139.15,137.0,104.0,136.0,11.7,Low Risk
2.8,2,0,77.05,131.76,110.07,77.67,105.89,131.76,129.0,105.0,134.0,19.13,Low Risk
2.8,2,1,80.87,123.72,109.84,79.83,88.31,123.72,123.0,110.0,131.0,25.73,Low Risk
2.8,2,2,82.03,132.08,109.56,76.08,96.64,132.08,131.0,106.0,135.0,17.38,Low Risk
2.8,5,0,81.94,116.14,99.54,75.02,75.1,116.14,117.0,111.0,133.0,31.8,Low Risk
2.8,5,1,81.58,118.83,99.93,74.37,79.94,118.83,119.0,111.0,134.0,29.9,Low Risk
2.8,5,2,76.5,122.26,105.99,78.89,95.44,122.26,121.0,108.0,132.0,27.29,Low Risk
2.8,10,0,70.7,109.74,94.13,77.58,90.72,109.74,109.0,111.0,132.0,39.62,Low Risk
2.8,10,1,70.19,109.7,93.88,77.56,91.84,109.7,109.0,110.0,133.0,39.47,Low Risk
2.8,10,2,76.57,113.49,92.87,72.85,82.96,113.49,113.0,110.0,136.0,35.74,Low Risk
2.8,15,0,70.4,107.26,87.85,73.79,87.64,107.26,107.0,110.0,135.0,41.55,Low Risk
2.8,15,1,72.81,105.01,86.7,72.54,78.2,105.01,106.0,112.0,135.0,42.86,Low Risk
2.8,15,2,68.17,109.61,89.14,74.76,96.41,109.61,109.0,109.0,135.0,39.43,Low Risk
2.8,30,0,72.67,96.54,83.81,73.6,63.06,96.54,98.0,116.0,133.0,51.43,Low Risk
2.8,30,1,74.92,94.91,77.25,63.13,53.7,94.91,97.0,116.0,135.0,52.48,Low Risk
2.8,30,2,71.61,95.6,82.88,73.68,64.0,95.6,97.0,116.0,132.0,52.39,Low Risk
2.8,45,0,64.25,95.1,76.57,71.59,82.71,95.1,96.0,112.0,135.0,52.7,Low Risk
2.8,45,1,65.47,95.64,76.4,70.48,80.45,95.64,96.0,112.0,135.0,52.7,Low Risk
2.8,45,2,63.91,93.25,75.14,71.09,80.24,93.25,94.0,113.0,135.0,54.83,Low Risk
2.8,60,0,63.59,92.14,75.91,72.53,79.01,92.14,93.0,113.0,134.0,55.77,Low Risk
2.8,60,1,64.05,91.73,75.14,71.62,76.95,91.73,92.0,114.0,134.0,56.92,Low Risk
2.8,60,2,66.93,96.09,75.71,68.65,77.38,96.09,97.0,112.0,136.0,51.78,Low Risk
2.8,90,0,64.81,87.79,75.16,73.1,66.74,87.79,89.0,117.0,132.0,60.42,Low Risk
2.8,90,1,68.06,90.03,68.75,60.6,62.25,90.03,92.0,115.0,138.0,57.38,Low Risk
2.8,90,2,64.72,92.21,73.4,69.09,76.02,92.21,93.0,113.0,136.0,55.87,Low Risk
2.8,120,0,65.36,84.28,67.61,63.22,57.26,84.28,86.0,117.0,136.0,63.47,Low Risk
2.8,120,1,62.79,81.08,71.35,73.62,57.52,81.08,83.0,118.0,131.0,66.5,Low Risk
2.8,120,2,66.23,80.62,68.23,63.81,45.52,80.62,83.0,120.0,133.0,66.95,Low Risk
2.8,180,0,57.99,83.35,68.36,71.87,77.6,83.35,84.0,115.0,134.0,64.97,Low Risk
2.8,180,1,65.28,86.4,70.95,67.67,62.35,86.4,88.0,116.0,135.0,61.26,Low Risk
2.8,180,2,61.52,84.72,66.87,66.55,69.84,84.72,85.0,115.0,136.0,64.08,Low Risk
2.8,240,0,62.81,78.36,70.26,73.95,50.61,78.36,81.0,120.0,131.0,68.89,Low Risk
2.8,240,1,63.79,82.33,67.22,65.18,57.41,82.33,84.0,117.0,134.0,65.34,Low Risk
2.8,240,2,61.44,73.11,68.66,78.12,40.72,73.11,76.0,122.0,129.0,74.28,Low Risk
2.8,300,0,59.28,80.2,68.62,72.99,66.51,80.2,82.0,117.0,132.0,67.27,Low Risk
2.8,300,1,59.39,76.93,66.08,71.04,58.12,76.93,78.0,119.0,132.0,71.59,Low Risk
2.8,300,2,59.82,80.69,66.99,69.91,65.96,80.69,82.0,116.0,134.0,67.11,Low Risk
2.8,360,0,62.25,76.04,66.05,67.89,46.23,76.04,79.0,120.0,132.0,70.83,Low Risk
2.8,360,1,63.01,74.09,66.06,67.89,38.16,74.09,77.0,122.0,131.0,73.25,Low Risk
2.8,360,2,57.38,78.18,62.81,67.45,67.85,78.18,79.0,116.0,135.0,70.1,Low Risk
2.8,480,0,57.91,83.25,60.27,62.45,77.62,83.25,83.0,113.0,138.0,65.89,Low Risk
2.8,480,1,54.91,73.82,69.25,82.29,65.33,73.82,75.0,120.0,128.0,74.84,Low Risk
2.8,480,2,57.03,77.64,62.86,68.1,67.71,77.64,78.0,116.0,134.0,71.05,Low Risk
2.9,0,0,89.17,150.29,139.37,84.17,103.71,150.29,148.0,106.0,128.0,4.47,Low Risk
2.9,0,1,96.18,148.44,133.94,81.22,89.78,148.44,147.0,107.0,130.0,3.74,Low Risk
2.9,0,2,89.51,145.67,135.06,83.86,98.32,145.67,143.0,107.0,127.0,7.68,Low Risk
2.9,1,0,88.69,139.33,116.86,76.26,92.68,139.33,137.0,105.0,135.0,11.45,Low Risk
2.9,1,1,84.71,138.44,119.45,78.95,98.97,138.44,136.0,106.0,133.0,12.21,Low Risk
2.9,1,2,84.03,131.34,118.61,81.48,91.84,131.34,131.0,109.0,130.0,17.83,Low Risk
2.9,2,0,84.98,125.02,113.16,80.67,81.68,125.02,126.0,111.0,130.0,23.17,Low Risk
2.9,2,1,82.73,130.87,113.86,78.96,93.79,130.87,129.0,108.0,132.0,19.42,Low Risk
2.9,2,2,79.66,123.76,109.65,79.95,90.88,123.76,123.0,110.0,131.0,25.73,Low Risk
2.9,5,0,79.2,115.64,98.64,75.58,80.34,115.64,116.0,111.0,133.0,32.77,Low Risk
2.9,5,1,71.07,122.52,103.2,78.3,107.08,122.52,121.0,106.0,133.0,27.09,Low Risk
2.9,5,2,78.85,120.16,102.45,76.71,87.68,120.16,120.0,109.0,133.0,28.46,Low Risk
2.9,10,0,71.92,108.29,91.57,75.79,85.65,108.29,109.0,111.0,133.0,39.64,Low Risk
2.9,10,1,80.55,110.45,91.46,70.56,69.02,110.45,112.0,113.0,135.0,37.23,Low Risk
2.9,10,2,74.04,105.74,97.37,81.62,76.44,105.74,107.0,115.0,129.0,42.56,Low Risk
2.9,15,0,68.53,105.63,91.74,78.33,89.55,105.63,105.0,112.0,132.0,43.74,Low Risk
2.9,15,1,71.67,104.41,88.57,75.07,79.96,104.41,105.0,113.0,133.0,43.94,Low Risk
2.9,15,2,70.34,102.39,87.19,75.35,79.81,102.39,103.0,113.0,133.0,45.9,Low Risk
2.9,30,0,71.63,96.54,79.46,69.04,65.8,96.54,98.0,115.0,135.0,51.28,Low Risk
2.9,30,1,65.64,100.17,83.84,75.39,87.9,100.17,101.0,111.0,134.0,47.56,Low Risk
2.9,30,2,68.87,96.09,83.53,75.74,72.24,96.09,98.0,115.0,132.0,51.2,Low Risk
2.9,45,0,63.51,92.28,81.19,78.0,79.49,92.28,93.0,114.0,131.0,55.91,Low Risk
2.9,45,1,68.07,90.11,75.72,70.02,62.39,90.11,92.0,116.0,134.0,57.31,Low Risk
2.9,45,2,65.77,98.24,72.54,65.88,84.28,98.24,98.0,110.0,139.0,50.84,Low Risk
2.9,60,0,65.13,86.42,74.05,72.17,62.83,86.42,88.0,117.0,132.0,61.39,Low Risk
2.9,60,1,63.2,89.29,74.35,72.42,74.5,89.29,90.0,115.0,134.0,59.07,Low Risk
2.9,60,2,64.31,88.94,71.57,68.45,70.61,88.94,89.0,115.0,135.0,60.09,Low Risk
2.9,90,0,65.13,89.53,75.45,72.28,69.5,89.53,91.0,116.0,133.0,58.26,Low Risk
2.9,90,1,58.17,88.17,74.95,76.35,86.76,88.17,89.0,113.0,133.0,59.69,Low Risk
2.9,90,2,59.7,87.3,72.57,73.58,80.62,87.3,88.0,114.0,133.0,60.84,Low Risk
2.9,120,0,67.33,90.9,65.94,58.0,70.03,90.9,91.0,114.0,140.0,58.42,Low Risk
2.9,120,1,69.29,82.38,73.87,70.11,40.52,82.38,86.0,121.0,132.0,64.29,Low Risk
2.9,120,2,64.72,82.14,72.41,72.84,54.08,82.14,85.0,118.0,132.0,64.54,Low Risk
2.9,180,0,60.2,83.99,69.03,70.74,72.22,83.99,84.0,116.0,133.0,65.12,Low Risk
2.9,180,1,64.12,82.56,67.84,65.68,56.96,82.56,84.0,117.0,135.0,65.38,Low Risk
2.9,180,2,63.82,84.07,70.53,69.56,61.44,84.07,86.0,117.0,134.0,63.38,Low Risk
2.9,240,0,57.7,77.37,64.94,70.65,64.84,77.37,78.0,117.0,133.0,71.2,Low Risk
2.9,240,1,57.83,82.86,69.57,73.66,77.04,82.86,83.0,116.0,133.0,66.11,Low Risk
2.9,240,2,59.22,84.8,70.75,73.11,76.9,84.8,85.0,115.0,133.0,63.96,Low Risk
2.9,300,0,59.81,76.7,70.13,77.9,56.17,76.7,78.0,120.0,129.0,71.87,Low Risk
2.9,300,1,58.9,79.55,64.39,67.6,66.21,79.55,80.0,116.0,134.0,69.08,Low Risk
2.9,300,2,56.41,74.76,67.31,77.38,62.61,74.76,76.0,119.0,130.0,73.57,Low Risk
2.9,360,0,56.25,87.31,61.19,64.41,90.71,87.31,87.0,110.0,140.0,61.81,Low Risk
2.9,360,1,54.83,79.66,69.03,76.73,79.49,79.66,80.0,116.0,131.0,69.06,Low Risk
2.9,360,2,58.8,79.85,58.91,59.83,67.23,79.85,80.0,115.0,138.0,69.14,Low Risk
2.9,480,0,55.86,73.36,57.32,62.16,60.84,73.36,74.0,117.0,135.0,75.19,Low Risk
2.9,480,1,58.24,69.85,59.04,61.72,42.38,69.85,71.0,122.0,133.0,79.08,Low Risk
2.9,480,2,56.28,74.09,64.2,72.93,61.29,74.09,76.0,119.0,132.0,73.55,Low Risk
3.0,0,0,92.92,153.68,134.26,79.96,100.83,153.68,150.0,104.0,132.0,2.0,Low Risk
3.0,0,1,95.42,150.99,132.91,79.79,93.85,150.99,148.0,106.0,132.0,2.0,Low Risk
3.0,0,2,93.53,151.42,130.81,78.88,97.49,151.42,148.0,104.0,133.0,1.0,Low Risk
3.0,1,0,84.0,133.27,119.1,80.92,94.27,133.27,132.0,108.0,130.0,16.61,Low Risk
3.0,1,1,84.72,133.74,115.85,78.62,93.47,133.74,132.0,107.0,132.0,16.28,Low Risk
3.0,1,2,81.37,138.66,118.08,78.78,105.36,138.66,136.0,104.0,133.0,12.04,Low Risk
3.0,2,0,78.84,130.37,108.94,77.09,100.78,130.37,128.0,105.0,134.0,20.12,Low Risk
3.0,2,1,77.21,131.01,109.01,77.3,104.71,131.01,129.0,105.0,134.0,19.13,Low Risk
3.0,2,2,80.21,128.07,114.05,80.76,95.3,128.07,127.0,108.0,130.0,21.47,Low Risk
3.0,5,0,76.17,112.74,101.5,80.33,82.71,112.74,113.0,113.0,130.0,36.19,Low Risk
3.0,5,1,74.66,122.0,99.86,75.55,98.95,122.0,121.0,106.0,136.0,27.37,Low Risk
3.0,5,2,69.41,117.41,105.7,82.22,104.25,117.41,116.0,109.0,130.0,32.45,Low Risk
3.0,10,0,76.89,113.21,88.81,69.46,81.81,113.21,113.0,109.0,138.0,35.86,Low Risk
3.0,10,1,74.9,105.55,92.54,76.84,74.05,105.55,106.0,114.0,132.0,43.17,Low Risk
3.0,10,2,68.34,105.78,89.84,76.8,90.25,105.78,105.0,111.0,133.0,43.58,Low Risk
3.0,15,0,72.7,105.4,88.33,73.93,79.13,105.4,106.0,112.0,134.0,42.8,Low Risk
3.0,15,1,65.95,102.07,85.26,75.62,90.23,102.07,102.0,111.0,133.0,46.54,Low Risk
3.0,15,2,72.61,106.53,90.67,75.55,81.2,106.53,107.0,112.0,133.0,41.79,Low Risk
3.0,30,0,64.38,87.47,75.42,73.93,67.3,87.47,89.0,117.0,132.0,60.42,Low Risk
3.0,30,1,70.91,94.48,78.47,69.23,63.61,94.48,96.0,115.0,134.0,53.19,Low Risk
3.0,30,2,71.58,99.48,80.79,69.52,71.53,99.48,101.0,113.0,136.0,48.02,Low Risk
3.0,45,0,64.01,91.47,77.86,74.71,76.53,91.47,92.0,114.0,133.0,56.89,Low Risk
3.0,45,1,69.7,93.13,79.35,71.96,64.17,93.13,95.0,116.0,133.0,54.35,Low Risk
3.0,45,2,68.4,88.35,79.44,76.17,57.58,88.35,91.0,118.0,131.0,58.7,Low Risk
3.0,60,0,62.86,81.8,68.46,68.49,59.05,81.8,83.0,117.0,133.0,66.29,Low Risk
3.0,60,1,60.69,90.94,75.19,73.96,84.83,90.94,91.0,113.0,133.0,57.71,Low Risk
3.0,60,2,64.3,95.2,71.04,66.17,82.78,95.2,95.0,111.0,138.0,53.8,Low Risk
3.0,90,0,62.16,87.0,69.61,68.61,72.79,87.0,87.0,115.0,135.0,62.06,Low Risk
3.0,90,1,62.33,81.28,76.05,81.26,59.45,81.28,84.0,119.0,129.0,65.8,Low Risk
3.0,90,2,60.2,92.18,71.72,70.41,88.46,92.18,92.0,111.0,136.0,56.58,Low Risk
3.0,120,0,64.35,83.79,69.74,67.94,59.15,83.79,85.0,118.0,134.0,64.57,Low Risk
3.0,120,1,59.51,84.3,70.79,73.24,74.98,84.3,85.0,115.0,133.0,63.96,Low Risk
3.0,120,2,58.91,83.57,68.0,70.67,75.23,83.57,84.0,115.0,134.0,64.97,Low Risk
3.0,180,0,66.89,80.9,71.9,70.33,44.15,80.9,83.0,120.0,131.0,66.95,Low Risk
3.0,180,1,59.41,81.95,63.3,64.82,70.14,81.95,82.0,115.0,136.0,67.03,Low Risk
3.0,180,2,58.65,81.8,72.02,76.89,72.16,81.8,83.0,117.0,131.0,66.29,Low Risk
3.0,240,0,59.83,83.52,67.51,69.34,72.31,83.52,84.0,115.0,134.0,64.97,Low Risk
3.0,240,1,64.05,79.19,72.76,76.83,48.75,79.19,82.0,121.0,130.0,68.18,Low Risk
3.0,240,2,57.71,77.07,61.96,66.21,64.04,77.07,78.0,117.0,135.0,71.26,Low Risk
3.0,300,0,65.56,80.51,63.36,55.85,54.29,80.51,83.0,118.0,136.0,66.61,Low Risk
3.0,300,1,62.31,80.11,70.27,73.0,56.66,80.11,82.0,119.0,132.0,67.68,Low Risk
3.0,300,2,53.92,77.25,62.98,71.25,77.02,77.25,78.0,115.0,134.0,70.89,Low Risk
3.0,360,0,52.17,80.2,62.61,70.77,89.12,80.2,80.0,113.0,135.0,68.66,Low Risk
3.0,360,1,60.31,84.1,62.36,62.23,72.13,84.1,85.0,114.0,138.0,64.07,Low Risk
3.0,360,2,56.83,77.38,66.38,73.53,67.72,77.38,78.0,117.0,132.0,71.2,Low Risk
3.0,480,0,55.7,73.61,65.18,75.46,62.05,73.61,75.0,119.0,130.0,74.55,Low Risk
3.0,480,1,58.53,69.36,58.33,59.12,40.57,69.36,71.0,121.0,133.0,78.86,Low Risk
3.0,480,2,61.9,76.7,59.72,55.84,56.47,76.7,78.0,118.0,136.0,71.5,Low Risk
3.1,0,0,91.49,151.04,134.21,81.07,100.54,151.04,148.0,104.0,131.0,1.0,Low Risk
3.1,0,1,87.93,148.48,132.82,81.79,103.99,148.48,145.0,104.0,130.0,3.61,Low Risk
3.1,0,2,91.7,152.72,128.31,77.57,101.88,152.72,149.0,103.0,134.0,2.45,Low Risk
3.1,1,0,85.86,138.54,118.87,78.36,96.96,138.54,136.0,106.0,133.0,12.21,Low Risk
3.1,1,1,85.2,134.97,114.9,77.47,94.03,134.97,133.0,107.0,134.0,15.43,Low Risk
3.1,1,2,84.57,139.04,117.05,77.46,99.9,139.04,137.0,104.0,134.0,11.18,Low Risk
3.1,2,0,78.46,125.8,110.61,79.93,95.97,125.8,124.0,108.0,131.0,24.35,Low Risk
3.1,2,1,80.01,128.74,111.58,79.0,96.52,128.74,127.0,108.0,132.0,21.38,Low Risk
3.1,2,2,83.8,131.55,113.0,77.91,92.57,131.55,130.0,107.0,133.0,18.28,Low Risk
3.1,5,0,72.89,112.72,98.8,79.07,90.09,112.72,112.0,110.0,131.0,36.51,Low Risk
3.1,5,1,74.34,112.01,97.7,78.16,85.76,112.01,113.0,111.0,132.0,35.69,Low Risk
3.1,5,2,74.27,113.41,98.08,77.81,88.0,113.41,114.0,111.0,132.0,34.71,Low Risk
3.1,10,0,75.22,107.27,98.32,81.17,76.19,107.27,109.0,114.0,129.0,40.37,Low Risk
3.1,10,1,72.19,105.8,90.92,76.29,81.0,105.8,106.0,112.0,133.0,42.77,Low Risk
3.1,10,2,72.45,107.98,97.13,80.39,83.9,107.98,108.0,113.0,130.0,41.05,Low Risk
3.1,15,0,66.96,104.48,87.11,75.69,91.57,104.48,104.0,110.0,133.0,44.42,Low Risk
3.1,15,1,64.78,104.22,90.29,78.96,96.48,104.22,104.0,110.0,131.0,44.42,Low Risk
3.1,15,2,66.93,101.88,81.31,71.94,87.48,101.88,101.0,111.0,135.0,47.61,Low Risk
3.1,30,0,62.34,97.68,78.25,73.1,92.25,97.68,97.0,111.0,135.0,51.57,Low Risk
3.1,30,1,62.79,95.23,78.09,73.73,86.84,95.23,95.0,112.0,134.0,53.64,Low Risk
3.1,30,2,64.71,96.75,76.17,70.34,84.46,96.75,97.0,111.0,136.0,51.63,Low Risk
3.1,45,0,61.65,91.17,79.01,77.21,82.56,91.17,92.0,114.0,131.0,56.89,Low Risk
3.1,45,1,68.08,88.71,78.91,75.33,59.3,88.71,91.0,118.0,131.0,58.7,Low Risk
3.1,45,2,62.01,96.18,72.7,69.0,90.59,96.18,96.0,110.0,138.0,52.69,Low Risk
3.1,60,0,67.2,86.22,79.81,79.45,56.27,86.22,89.0,119.0,130.0,60.91,Low Risk
3.1,60,1,64.99,85.15,72.21,70.35,60.37,85.15,87.0,117.0,133.0,62.38,Low Risk
3.1,60,2,65.56,91.35,73.56,68.92,72.0,91.35,92.0,114.0,135.0,56.96,Low Risk
3.1,90,0,61.85,87.21,71.15,70.6,74.14,87.21,88.0,115.0,134.0,61.03,Low Risk
3.1,90,1,57.84,82.5,71.46,76.14,76.21,82.5,83.0,116.0,131.0,66.11,Low Risk
3.1,90,2,65.37,89.78,73.09,69.1,69.35,89.78,91.0,115.0,134.0,58.09,Low Risk
3.1,120,0,61.61,85.06,66.78,66.25,70.3,85.06,86.0,114.0,136.0,62.93,Low Risk
3.1,120,1,60.29,80.34,65.04,66.73,63.65,80.34,82.0,116.0,134.0,67.11,Low Risk
3.1,120,2,61.75,83.37,70.85,72.22,66.13,83.37,85.0,116.0,133.0,64.14,Low Risk
3.1,180,0,61.13,80.79,67.91,69.95,62.07,80.79,82.0,118.0,133.0,67.48,Low Risk
3.1,180,1,59.36,81.3,64.06,66.05,68.82,81.3,82.0,115.0,135.0,66.98,Low Risk
3.1,180,2,60.6,82.07,64.23,64.71,66.72,82.07,83.0,116.0,136.0,66.22,Low Risk
3.1,240,0,58.82,76.41,63.0,66.75,58.68,76.41,77.0,118.0,134.0,72.39,Low Risk
3.1,240,1,55.29,82.07,67.78,73.57,83.21,82.07,83.0,114.0,133.0,65.77,Low Risk
3.1,240,2,60.28,84.19,64.01,64.32,72.42,84.19,85.0,114.0,137.0,63.98,Low Risk
3.1,300,0,67.17,76.29,64.14,52.23,40.62,76.29,80.0,122.0,134.0,70.37,Low Risk
3.1,300,1,56.88,78.09,65.88,72.33,69.27,78.09,79.0,116.0,133.0,70.04,Low Risk
3.1,300,2,57.73,82.31,64.09,67.39,76.14,82.31,83.0,114.0,135.0,65.83,Low Risk
3.1,360,0,58.42,73.24,63.7,70.28,51.6,73.24,75.0,120.0,132.0,74.73,Low Risk
3.1,360,1,57.21,74.14,60.11,64.78,58.25,74.14,76.0,118.0,134.0,73.38,Low Risk
3.1,360,2,65.63,75.18,58.07,46.49,58.03,75.18,78.0,120.0,137.0,71.98,Low Risk
3.1,480,0,54.83,74.32,62.69,71.7,66.86,74.32,75.0,117.0,133.0,74.16,Low Risk
3.1,480,1,58.59,76.5,59.12,60.55,59.71,76.5,77.0,117.0,136.0,72.29,Low Risk
3.1,480,2,57.95,71.84,59.19,62.34,49.33,71.84,73.0,119.0,133.0,76.49,Low Risk
3.2,0,0,89.25,147.43,135.19,83.22,100.64,147.43,145.0,106.0,128.0,5.39,Low Risk
3.2,0,1,94.07,153.93,132.12,78.63,99.17,153.93,150.0,104.0,133.0,2.24,Low Risk
3.2,0,2,94.33,145.72,134.59,83.04,89.92,145.72,144.0,108.0,129.0,6.4,Low Risk
3.2,1,0,85.11,136.68,118.12,78.76,96.22,136.68,135.0,106.0,132.0,13.15,Low Risk
3.2,1,1,81.61,130.3,114.84,80.03,95.29,130.3,129.0,107.0,131.0,19.26,Low Risk
3.2,1,2,86.27,136.87,112.88,75.35,94.27,136.87,134.0,106.0,136.0,14.7,Low Risk
3.2,2,0,77.88,124.45,108.33,79.17,95.42,124.45,123.0,108.0,132.0,25.32,Low Risk
3.2,2,1,76.74,122.35,106.93,79.41,95.07,122.35,121.0,108.0,132.0,27.29,Low Risk
3.2,2,2,81.08,123.08,109.05,79.53,87.0,123.08,123.0,110.0,131.0,25.73,Low Risk
3.2,5,0,78.46,110.63,97.57,77.39,74.14,110.63,112.0,113.0,131.0,37.12,Low Risk
3.2,5,1,78.36,113.28,96.47,75.14,78.6,113.28,114.0,111.0,133.0,34.73,Low Risk
3.2,5,2,78.78,113.62,101.51,79.13,78.19,113.62,114.0,113.0,131.0,35.19,Low Risk
3.2,10,0,72.5,104.62,91.39,77.22,78.29,104.62,105.0,113.0,132.0,43.93,Low Risk
3.2,10,1,72.18,108.71,88.31,72.84,85.7,108.71,108.0,110.0,135.0,40.56,Low Risk
3.2,10,2,71.34,105.46,92.07,77.79,82.51,105.46,106.0,113.0,131.0,42.97,Low Risk
3.2,15,0,65.93,103.88,86.89,76.14,93.16,103.88,103.0,110.0,133.0,45.41,Low Risk
3.2,15,1,65.06,104.46,92.19,80.21,96.19,104.46,104.0,111.0,130.0,44.6,Low Risk
3.2,15,2,72.01,105.11,85.75,72.05,80.3,105.11,106.0,112.0,135.0,42.86,Low Risk
3.2,30,0,60.63,87.89,79.39,80.19,79.1,87.89,88.0,116.0,129.0,61.26,Low Risk
3.2,30,1,63.83,90.68,78.43,75.89,75.49,90.68,91.0,115.0,132.0,58.05,Low Risk
3.2,30,2,67.46,89.06,77.27,73.22,61.86,89.06,91.0,117.0,132.0,58.46,Low Risk
3.2,45,0,68.38,86.36,77.67,75.08,53.08,86.36,89.0,119.0,131.0,60.89,Low Risk
3.2,45,1,62.4,91.22,78.35,76.18,80.58,91.22,92.0,114.0,132.0,56.89,Low Risk
3.2,45,2,66.07,92.31,71.61,65.96,72.48,92.31,93.0,114.0,137.0,56.12,Low Risk
3.2,60,0,66.04,84.52,73.52,71.73,55.74,84.52,87.0,118.0,132.0,62.59,Low Risk
3.2,60,1,63.48,88.53,73.75,71.9,72.17,88.53,89.0,115.0,134.0,60.05,Low Risk
3.2,60,2,60.17,83.03,75.35,79.49,70.2,83.03,85.0,117.0,130.0,64.36,Low Risk
3.2,90,0,61.77,87.28,69.59,68.82,74.52,87.28,88.0,114.0,135.0,60.9,Low Risk
3.2,90,1,57.0,86.73,68.62,71.33,87.41,86.73,86.0,112.0,135.0,62.59,Low Risk
3.2,90,2,62.24,81.89,74.66,78.53,61.18,81.89,83.0,119.0,130.0,66.74,Low Risk
3.2,120,0,57.62,80.71,68.1,73.2,72.96,80.71,81.0,116.0,132.0,68.07,Low Risk
3.2,120,1,56.97,82.71,72.61,77.79,79.36,82.71,83.0,116.0,131.0,66.11,Low Risk
3.2,120,2,58.78,82.91,59.52,60.59,74.22,82.91,83.0,113.0,139.0,65.99,Low Risk
3.2,180,0,58.88,78.06,62.8,65.75,62.65,78.06,79.0,116.0,135.0,70.1,Low Risk
3.2,180,1,62.24,78.02,64.72,64.34,51.57,78.02,80.0,119.0,134.0,69.66,Low Risk
3.2,180,2,57.87,73.25,61.85,67.4,53.55,73.25,75.0,118.0,133.0,74.34,Low Risk
3.2,240,0,61.08,70.91,61.32,60.4,35.36,70.91,73.0,122.0,132.0,77.13,Low Risk
3.2,240,1,56.99,82.47,65.92,70.12,78.77,82.47,83.0,114.0,135.0,65.83,Low Risk
3.2,240,2,56.52,81.15,61.39,65.57,77.39,81.15,82.0,114.0,137.0,66.94,Low Risk
3.2,300,0,60.63,71.88,65.65,72.97,39.9,71.88,74.0,122.0,130.0,76.18,Low Risk
3.2,300,1,56.39,72.87,61.78,69.42,57.68,72.87,74.0,119.0,132.0,75.5,Low Risk
3.2,300,2,58.44,74.47,64.09,70.18,54.91,74.47,76.0,119.0,132.0,73.55,Low Risk
3.2,360,0,55.4,76.83,62.84,70.02,71.11,76.83,77.0,117.0,134.0,72.21,Low Risk
3.2,360,1,56.97,73.64,61.96,68.61,57.73,73.64,75.0,118.0,133.0,74.34,Low Risk
3.2,360,2,58.8,81.15,64.33,67.04,70.23,81.15,82.0,115.0,135.0,66.98,Low Risk
3.2,480,0,59.4,82.76,61.69,62.59,71.96,82.76,83.0,114.0,138.0,66.04,Low Risk
3.2,480,1,57.93,75.61,57.12,58.36,62.35,75.61,77.0,116.0,137.0,72.18,Low Risk
3.2,480,2,55.14,71.98,62.09,71.97,59.63,71.98,73.0,119.0,131.0,76.49,Low Risk
3.3,0,0,91.48,151.41,135.26,81.46,100.94,151.41,148.0,105.0,130.0,2.24,Low Risk
3.3,0,1,94.59,150.51,129.99,78.55,94.75,150.51,148.0,105.0,133.0,1.41,Low Risk
3.3,0,2,95.41,153.32,127.18,76.03,96.32,153.32,150.0,103.0,136.0,4.58,Low Risk
3.3,1,0,83.42,134.84,118.89,80.25,97.23,134.84,133.0,107.0,131.0,15.33,Low Risk
3.3,1,1,87.09,135.19,118.31,79.03,90.72,135.19,134.0,108.0,132.0,14.56,Low Risk
3.3,1,2,84.56,132.32,115.77,79.16,92.04,132.32,131.0,107.0,132.0,17.26,Low Risk
3.3,2,0,80.58,125.86,103.14,74.53,91.74,125.86,124.0,107.0,135.0,24.37,Low Risk
3.3,2,1,79.33,126.14,107.95,77.91,94.62,126.14,125.0,108.0,133.0,23.37,Low Risk
3.3,2,2,79.79,127.43,105.56,75.8,95.34,127.43,126.0,107.0,135.0,22.41,Low Risk
3.3,5,0,70.0,112.61,99.67,80.44,96.49,112.61,112.0,110.0,131.0,36.51,Low Risk
3.3,5,1,79.94,116.0,92.97,70.44,79.26,116.0,115.0,110.0,137.0,33.91,Low Risk
3.3,5,2,74.18,114.42,97.91,77.26,89.67,114.42,114.0,110.0,133.0,34.54,Low Risk
3.3,10,0,72.37,101.9,89.22,76.69,73.88,101.9,103.0,115.0,131.0,46.34,Low Risk
3.3,10,1,72.02,107.12,86.61,72.07,83.57,107.12,107.0,111.0,136.0,41.79,Low Risk
3.3,10,2,69.72,96.54,87.16,79.07,70.83,96.54,98.0,115.0,130.0,51.23,Low Risk
3.3,15,0,66.95,96.73,85.02,77.77,78.49,96.73,97.0,114.0,131.0,51.98,Low Risk
3.3,15,1,68.36,93.01,85.17,80.01,67.58,93.01,95.0,117.0,130.0,54.61,Low Risk
3.3,15,2,65.74,101.24,80.67,72.22,89.42,101.24,101.0,110.0,136.0,47.55,Low Risk
3.3,30,0,65.2,91.49,78.52,74.79,73.26,91.49,92.0,115.0,132.0,57.07,Low Risk
3.3,30,1,65.49,91.57,73.01,68.27,72.64,91.57,92.0,114.0,135.0,56.96,Low Risk
3.3,30,2,60.68,90.59,77.59,76.54,84.18,90.59,91.0,113.0,132.0,57.71,Low Risk
3.3,45,0,61.53,90.37,73.22,71.76,81.39,90.37,91.0,113.0,134.0,57.74,Low Risk
3.3,45,1,60.46,87.66,74.73,75.32,79.14,87.66,88.0,115.0,132.0,61.0,Low Risk
3.3,45,2,64.33,94.13,72.05,67.39,80.74,94.13,95.0,112.0,137.0,53.83,Low Risk
3.3,60,0,61.99,87.27,71.67,71.09,73.89,87.27,88.0,115.0,134.0,61.03,Low Risk
3.3,60,1,60.7,81.35,70.2,73.39,64.71,81.35,83.0,117.0,132.0,66.29,Low Risk
3.3,60,2,58.99,80.82,69.35,73.83,68.88,80.82,82.0,117.0,132.0,67.27,Low Risk
3.3,90,0,57.59,84.52,70.55,74.02,81.26,84.52,85.0,114.0,133.0,63.8,Low Risk
3.3,90,1,58.02,81.99,63.17,66.08,74.56,81.99,82.0,115.0,136.0,67.03,Low Risk
3.3,90,2,59.24,83.96,71.22,74.12,75.08,83.96,84.0,116.0,132.0,65.12,Low Risk
3.3,120,0,57.63,83.83,62.26,64.94,79.7,83.83,83.0,113.0,137.0,65.81,Low Risk
3.3,120,1,56.02,82.8,71.82,77.26,82.47,82.8,83.0,115.0,131.0,65.93,Low Risk
3.3,120,2,61.25,80.55,60.22,58.15,64.38,80.55,82.0,116.0,137.0,67.27,Low Risk
3.3,180,0,52.47,78.37,63.23,72.07,84.29,78.37,78.0,115.0,134.0,70.89,Low Risk
3.3,180,1,55.22,78.18,64.65,71.93,74.9,78.18,79.0,116.0,133.0,70.04,Low Risk
3.3,180,2,61.37,78.39,67.99,71.28,55.38,78.39,80.0,119.0,132.0,69.63,Low Risk
3.3,240,0,57.76,75.9,65.89,73.03,60.94,75.9,77.0,119.0,132.0,72.57,Low Risk
3.3,240,1,54.8,84.69,63.82,68.67,89.99,84.69,84.0,112.0,137.0,64.69,Low Risk
3.3,240,2,58.88,77.82,68.33,74.55,62.06,77.82,79.0,119.0,131.0,70.62,Low Risk
3.3,300,0,59.54,70.17,65.74,77.06,38.64,70.17,73.0,122.0,129.0,77.19,Low Risk
3.3,300,1,56.14,75.3,57.69,62.08,64.91,75.3,76.0,116.0,136.0,73.1,Low Risk
3.3,300,2,58.74,73.03,61.83,66.11,49.9,73.03,75.0,120.0,133.0,74.74,Low Risk
3.3,360,0,55.86,79.78,66.57,73.02,76.46,79.78,80.0,115.0,133.0,68.89,Low Risk
3.3,360,1,56.85,74.2,59.5,64.22,59.62,74.2,76.0,117.0,135.0,73.23,Low Risk
3.3,360,2,60.03,73.02,59.36,58.2,47.71,73.02,75.0,120.0,135.0,74.79,Low Risk
3.3,480,0,58.99,70.95,59.17,60.13,43.0,70.95,72.0,120.0,133.0,77.67,Low Risk
3.3,480,1,51.31,74.68,65.11,77.28,79.81,74.68,75.0,117.0,130.0,74.18,Low Risk
3.3,480,2,58.21,76.95,56.75,57.5,66.95,76.95,77.0,117.0,138.0,72.43,Low Risk
3.4,0,0,92.71,148.17,131.32,80.43,95.45,148.17,146.0,105.0,131.0,2.45,Low Risk
3.4,0,1,94.32,151.31,127.76,77.18,96.05,151.31,148.0,104.0,135.0,3.0,Low Risk
3.4,0,2,88.05,146.86,133.47,82.71,102.1,146.86,144.0,106.0,129.0,5.39,Low Risk
3.4,1,0,90.35,137.97,110.44,72.26,88.02,137.97,136.0,106.0,137.0,13.15,Low Risk
3.4,1,1,88.42,136.69,111.49,73.93,90.06,136.69,135.0,106.0,136.0,13.75,Low Risk
3.4,1,2,83.24,137.17,117.78,78.77,100.25,137.17,135.0,105.0,133.0,13.08,Low Risk
3.4,2,0,76.3,127.15,101.78,74.61,101.98,127.15,125.0,105.0,137.0,23.56,Low Risk
3.4,2,1,79.56,128.74,108.25,77.07,97.4,128.74,127.0,107.0,134.0,21.31,Low Risk
3.4,2,2,78.73,127.99,111.12,79.28,98.13,127.99,126.0,108.0,131.0,22.38,Low Risk
3.4,5,0,78.41,115.41,99.81,76.93,81.74,115.41,116.0,111.0,133.0,32.77,Low Risk
3.4,5,1,76.68,113.58,96.84,75.96,82.84,113.58,114.0,111.0,133.0,34.73,Low Risk
3.4,5,2,73.77,109.15,93.7,76.48,82.64,109.15,110.0,111.0,133.0,38.65,Low Risk
3.4,10,0,69.46,104.39,92.44,79.29,85.33,104.39,105.0,113.0,131.0,43.94,Low Risk
3.4,10,1,70.18,106.67,91.35,76.98,87.24,106.67,107.0,111.0,132.0,41.59,Low Risk
3.4,10,2,69.61,105.45,87.39,74.46,86.67,105.45,105.0,111.0,134.0,43.61,Low Risk
3.4,15,0,72.02,100.67,80.0,67.97,72.56,100.67,101.0,113.0,136.0,48.02,Low Risk
3.4,15,1,68.54,103.71,83.03,71.96,86.46,103.71,103.0,111.0,135.0,45.64,Low Risk
3.4,15,2,69.4,100.4,80.46,70.31,78.73,100.4,101.0,112.0,136.0,47.84,Low Risk
3.4,30,0,66.16,87.1,74.76,71.92,61.3,87.1,89.0,117.0,133.0,60.42,Low Risk
3.4,30,1,67.86,92.35,75.73,69.25,67.64,92.35,94.0,115.0,135.0,55.19,Low Risk
3.4,30,2,65.97,91.1,76.68,72.37,70.35,91.1,92.0,115.0,133.0,57.08,Low Risk
3.4,45,0,64.84,85.26,73.2,71.88,61.08,85.26,87.0,117.0,132.0,62.37,Low Risk
3.4,45,1,61.93,82.69,70.32,71.72,64.0,82.69,84.0,117.0,132.0,65.31,Low Risk
3.4,45,2,67.58,88.6,69.11,61.84,60.51,88.6,90.0,116.0,137.0,59.44,Low Risk
3.4,60,0,57.11,84.62,75.45,79.56,82.9,84.62,85.0,116.0,130.0,64.16,Low Risk
3.4,60,1,61.17,88.87,71.82,71.14,79.49,88.87,89.0,114.0,135.0,59.92,Low Risk
3.4,60,2,63.14,80.94,73.58,77.16,56.09,80.94,83.0,119.0,130.0,66.74,Low Risk
3.4,90,0,59.25,84.33,65.35,66.92,75.84,84.33,85.0,114.0,136.0,63.91,Low Risk
3.4,90,1,60.79,82.8,67.33,68.53,67.79,82.8,83.0,116.0,134.0,66.13,Low Risk
3.4,90,2,61.47,80.94,65.85,66.37,61.35,80.94,82.0,117.0,134.0,67.3,Low Risk
3.4,120,0,64.12,82.82,63.59,58.84,59.21,82.82,84.0,116.0,137.0,65.31,Low Risk
3.4,120,1,61.01,77.44,62.32,62.03,54.1,77.44,79.0,119.0,135.0,70.68,Low Risk
3.4,120,2,62.41,74.56,68.65,75.0,41.55,74.56,77.0,122.0,130.0,73.27,Low Risk
3.4,180,0,57.33,76.37,64.63,71.11,63.59,76.37,77.0,118.0,133.0,72.37,Low Risk
3.4,180,1,59.83,74.53,65.56,71.29,50.29,74.53,77.0,120.0,131.0,72.79,Low Risk
3.4,180,2,58.43,73.24,62.89,68.66,51.57,73.24,75.0,119.0,133.0,74.53,Low Risk
3.4,240,0,61.45,80.32,63.97,63.65,59.93,80.32,82.0,116.0,136.0,67.2,Low Risk
3.4,240,1,53.73,76.77,64.37,73.44,76.52,76.77,77.0,116.0,132.0,72.01,Low Risk
3.4,240,2,59.48,77.65,62.9,65.29,59.67,77.65,79.0,117.0,135.0,70.28,Low Risk
3.4,300,0,56.52,72.23,54.97,57.0,60.93,72.23,73.0,118.0,137.0,76.46,Low Risk
3.4,300,1,57.75,74.61,62.34,67.78,57.62,74.61,76.0,118.0,133.0,73.36,Low Risk
3.4,300,2,52.72,75.99,66.83,77.75,78.08,75.99,76.0,117.0,131.0,73.17,Low Risk
3.4,360,0,56.53,72.91,60.71,67.27,57.3,72.91,74.0,119.0,133.0,75.51,Low Risk
3.4,360,1,62.39,70.03,60.39,53.47,35.1,70.03,73.0,122.0,133.0,77.14,Low Risk
3.4,360,2,53.9,71.46,59.63,69.41,62.67,71.46,72.0,118.0,133.0,77.29,Low Risk
3.4,480,0,59.69,77.09,59.81,59.88,57.55,77.09,78.0,117.0,136.0,71.31,Low Risk
3.4,480,1,54.52,79.16,57.19,62.9,79.39,79.16,79.0,113.0,138.0,69.84,Low Risk
3.4,480,2,53.93,66.36,62.66,80.61,47.75,66.36,68.0,122.0,129.0,82.05,Low Risk
3.5,0,0,94.9,158.25,127.83,75.17,102.08,158.25,154.0,100.0,138.0,9.38,Low Risk
3.5,0,1,96.37,151.21,134.42,80.36,92.47,151.21,149.0,106.0,131.0,2.45,Low Risk
3.5,0,2,87.06,155.4,134.36,80.31,112.15,155.4,151.0,101.0,132.0,4.24,Low Risk
3.5,1,0,83.83,135.36,113.41,76.79,97.08,135.36,133.0,105.0,134.0,15.17,Low Risk
3.5,1,1,82.21,132.04,110.15,76.4,96.23,132.04,131.0,106.0,135.0,17.38,Low Risk
3.5,1,2,86.53,137.0,113.61,75.67,93.94,137.0,135.0,105.0,135.0,13.38,Low Risk
3.5,2,0,80.98,123.88,108.58,78.86,88.31,123.88,123.0,109.0,132.0,25.5,Low Risk
3.5,2,1,78.05,122.03,110.76,81.85,91.89,122.03,122.0,110.0,130.0,26.76,Low Risk
3.5,2,2,79.75,130.75,107.74,76.04,99.47,130.75,128.0,106.0,135.0,20.32,Low Risk
3.5,5,0,71.31,115.61,97.67,77.42,97.7,115.61,115.0,108.0,133.0,33.26,Low Risk
3.5,5,1,76.27,115.5,93.82,73.01,86.6,115.5,115.0,109.0,136.0,33.62,Low Risk
3.5,5,2,73.71,111.41,91.9,74.06,86.29,111.41,111.0,110.0,135.0,37.6,Low Risk
3.5,10,0,69.07,106.71,87.94,74.62,89.94,106.71,106.0,110.0,135.0,42.53,Low Risk
3.5,10,1,65.82,98.03,92.22,84.11,83.78,98.03,99.0,115.0,128.0,50.38,Low Risk
3.5,10,2,69.59,100.76,86.4,75.76,78.88,100.76,101.0,113.0,132.0,47.85,Low Risk
3.5,15,0,63.17,102.03,81.47,73.71,97.13,102.03,102.0,109.0,135.0,46.37,Low Risk
3.5,15,1,71.7,97.92,86.93,77.0,68.27,97.92,99.0,116.0,131.0,50.46,Low Risk
3.5,15,2,68.37,100.32,84.8,75.01,81.22,100.32,101.0,112.0,133.0,47.69,Low Risk
3.5,30,0,66.03,91.3,74.99,70.24,70.59,91.3,92.0,115.0,135.0,57.15,Low Risk
3.5,30,1,69.91,87.54,75.7,69.47,51.36,87.54,90.0,118.0,133.0,59.67,Low Risk
3.5,30,2,64.21,91.47,74.4,70.82,76.0,91.47,92.0,114.0,135.0,56.96,Low Risk
3.5,45,0,63.35,85.92,67.39,65.01,66.99,85.92,86.0,115.0,136.0,63.1,Low Risk
3.5,45,1,62.43,83.13,66.93,66.15,63.48,83.13,85.0,116.0,135.0,64.2,Low Risk
3.5,45,2,62.81,87.89,73.72,72.64,72.75,87.89,88.0,115.0,133.0,61.01,Low Risk
3.5,60,0,62.97,78.15,65.75,65.14,49.53,78.15,80.0,119.0,133.0,69.64,Low Risk
3.5,60,1,67.19,80.8,71.67,69.48,42.97,80.8,83.0,121.0,131.0,67.19,Low Risk
3.5,60,2,59.2,84.18,67.93,70.09,75.66,84.18,85.0,115.0,135.0,64.02,Low Risk
3.5,90,0,61.49,81.17,65.53,65.8,61.82,81.17,83.0,117.0,135.0,66.36,Low Risk
3.5,90,1,56.65,81.56,63.24,67.56,77.87,81.56,82.0,114.0,136.0,66.87,Low Risk
3.5,90,2,61.09,88.64,70.93,70.32,79.26,88.64,89.0,113.0,135.0,59.76,Low Risk
3.5,120,0,61.02,78.45,59.16,56.79,62.7,78.45,80.0,117.0,137.0,69.41,Low Risk
3.5,120,1,54.9,82.55,62.6,67.98,85.42,82.55,82.0,113.0,136.0,66.73,Low Risk
3.5,120,2,56.77,78.21,61.79,66.65,69.91,78.21,79.0,115.0,135.0,69.94,Low Risk
3.5,180,0,53.98,75.92,59.86,67.67,73.7,75.92,76.0,116.0,135.0,73.05,Low Risk
3.5,180,1,55.44,73.73,64.11,73.8,63.27,73.73,75.0,119.0,131.0,74.53,Low Risk
3.5,180,2,56.96,75.54,64.33,71.5,62.71,75.54,77.0,118.0,132.0,72.37,Low Risk
3.5,240,0,56.46,73.55,62.38,70.01,59.26,73.55,75.0,118.0,133.0,74.34,Low Risk
3.5,240,1,58.89,73.95,61.22,64.27,51.92,73.95,75.0,120.0,133.0,74.74,Low Risk
3.5,240,2,54.54,71.81,63.28,74.77,61.31,71.81,73.0,119.0,131.0,76.49,Low Risk
3.5,300,0,57.66,74.54,60.69,65.02,57.73,74.54,76.0,118.0,134.0,73.38,Low Risk
3.5,300,1,56.47,75.26,62.65,69.48,63.68,75.26,77.0,118.0,133.0,72.37,Low Risk
3.5,300,2,59.06,72.87,64.01,70.35,48.31,72.87,75.0,121.0,131.0,74.96,Low Risk
3.5,360,0,56.58,74.13,59.82,65.17,60.36,74.13,76.0,117.0,135.0,73.23,Low Risk
3.5,360,1,56.64,70.02,61.08,69.56,48.74,70.02,72.0,120.0,132.0,77.67,Low Risk
3.5,360,2,64.43,71.11,59.19,46.54,42.74,71.11,75.0,122.0,134.0,75.21,Low Risk
3.5,480,0,53.93,69.38,62.33,75.88,56.81,69.38,71.0,120.0,130.0,78.67,Low Risk
3.5,480,1,53.24,69.43,52.93,59.1,60.59,69.43,70.0,118.0,136.0,79.35,Low Risk
3.5,480,2,52.99,65.72,59.59,75.12,49.4,65.72,67.0,121.0,130.0,82.79,Low Risk
3.6,0,0,100.4,149.9,127.0,75.7,84.21,149.9,147.0,106.0,135.0,3.74,Low Risk
3.6,0,1,94.7,148.82,135.9,82.38,92.73,148.82,146.0,107.0,129.0,4.69,Low Risk
3.6,0,2,91.15,149.1,131.47,80.42,99.11,149.1,147.0,105.0,132.0,1.41,Low Risk
3.6,1,0,86.01,132.29,113.8,77.58,89.21,132.29,131.0,108.0,133.0,17.49,Low Risk
3.6,1,1,83.14,129.16,116.48,81.28,90.85,129.16,129.0,109.0,130.0,19.75,Low Risk
3.6,1,2,78.38,131.64,117.57,81.62,103.18,131.64,130.0,107.0,130.0,18.36,Low Risk
3.6,2,0,80.55,125.82,106.82,76.98,91.73,125.82,124.0,108.0,134.0,24.41,Low Risk
3.6,2,1,83.16,126.82,108.35,76.88,87.8,126.82,126.0,109.0,133.0,22.58,Low Risk
3.6,2,2,82.43,126.3,105.69,75.49,88.57,126.3,126.0,108.0,135.0,22.56,Low Risk
3.6,5,0,69.67,112.34,96.63,78.51,96.86,112.34,112.0,109.0,132.0,36.35,Low Risk
3.6,5,1,76.98,108.27,92.27,74.25,73.71,108.27,109.0,112.0,133.0,39.82,Low Risk
3.6,5,2,75.08,110.87,89.34,71.55,82.31,110.87,111.0,111.0,136.0,37.87,Low Risk
3.6,10,0,70.56,96.2,83.51,74.74,67.98,96.2,98.0,115.0,132.0,51.2,Low Risk
3.6,10,1,73.49,107.23,82.7,67.81,80.25,107.23,107.0,110.0,138.0,41.87,Low Risk
3.6,10,2,68.44,101.89,91.69,80.41,83.7,101.89,102.0,113.0,130.0,46.91,Low Risk
3.6,15,0,65.67,95.36,86.39,80.48,79.38,95.36,96.0,115.0,130.0,53.19,Low Risk
3.6,15,1,66.03,98.95,77.31,69.89,84.85,98.95,99.0,111.0,136.0,49.66,Low Risk
3.6,15,2,66.64,91.81,78.57,73.81,69.91,91.81,93.0,116.0,132.0,56.29,Low Risk
3.6,30,0,66.22,89.12,73.81,69.55,65.51,89.12,91.0,116.0,134.0,58.28,Low Risk
3.6,30,1,61.46,88.6,75.67,75.29,78.12,88.6,89.0,114.0,132.0,59.84,Low Risk
3.6,30,2,66.65,81.39,72.27,71.04,46.17,81.39,84.0,120.0,131.0,65.98,Low Risk
3.6,45,0,62.43,85.14,72.43,72.8,68.03,85.14,87.0,116.0,133.0,62.18,Low Risk
3.6,45,1,62.75,84.53,69.64,69.1,65.68,84.53,86.0,116.0,134.0,63.18,Low Risk
3.6,45,2,61.22,88.89,69.02,68.09,79.38,88.89,89.0,113.0,136.0,59.82,Low Risk
3.6,60,0,60.63,83.52,73.61,76.59,69.88,83.52,85.0,117.0,131.0,64.34,Low Risk
3.6,60,1,59.92,85.85,72.63,74.29,77.02,85.85,86.0,115.0,132.0,62.97,Low Risk
3.6,60,2,60.63,82.34,67.94,69.72,67.23,82.34,83.0,116.0,134.0,66.13,Low Risk
3.6,90,0,58.6,82.37,66.69,69.82,73.58,82.37,83.0,115.0,134.0,65.95,Low Risk
3.6,90,1,60.08,76.43,63.09,65.17,54.57,76.43,78.0,118.0,134.0,71.41,Low Risk
3.6,90,2,65.8,79.27,63.67,55.6,50.18,79.27,82.0,119.0,136.0,67.8,Low Risk
3.6,120,0,62.73,78.62,65.85,65.52,51.53,78.62,80.0,119.0,133.0,69.64,Low Risk
3.6,120,1,58.02,76.82,63.6,68.53,62.39,76.82,78.0,118.0,133.0,71.39,Low Risk
3.6,120,2,54.29,77.51,65.0,73.43,76.39,77.51,78.0,116.0,132.0,71.02,Low Risk
3.6,180,0,62.8,75.44,54.71,48.02,70.08,75.44,77.0,118.0,139.0,72.7,Low Risk
3.6,180,1,56.97,83.4,64.31,67.95,80.82,83.4,83.0,113.0,136.0,65.74,Low Risk
3.6,180,2,54.82,76.96,59.48,65.96,73.36,76.96,77.0,116.0,135.0,72.07,Low Risk
3.6,240,0,52.43,72.48,60.45,71.6,70.54,72.48,73.0,117.0,133.0,76.12,Low Risk
3.6,240,1,50.87,70.07,60.2,74.16,69.87,70.07,71.0,118.0,132.0,78.26,Low Risk
3.6,240,2,55.26,74.71,56.53,61.6,66.36,74.71,75.0,116.0,137.0,74.15,Low Risk
3.6,300,0,58.08,68.77,63.99,76.15,39.64,68.77,71.0,123.0,130.0,79.33,Low Risk
3.6,300,1,50.79,69.05,60.31,75.23,67.42,69.05,70.0,118.0,131.0,79.25,Low Risk
3.6,300,2,60.93,73.27,60.75,59.23,43.57,73.27,75.0,120.0,134.0,74.76,Low Risk
3.6,360,0,55.57,68.33,56.74,62.4,47.6,68.33,70.0,120.0,134.0,79.65,Low Risk
3.6,360,1,51.88,67.57,59.42,73.99,59.2,67.57,69.0,120.0,131.0,80.61,Low Risk
3.6,360,2,52.15,72.37,54.3,62.85,71.23,72.37,73.0,116.0,136.0,76.06,Low Risk
3.6,480,0,55.79,68.59,61.18,72.22,47.58,68.59,70.0,121.0,131.0,79.84,Low Risk
3.6,480,1,55.87,73.76,54.69,57.82,65.93,73.76,74.0,116.0,137.0,75.13,Low Risk
3.6,480,2,55.07,67.11,55.71,61.27,45.76,67.11,69.0,121.0,134.0,80.83,Low Risk
3.7,0,0,91.21,148.82,128.35,78.9,98.71,148.82,146.0,104.0,133.0,2.24,Low Risk
3.7,0,1,87.76,143.98,128.83,81.46,99.57,143.98,141.0,106.0,130.0,7.55,Low Risk
3.7,0,2,93.88,146.2,127.9,79.06,91.26,146.2,144.0,106.0,133.0,4.58,Low Risk
3.7,1,0,88.91,130.62,115.84,78.93,81.43,130.62,130.0,110.0,131.0,19.0,Low Risk
3.7,1,1,85.46,134.51,110.31,74.78,92.99,134.51,133.0,106.0,136.0,15.65,Low Risk
3.7,1,2,82.84,127.67,122.21,85.87,89.54,127.67,128.0,111.0,126.0,22.02,Low Risk
3.7,2,0,74.57,120.27,103.31,78.42,96.89,120.27,119.0,108.0,132.0,29.27,Low Risk
3.7,2,1,74.87,127.47,113.69,81.69,105.23,127.47,126.0,107.0,130.0,22.29,Low Risk
3.7,2,2,77.93,119.45,99.72,75.32,88.64,119.45,119.0,109.0,134.0,29.5,Low Risk
3.7,5,0,72.59,109.3,92.27,75.66,85.65,109.3,109.0,111.0,133.0,39.64,Low Risk
3.7,5,1,73.99,111.44,95.19,76.56,85.69,111.44,111.0,111.0,133.0,37.67,Low Risk
3.7,5,2,72.38,106.95,96.22,80.24,82.43,106.95,107.0,113.0,130.0,42.02,Low Risk
3.7,10,0,69.04,103.5,87.86,75.96,84.89,103.5,104.0,112.0,133.0,44.73,Low Risk
3.7,10,1,64.74,96.53,83.22,77.01,83.97,96.53,97.0,113.0,132.0,51.79,Low Risk
3.7,10,2,65.84,103.1,86.54,76.25,92.16,103.1,103.0,110.0,133.0,45.41,Low Risk
3.7,15,0,70.01,97.02,81.48,72.33,70.99,97.02,99.0,114.0,134.0,50.05,Low Risk
3.7,15,1,70.31,97.24,81.06,71.57,70.61,97.24,99.0,114.0,134.0,50.05,Low Risk
3.7,15,2,71.16,96.18,79.94,70.14,66.34,96.18,98.0,115.0,135.0,51.28,Low Risk
3.7,30,0,60.75,90.41,77.58,76.6,83.66,90.41,91.0,113.0,132.0,57.71,Low Risk
3.7,30,1,63.11,92.22,67.96,64.64,80.5,92.22,92.0,112.0,139.0,57.0,Low Risk
3.7,30,2,63.1,88.18,71.69,69.89,72.54,88.18,89.0,114.0,135.0,59.92,Low Risk
3.7,45,0,68.67,84.29,69.11,60.52,47.26,84.29,87.0,118.0,135.0,62.66,Low Risk
3.7,45,1,61.59,78.48,68.05,71.09,54.86,78.48,80.0,119.0,132.0,69.63,Low Risk
3.7,45,2,64.46,82.6,67.85,65.23,55.98,82.6,84.0,117.0,135.0,65.38,Low Risk
3.7,60,0,64.32,86.05,69.61,66.93,64.4,86.05,88.0,116.0,135.0,61.26,Low Risk
3.7,60,1,59.02,81.31,65.64,68.53,69.89,81.31,82.0,115.0,135.0,66.98,Low Risk
3.7,60,2,57.4,78.89,66.2,71.88,69.46,78.89,80.0,116.0,133.0,69.06,Low Risk
3.7,90,0,55.85,74.2,65.81,75.86,63.08,74.2,76.0,118.0,131.0,73.36,Low Risk
3.7,90,1,59.65,83.99,63.14,63.94,73.89,83.99,84.0,114.0,137.0,64.97,Low Risk
3.7,90,2,59.84,79.83,64.39,66.46,63.86,79.83,81.0,117.0,134.0,68.28,Low Risk
3.7,120,0,60.26,79.21,64.27,65.98,60.99,79.21,81.0,117.0,134.0,68.28,Low Risk
3.7,120,1,57.26,75.81,59.18,62.76,62.39,75.81,77.0,117.0,135.0,72.24,Low Risk
3.7,120,2,55.61,75.02,59.91,66.28,65.96,75.02,76.0,116.0,135.0,73.05,Low Risk
3.7,180,0,58.18,77.92,58.19,59.69,64.6,77.92,78.0,116.0,137.0,71.2,Low Risk
3.7,180,1,57.71,71.22,60.0,64.73,48.39,71.22,73.0,119.0,133.0,76.49,Low Risk
3.7,180,2,54.79,76.13,58.88,65.39,71.49,76.13,77.0,115.0,136.0,71.96,Low Risk
3.7,240,0,59.14,71.96,57.45,56.19,51.39,71.96,73.0,120.0,135.0,76.75,Low Risk
3.7,240,1,52.35,73.45,62.09,73.43,73.26,73.45,74.0,117.0,132.0,75.13,Low Risk
3.7,240,2,56.93,79.41,63.69,68.64,72.19,79.41,80.0,115.0,135.0,68.95,Low Risk
3.7,300,0,54.65,70.57,59.73,69.18,57.52,70.57,72.0,118.0,133.0,77.29,Low Risk
3.7,300,1,53.06,75.02,59.4,68.28,74.65,75.02,76.0,116.0,135.0,73.05,Low Risk
3.7,300,2,56.34,73.58,63.49,72.03,59.75,73.58,75.0,118.0,132.0,74.33,Low Risk
3.7,360,0,55.67,70.28,62.01,72.6,53.01,70.28,72.0,120.0,131.0,77.67,Low Risk
3.7,360,1,58.06,69.66,57.5,58.28,44.52,69.66,71.0,121.0,134.0,78.88,Low Risk
3.7,360,2,55.75,71.71,53.41,55.86,65.06,71.71,72.0,117.0,137.0,77.27,Low Risk
3.7,480,0,49.93,66.64,53.36,65.8,63.95,66.64,67.0,118.0,134.0,82.23,Low Risk
3.7,480,1,52.62,71.2,55.75,64.69,66.54,71.2,72.0,117.0,135.0,77.16,Low Risk
3.7,480,2,55.14,65.63,54.87,58.91,41.79,65.63,67.0,122.0,133.0,82.98,Low Risk
3.8,0,0,93.76,152.78,129.83,77.9,98.51,152.78,149.0,103.0,134.0,2.45,Low Risk
3.8,0,1,92.48,157.6,131.95,77.75,105.35,157.6,153.0,101.0,135.0,6.56,Low Risk
3.8,0,2,89.92,150.48,132.28,80.53,102.62,150.48,147.0,104.0,131.0,1.41,Low Risk
3.8,1,0,82.88,131.99,110.13,76.22,94.88,131.99,130.0,106.0,134.0,18.22,Low Risk
3.8,1,1,80.44,131.63,113.96,79.2,99.17,131.63,130.0,106.0,132.0,18.11,Low Risk
3.8,1,2,81.63,131.55,114.64,79.4,96.77,131.55,130.0,107.0,132.0,18.25,Low Risk
3.8,2,0,81.74,122.5,107.05,78.19,84.84,122.5,122.0,110.0,132.0,26.68,Low Risk
3.8,2,1,77.45,124.51,106.98,78.39,96.39,124.51,123.0,108.0,133.0,25.34,Low Risk
3.8,2,2,81.67,124.93,107.62,77.56,88.31,124.93,124.0,109.0,133.0,24.54,Low Risk
3.8,5,0,72.65,110.17,96.65,78.75,86.83,110.17,111.0,111.0,131.0,37.67,Low Risk
3.8,5,1,70.99,107.55,94.01,78.45,86.67,107.55,108.0,111.0,131.0,40.62,Low Risk
3.8,5,2,74.19,106.96,93.24,77.01,78.12,106.96,107.0,113.0,132.0,41.98,Low Risk
3.8,10,0,68.31,93.28,83.99,78.4,68.26,93.28,95.0,117.0,131.0,54.58,Low Risk
3.8,10,1,68.12,99.45,88.9,79.46,80.33,99.45,101.0,114.0,131.0,48.06,Low Risk
3.8,10,2,64.94,97.45,76.81,70.56,85.06,97.45,97.0,111.0,136.0,51.63,Low Risk
3.8,15,0,64.84,93.71,78.46,73.74,78.55,93.71,94.0,114.0,133.0,54.93,Low Risk
3.8,15,1,69.61,97.48,80.22,71.03,72.91,97.48,98.0,113.0,134.0,50.84,Low Risk
3.8,15,2,65.18,97.98,79.93,73.09,85.37,97.98,98.0,112.0,135.0,50.72,Low Risk
3.8,30,0,60.38,82.21,71.68,75.11,67.73,82.21,84.0,117.0,132.0,65.31,Low Risk
3.8,30,1,65.1,94.19,73.19,67.96,78.77,94.19,95.0,112.0,137.0,53.83,Low Risk
3.8,30,2,60.54,83.8,74.66,77.77,70.8,83.8,85.0,117.0,130.0,64.36,Low Risk
3.8,45,0,55.8,85.21,71.93,76.03,88.03,85.21,85.0,114.0,133.0,63.8,Low Risk
3.8,45,1,62.4,82.9,71.17,72.43,63.06,82.9,84.0,118.0,132.0,65.51,Low Risk
3.8,45,2,61.6,81.22,75.03,80.08,61.6,81.22,83.0,119.0,129.0,66.78,Low Risk
3.8,60,0,58.92,83.44,59.96,60.93,74.96,83.44,83.0,113.0,139.0,65.99,Low Risk
3.8,60,1,63.8,85.52,67.3,64.48,64.77,85.52,86.0,115.0,136.0,63.1,Low Risk
3.8,60,2,61.65,82.79,65.28,64.8,65.13,82.79,83.0,116.0,135.0,66.17,Low Risk
3.8,90,0,60.19,75.58,62.51,64.16,51.94,75.58,77.0,119.0,134.0,72.59,Low Risk
3.8,90,1,61.93,80.93,62.21,60.12,59.88,80.93,82.0,116.0,136.0,67.2,Low Risk
3.8,90,2,56.35,76.07,66.53,75.07,66.13,76.07,77.0,118.0,131.0,72.37,Low Risk
3.8,120,0,54.64,77.09,64.73,73.08,74.28,77.09,78.0,116.0,133.0,71.03,Low Risk
3.8,120,1,57.37,79.05,61.58,65.45,69.94,79.05,80.0,115.0,136.0,69.0,Low Risk
3.8,120,2,56.99,73.09,65.54,75.51,56.16,73.09,75.0,120.0,130.0,74.76,Low Risk
3.8,180,0,54.18,74.56,59.94,68.1,69.68,74.56,75.0,117.0,135.0,74.21,Low Risk
3.8,180,1,53.32,71.68,64.31,77.52,65.3,71.68,73.0,119.0,130.0,76.51,Low Risk
3.8,180,2,57.09,70.48,61.07,68.55,48.45,70.48,72.0,120.0,132.0,77.67,Low Risk
3.8,240,0,55.31,82.27,59.53,64.33,83.56,82.27,82.0,112.0,138.0,66.75,Low Risk
3.8,240,1,54.61,76.16,53.15,57.78,77.06,76.16,76.0,115.0,139.0,73.17,Low Risk
3.8,240,2,56.03,77.89,58.32,62.79,71.56,77.89,78.0,116.0,137.0,71.2,Low Risk
3.8,300,0,50.02,69.57,61.97,77.9,71.65,69.57,70.0,119.0,130.0,79.45,Low Risk
3.8,300,1,56.35,68.24,55.55,57.79,47.41,68.24,70.0,120.0,134.0,79.65,Low Risk
3.8,300,2,53.54,71.84,61.62,72.84,64.95,71.84,73.0,118.0,132.0,76.3,Low Risk
3.8,360,0,57.97,71.24,52.79,51.29,66.03,71.24,73.0,118.0,138.0,76.53,Low Risk
3.8,360,1,50.83,71.47,52.75,62.44,73.64,71.47,71.0,115.0,137.0,77.94,Low Risk
3.8,360,2,54.14,70.79,53.38,58.36,62.72,70.79,71.0,117.0,136.0,78.19,Low Risk
3.8,480,0,51.15,68.3,57.1,70.02,64.02,68.3,69.0,119.0,133.0,80.42,Low Risk
3.8,480,1,57.41,70.4,55.81,56.4,52.85,70.4,72.0,119.0,135.0,77.52,Low Risk
3.8,480,2,51.99,65.37,54.06,64.29,52.2,65.37,66.0,120.0,133.0,83.55,Low Risk
3.9,0,0,93.23,152.01,125.7,76.15,98.6,152.01,149.0,102.0,136.0,4.58,Low Risk
3.9,0,1,89.64,154.61,132.24,79.23,107.15,154.61,150.0,102.0,133.0,3.0,Low Risk
3.9,0,2,87.75,158.07,131.91,78.4,113.44,158.07,153.0,99.0,135.0,7.68,Low Risk
3.9,1,0,84.28,132.84,112.95,77.28,93.21,132.84,131.0,107.0,134.0,17.38,Low Risk
3.9,1,1,80.94,138.0,117.06,78.55,105.43,138.0,136.0,104.0,133.0,12.04,Low Risk
3.9,1,2,85.59,133.37,111.04,75.56,91.35,133.37,132.0,107.0,135.0,16.55,Low Risk
3.9,2,0,82.62,119.65,106.13,78.61,78.91,119.65,120.0,112.0,131.0,29.14,Low Risk
3.9,2,1,73.87,116.05,106.23,82.55,92.69,116.05,116.0,111.0,129.0,32.89,Low Risk
3.9,2,2,76.36,116.21,106.9,82.53,87.44,116.21,117.0,112.0,129.0,32.16,Low Risk
3.9,5,0,78.94,112.79,91.94,71.13,76.54,112.79,113.0,111.0,136.0,35.92,Low Risk
3.9,5,1,72.6,111.29,96.08,77.77,88.64,111.29,111.0,111.0,132.0,37.66,Low Risk
3.9,5,2,71.55,108.73,93.62,77.38,87.2,108.73,109.0,111.0,132.0,39.62,Low Risk
3.9,10,0,69.85,98.64,83.47,73.78,74.43,98.64,99.0,114.0,133.0,50.02,Low Risk
3.9,10,1,72.32,102.67,85.26,72.38,75.36,102.67,103.0,113.0,134.0,45.93,Low Risk
3.9,10,2,73.34,97.88,88.69,78.33,63.93,97.88,100.0,117.0,130.0,49.77,Low Risk
3.9,15,0,67.5,103.8,75.57,66.3,89.19,103.8,103.0,108.0,140.0,45.88,Low Risk
3.9,15,1,63.8,95.24,80.34,75.36,84.18,95.24,96.0,113.0,133.0,52.78,Low Risk
3.9,15,2,71.72,91.98,81.86,74.6,56.17,91.98,94.0,118.0,131.0,55.79,Low Risk
3.9,30,0,65.9,88.56,69.27,64.1,65.25,88.56,89.0,115.0,136.0,60.15,Low Risk
3.9,30,1,66.64,90.13,73.95,68.96,66.48,90.13,92.0,115.0,135.0,57.15,Low Risk
3.9,30,2,63.03,87.13,71.92,70.67,70.53,87.13,88.0,115.0,134.0,61.03,Low Risk
3.9,45,0,62.6,82.75,66.1,64.85,62.1,82.75,84.0,116.0,135.0,65.18,Low Risk
3.9,45,1,57.53,80.41,69.31,75.03,72.54,80.41,82.0,116.0,132.0,67.08,Low Risk
3.9,45,2,60.6,83.31,70.15,72.21,69.51,83.31,84.0,116.0,133.0,65.12,Low Risk
3.9,60,0,57.69,84.63,65.59,68.42,81.2,84.63,85.0,113.0,136.0,63.77,Low Risk
3.9,60,1,58.27,81.68,60.89,63.01,73.1,81.68,82.0,114.0,138.0,67.02,Low Risk
3.9,60,2,57.2,83.18,61.18,64.25,79.66,83.18,83.0,113.0,138.0,65.89,Low Risk
3.9,90,0,61.51,81.69,62.44,61.04,63.0,81.69,82.0,116.0,137.0,67.27,Low Risk
3.9,90,1,59.03,80.52,62.14,63.99,68.04,80.52,81.0,116.0,136.0,68.18,Low Risk
3.9,90,2,60.76,75.15,62.11,62.47,48.82,75.15,77.0,119.0,134.0,72.59,Low Risk
3.9,120,0,54.86,76.23,65.2,74.1,71.48,76.23,77.0,117.0,132.0,72.18,Low Risk
3.9,120,1,56.71,71.39,58.48,63.27,52.44,71.39,73.0,119.0,134.0,76.51,Low Risk
3.9,120,2,58.44,80.73,62.91,65.64,70.41,80.73,81.0,115.0,136.0,68.01,Low Risk
3.9,180,0,54.96,75.02,58.71,65.24,68.18,75.02,76.0,116.0,136.0,73.1,Low Risk
3.9,180,1,54.99,69.85,63.66,77.07,54.25,69.85,71.0,120.0,130.0,78.67,Low Risk
3.9,180,2,48.51,75.12,58.04,70.35,90.34,75.12,75.0,114.0,135.0,73.74,Low Risk
3.9,240,0,54.17,76.22,55.83,61.91,73.78,76.22,77.0,115.0,138.0,72.1,Low Risk
3.9,240,1,53.36,70.76,59.21,69.7,62.69,70.76,71.0,119.0,132.0,78.45,Low Risk
3.9,240,2,54.08,66.43,55.37,62.8,47.41,66.43,68.0,120.0,133.0,81.59,Low Risk
3.9,300,0,58.73,70.25,58.28,58.55,43.44,70.25,72.0,120.0,134.0,77.69,Low Risk
3.9,300,1,54.1,68.04,61.96,76.48,52.25,68.04,70.0,121.0,130.0,79.86,Low Risk
3.9,300,2,54.32,68.69,60.22,71.9,53.35,68.69,70.0,120.0,131.0,79.63,Low Risk
3.9,360,0,52.32,67.38,56.16,67.27,56.97,67.38,69.0,119.0,133.0,80.42,Low Risk
3.9,360,1,54.49,69.94,62.4,74.95,56.32,69.94,71.0,120.0,130.0,78.67,Low Risk
3.9,360,2,55.5,62.03,57.11,67.02,26.84,62.03,65.0,123.0,130.0,85.17,Low Risk
3.9,480,0,54.03,68.03,55.7,63.23,52.49,68.03,70.0,119.0,134.0,79.45,Low Risk
3.9,480,1,53.83,67.74,56.8,66.04,52.38,67.74,69.0,119.0,133.0,80.42,Low Risk
3.9,480,2,52.29,65.06,64.03,87.1,50.06,65.06,68.0,122.0,127.0,82.15,Low Risk
4.0,0,0,89.85,151.3,127.51,77.95,103.56,151.3,148.0,102.0,134.0,2.83,Low Risk
4.0,0,1,92.35,148.2,130.67,80.14,96.1,148.2,146.0,105.0,132.0,2.24,Low Risk
4.0,0,2,95.14,152.42,133.71,79.75,95.83,152.42,149.0,105.0,132.0,1.41,Low Risk
4.0,1,0,77.61,136.71,110.06,76.05,110.23,136.71,133.0,102.0,136.0,15.65,Low Risk
4.0,1,1,87.51,134.26,115.37,77.45,88.79,134.26,133.0,107.0,133.0,15.33,Low Risk
4.0,1,2,80.36,131.65,112.23,78.2,99.35,131.65,130.0,106.0,133.0,18.14,Low Risk
4.0,2,0,78.6,120.81,98.59,73.8,89.11,120.81,120.0,108.0,136.0,28.57,Low Risk
4.0,2,1,81.87,121.32,103.25,75.84,82.91,121.32,121.0,110.0,133.0,27.68,Low Risk
4.0,2,2,76.83,122.64,102.03,76.08,95.25,122.64,121.0,107.0,134.0,27.24,Low Risk
4.0,5,0,65.45,109.05,93.54,78.88,101.96,109.05,109.0,109.0,132.0,39.32,Low Risk
4.0,5,1,71.62,104.39,92.25,78.45,80.06,104.39,105.0,113.0,131.0,43.94,Low Risk
4.0,5,2,67.82,104.75,89.73,77.36,89.9,104.75,104.0,111.0,132.0,44.55,Low Risk
4.0,10,0,70.32,97.08,81.67,72.33,70.3,97.08,99.0,114.0,134.0,50.05,Low Risk
4.0,10,1,73.65,99.22,84.04,71.78,65.73,99.22,101.0,115.0,133.0,48.28,Low Risk
4.0,10,2,66.68,96.38,76.46,69.49,78.59,96.38,97.0,112.0,136.0,51.78,Low Risk
4.0,15,0,68.37,94.44,77.78,70.44,70.4,94.44,95.0,115.0,135.0,54.21,Low Risk
4.0,15,1,65.05,95.31,73.66,68.15,80.95,95.31,95.0,112.0,137.0,53.83,Low Risk
4.0,15,2,63.69,89.69,83.63,82.55,73.91,89.69,91.0,117.0,128.0,58.6,Low Risk
4.0,30,0,64.63,78.95,66.79,64.16,46.25,78.95,81.0,120.0,133.0,68.89,Low Risk
4.0,30,1,61.61,84.14,67.36,67.28,68.29,84.14,85.0,115.0,135.0,64.02,Low Risk
4.0,30,2,67.84,86.5,72.76,67.53,55.0,86.5,88.0,117.0,134.0,61.42,Low Risk
4.0,45,0,58.2,83.96,66.7,69.51,78.22,83.96,84.0,115.0,135.0,65.01,Low Risk
4.0,45,1,59.43,83.63,62.95,64.01,73.78,83.63,84.0,114.0,138.0,65.05,Low Risk
4.0,45,2,65.07,82.34,71.68,71.09,53.48,82.34,85.0,119.0,132.0,64.76,Low Risk
4.0,60,0,55.95,76.62,62.12,68.58,68.78,76.62,77.0,117.0,134.0,72.21,Low Risk
4.0,60,1,59.93,79.59,64.22,66.17,62.98,79.59,81.0,117.0,134.0,68.28,Low Risk
4.0,60,2,56.14,75.59,65.46,73.97,65.62,75.59,77.0,118.0,132.0,72.37,Low Risk
4.0,90,0,56.39,74.29,67.43,78.07,61.45,74.29,76.0,119.0,130.0,73.57,Low Risk
4.0,90,1,57.54,80.15,61.19,64.48,71.96,80.15,81.0,115.0,137.0,68.08,Low Risk
4.0,90,2,58.52,76.18,57.69,58.34,61.87,76.18,77.0,117.0,137.0,72.35,Low Risk
4.0,120,0,61.18,74.0,63.23,64.44,44.18,74.0,77.0,120.0,133.0,72.79,Low Risk
4.0,120,1,54.64,73.91,58.39,65.48,66.5,73.91,74.0,117.0,135.0,75.19,Low Risk
4.0,120,2,60.6,75.34,62.1,62.69,49.89,75.34,77.0,119.0,134.0,72.59,Low Risk
4.0,180,0,59.85,75.44,61.03,61.92,52.69,75.44,77.0,118.0,134.0,72.39,Low Risk
4.0,180,1,51.51,69.88,55.72,66.5,67.03,69.88,70.0,118.0,134.0,79.27,Low Risk
4.0,180,2,57.96,72.48,54.56,54.01,63.05,72.48,73.0,118.0,137.0,76.46,Low Risk
4.0,240,0,54.5,65.94,57.14,66.55,44.24,65.94,67.0,122.0,131.0,82.98,Low Risk
4.0,240,1,50.1,72.01,58.44,71.01,77.58,72.01,72.0,116.0,134.0,76.97,Low Risk
4.0,240,2,60.79,72.97,56.03,51.28,59.19,72.97,74.0,120.0,136.0,75.82,Low Risk
4.0,300,0,57.02,65.13,53.39,50.45,45.96,65.13,68.0,122.0,134.0,82.02,Low Risk
4.0,300,1,55.56,62.85,56.17,62.14,29.56,62.85,65.0,123.0,131.0,85.15,Low Risk
4.0,300,2,51.5,69.63,53.05,62.21,66.37,69.63,70.0,117.0,135.0,79.13,Low Risk
4.0,360,0,55.45,68.54,59.7,69.35,48.69,68.54,70.0,121.0,132.0,79.83,Low Risk
4.0,360,1,54.2,66.18,54.76,61.06,46.15,66.18,68.0,120.0,134.0,81.61,Low Risk
4.0,360,2,50.15,69.7,57.27,70.53,71.54,69.7,70.0,117.0,133.0,79.08,Low Risk
4.0,480,0,61.02,65.39,53.56,40.84,46.14,65.39,69.0,124.0,135.0,81.55,Low Risk
4.0,480,1,51.89,67.89,55.5,66.41,60.1,67.89,68.0,119.0,133.0,81.4,Low Risk
4.0,480,2,53.46,70.51,52.51,58.1,65.11,70.51,71.0,117.0,137.0,78.25,Low Risk
4.1,0,0,94.96,152.62,131.96,78.81,96.34,152.62,149.0,104.0,133.0,1.41,Low Risk
4.1,0,1,91.06,158.28,129.55,76.75,108.3,158.28,154.0,100.0,137.0,8.77,Low Risk
4.1,0,2,92.89,148.75,137.36,83.42,95.75,148.75,146.0,107.0,128.0,5.39,Low Risk
4.1,1,0,85.38,128.72,114.77,79.9,85.86,128.72,128.0,110.0,131.0,20.9,Low Risk
4.1,1,1,83.49,129.21,115.51,80.56,90.22,129.21,129.0,109.0,131.0,19.67,Low Risk
4.1,1,2,83.89,131.4,113.11,78.01,92.2,131.4,130.0,107.0,133.0,18.28,Low Risk
4.1,2,0,79.52,121.64,104.32,77.23,88.3,121.64,121.0,110.0,133.0,27.68,Low Risk
4.1,2,1,76.31,126.04,101.0,74.48,100.62,126.04,124.0,105.0,137.0,24.54,Low Risk
4.1,2,2,79.51,120.0,109.43,81.71,86.03,120.0,120.0,112.0,129.0,29.27,Low Risk
4.1,5,0,69.14,104.84,88.34,75.71,86.82,104.84,105.0,111.0,133.0,43.58,Low Risk
4.1,5,1,72.83,102.93,89.82,76.51,74.58,102.93,104.0,114.0,132.0,45.12,Low Risk
4.1,5,2,65.4,107.77,89.75,76.81,100.26,107.77,107.0,109.0,133.0,41.32,Low Risk
4.1,10,0,62.93,100.57,78.3,71.85,95.44,100.57,100.0,109.0,136.0,48.43,Low Risk
4.1,10,1,69.78,95.21,87.03,79.9,68.1,95.21,97.0,117.0,129.0,52.72,Low Risk
4.1,10,2,69.64,94.29,79.48,71.57,66.66,94.29,96.0,115.0,133.0,53.16,Low Risk
4.1,15,0,66.88,91.44,77.0,71.97,68.49,91.44,93.0,115.0,133.0,56.1,Low Risk
4.1,15,1,68.88,89.98,77.79,72.26,59.8,89.98,91.0,117.0,132.0,58.46,Low Risk
4.1,15,2,67.93,94.65,77.03,69.83,72.01,94.65,95.0,114.0,134.0,53.97,Low Risk
4.1,30,0,60.74,79.48,67.36,70.21,60.11,79.48,81.0,118.0,132.0,68.45,Low Risk
4.1,30,1,62.57,84.28,70.76,70.92,65.71,84.28,86.0,116.0,133.0,63.16,Low Risk
4.1,30,2,64.73,81.14,69.82,68.93,51.56,81.14,83.0,119.0,133.0,66.72,Low Risk
4.1,45,0,60.46,78.84,71.35,77.35,59.44,78.84,80.0,119.0,130.0,69.66,Low Risk
4.1,45,1,62.62,81.82,72.44,74.93,59.84,81.82,83.0,118.0,131.0,66.5,Low Risk
4.1,45,2,55.4,80.93,68.16,74.58,80.45,80.93,81.0,116.0,132.0,68.07,Low Risk
4.1,60,0,56.06,79.47,61.53,66.64,75.12,79.47,80.0,114.0,136.0,68.85,Low Risk
4.1,60,1,60.87,81.74,65.66,66.52,65.1,81.74,83.0,116.0,135.0,66.17,Low Risk
4.1,60,2,53.24,75.67,66.54,77.36,75.57,75.67,77.0,117.0,131.0,72.19,Low Risk
4.1,90,0,57.48,67.47,65.79,84.46,37.75,67.47,70.0,123.0,128.0,80.38,Low Risk
4.1,90,1,57.83,73.1,65.04,73.76,53.26,73.1,75.0,120.0,131.0,74.74,Low Risk
4.1,90,2,55.39,73.49,63.13,72.43,62.81,73.49,75.0,118.0,132.0,74.33,Low Risk
4.1,120,0,61.89,78.52,61.37,58.76,55.7,78.52,80.0,118.0,136.0,69.54,Low Risk
4.1,120,1,57.93,76.02,56.52,57.5,65.43,76.02,77.0,116.0,138.0,72.26,Low Risk
4.1,120,2,58.48,71.45,61.24,66.03,46.28,71.45,73.0,121.0,132.0,76.9,Low Risk
4.1,180,0,54.77,72.76,58.42,65.73,63.05,72.76,73.0,118.0,134.0,76.32,Low Risk
4.1,180,1,46.23,71.79,59.99,75.73,90.79,71.79,71.0,115.0,132.0,77.78,Low Risk
4.1,180,2,56.79,70.94,62.99,72.75,50.89,70.94,72.0,120.0,131.0,77.67,Low Risk
4.1,240,0,55.69,71.05,59.8,67.64,55.13,71.05,73.0,119.0,133.0,76.49,Low Risk
4.1,240,1,55.84,67.04,49.35,48.72,67.31,67.04,69.0,119.0,137.0,80.57,Low Risk
4.1,240,2,53.32,72.02,55.6,63.3,66.2,72.02,73.0,116.0,136.0,76.06,Low Risk
4.1,300,0,56.66,69.11,59.53,66.53,45.91,69.11,71.0,121.0,132.0,78.85,Low Risk
4.1,300,1,53.37,70.06,57.18,66.47,60.74,70.06,71.0,118.0,134.0,78.29,Low Risk
4.1,300,2,58.77,63.54,54.29,45.23,37.13,63.54,66.0,124.0,133.0,84.41,Low Risk
4.1,360,0,56.43,72.47,55.62,58.24,59.3,72.47,73.0,118.0,136.0,76.4,Low Risk
4.1,360,1,53.01,70.11,57.51,67.52,62.21,70.11,71.0,118.0,134.0,78.29,Low Risk
4.1,360,2,52.8,68.83,58.44,70.16,59.36,68.83,69.0,119.0,132.0,80.41,Low Risk
4.1,480,0,59.01,68.87,53.92,49.52,55.34,68.87,71.0,121.0,136.0,78.96,Low Risk
4.1,480,1,53.17,68.31,53.44,60.2,56.51,68.31,69.0,119.0,135.0,80.47,Low Risk
4.1,480,2,53.9,63.46,57.68,71.45,38.42,63.46,65.0,122.0,130.0,84.95,Low Risk
4.2,0,0,88.58,149.7,132.29,81.0,104.12,149.7,146.0,104.0,131.0,2.24,Low Risk
4.2,0,1,97.97,149.73,130.0,78.13,88.15,149.73,147.0,106.0,133.0,2.45,Low Risk
4.2,0,2,90.35,155.98,123.56,74.77,107.29,155.98,151.0,100.0,138.0,7.81,Low Risk
4.2,1,0,79.51,138.51,114.6,77.41,108.62,138.51,135.0,103.0,135.0,13.38,Low Risk
4.2,1,1,79.2,130.19,113.03,79.46,99.87,130.19,129.0,107.0,132.0,19.24,Low Risk
4.2,1,2,85.06,135.84,113.99,76.67,95.32,135.84,134.0,106.0,135.0,14.46,Low Risk
4.2,2,0,76.34,122.72,101.49,75.85,96.38,122.72,121.0,107.0,135.0,27.33,Low Risk
4.2,2,1,74.85,115.08,98.89,77.5,89.13,115.08,115.0,110.0,133.0,33.56,Low Risk
4.2,2,2,75.27,116.82,104.53,80.68,90.71,116.82,116.0,111.0,130.0,32.82,Low Risk
4.2,5,0,67.9,96.85,87.41,79.77,76.21,96.85,98.0,115.0,130.0,51.23,Low Risk
4.2,5,1,70.09,104.46,95.1,81.37,83.91,104.46,105.0,114.0,129.0,44.25,Low Risk
4.2,5,2,69.66,108.92,90.48,75.49,91.91,108.92,108.0,110.0,134.0,40.5,Low Risk
4.2,10,0,66.88,93.97,81.27,75.52,73.5,93.97,95.0,115.0,132.0,54.13,Low Risk
4.2,10,1,64.71,96.98,80.74,74.48,84.85,96.98,97.0,113.0,133.0,51.8,Low Risk
4.2,10,2,64.18,99.45,82.73,75.36,90.45,99.45,99.0,111.0,134.0,49.54,Low Risk
4.2,15,0,63.33,91.81,76.47,73.43,79.11,91.81,92.0,114.0,133.0,56.89,Low Risk
4.2,15,1,62.07,91.59,74.86,72.59,82.19,91.59,92.0,113.0,134.0,56.75,Low Risk
4.2,15,2,61.84,86.51,75.65,76.37,72.72,86.51,87.0,116.0,131.0,62.18,Low Risk
4.2,30,0,62.93,81.78,77.32,82.44,58.77,81.78,84.0,119.0,128.0,65.86,Low Risk
4.2,30,1,63.88,87.77,72.14,69.98,69.4,87.77,88.0,115.0,134.0,61.03,Low Risk
4.2,30,2,66.79,81.5,62.07,52.43,60.78,81.5,83.0,118.0,137.0,66.68,Low Risk
4.2,45,0,58.18,81.81,66.76,70.49,73.65,81.81,82.0,116.0,134.0,67.11,Low Risk
4.2,45,1,60.35,84.1,67.45,68.59,72.02,84.1,85.0,115.0,135.0,64.02,Low Risk
4.2,45,2,61.92,77.32,63.02,61.8,50.79,77.32,79.0,119.0,134.0,70.64,Low Risk
4.2,60,0,63.28,78.07,62.24,57.71,51.71,78.07,80.0,119.0,136.0,69.75,Low Risk
4.2,60,1,56.57,75.82,61.98,68.05,64.74,75.82,77.0,117.0,134.0,72.21,Low Risk
4.2,60,2,54.59,73.27,63.53,73.94,65.02,73.27,74.0,118.0,132.0,75.31,Low Risk
4.2,90,0,55.3,78.12,62.23,68.74,74.5,78.12,79.0,115.0,135.0,69.94,Low Risk
4.2,90,1,57.87,72.57,60.99,66.0,51.65,72.57,74.0,119.0,133.0,75.51,Low Risk
4.2,90,2,58.16,76.95,61.07,64.3,62.27,76.95,77.0,118.0,134.0,72.39,Low Risk
4.2,120,0,59.45,72.94,61.99,65.28,47.17,72.94,74.0,120.0,133.0,75.72,Low Risk
4.2,120,1,54.74,67.48,60.42,72.96,48.13,67.48,69.0,121.0,131.0,80.81,Low Risk
4.2,120,2,58.39,74.64,60.88,64.24,55.53,74.64,76.0,118.0,134.0,73.38,Low Risk
4.2,180,0,54.09,68.14,59.08,70.27,52.6,68.14,70.0,120.0,132.0,79.62,Low Risk
4.2,180,1,56.41,68.88,60.76,70.06,46.16,68.88,70.0,121.0,131.0,79.84,Low Risk
4.2,180,2,52.48,68.81,62.34,77.67,60.51,68.81,70.0,120.0,129.0,79.68,Low Risk
4.2,240,0,57.06,68.0,56.91,59.28,41.59,68.0,70.0,121.0,134.0,79.86,Low Risk
4.2,240,1,54.92,60.84,53.33,53.37,31.47,60.84,63.0,124.0,131.0,87.33,Low Risk
4.2,240,2,54.3,68.01,56.79,65.09,51.4,68.01,70.0,119.0,133.0,79.44,Low Risk
4.2,300,0,57.36,67.06,51.9,48.93,57.64,67.06,69.0,120.0,136.0,80.7,Low Risk
4.2,300,1,54.94,67.04,54.61,58.86,47.31,67.04,69.0,119.0,134.0,80.44,Low Risk
4.2,300,2,53.09,74.75,48.35,54.31,90.05,74.75,74.0,114.0,141.0,75.21,Low Risk
4.2,360,0,52.44,67.21,51.99,58.79,57.76,67.21,68.0,118.0,136.0,81.31,Low Risk
4.2,360,1,56.3,69.66,54.19,55.59,56.64,69.66,71.0,120.0,135.0,78.7,Low Risk
4.2,360,2,52.79,66.89,54.02,62.26,53.74,66.89,68.0,119.0,134.0,81.42,Low Risk
4.2,480,0,52.83,65.49,54.01,62.43,49.29,65.49,67.0,120.0,133.0,82.57,Low Risk
4.2,480,1,55.33,62.36,50.1,46.95,50.16,62.36,64.0,123.0,134.0,86.15,Low Risk
4.2,480,2,47.82,68.65,54.0,68.51,77.38,68.65,68.0,116.0,134.0,80.92,Low Risk
4.3,0,0,93.52,146.71,137.35,84.25,92.46,146.71,145.0,108.0,127.0,7.07,Low Risk
4.3,0,1,90.17,151.5,134.56,81.26,103.23,151.5,148.0,104.0,131.0,1.0,Low Risk
4.3,0,2,89.04,149.36,132.54,81.18,102.99,149.36,146.0,104.0,131.0,2.24,Low Risk
4.3,1,0,90.9,130.79,117.24,79.37,77.78,130.79,131.0,111.0,131.0,18.41,Low Risk
4.3,1,1,85.94,130.99,109.46,75.24,87.7,130.99,129.0,108.0,134.0,19.52,Low Risk
4.3,1,2,85.5,125.39,117.23,83.39,81.12,125.39,126.0,112.0,128.0,23.75,Low Risk
4.3,2,0,78.28,111.81,102.02,80.79,76.47,111.81,113.0,114.0,129.0,36.52,Low Risk
4.3,2,1,79.64,119.05,105.18,79.0,84.41,119.05,119.0,111.0,131.0,29.85,Low Risk
4.3,2,2,75.13,115.84,102.82,79.96,89.61,115.84,115.0,111.0,131.0,33.75,Low Risk
4.3,5,0,71.25,104.47,93.51,79.66,81.09,104.47,105.0,113.0,130.0,43.98,Low Risk
4.3,5,1,68.6,106.46,90.04,76.56,90.67,106.46,106.0,111.0,133.0,42.59,Low Risk
4.3,5,2,66.48,101.56,89.87,79.56,88.07,101.56,102.0,113.0,131.0,46.88,Low Risk
4.3,10,0,72.58,97.39,75.51,63.2,64.97,97.39,99.0,113.0,137.0,50.07,Low Risk
4.3,10,1,57.3,97.85,80.4,76.66,105.68,97.85,97.0,109.0,133.0,51.25,Low Risk
4.3,10,2,70.06,93.01,81.74,74.85,62.93,93.01,95.0,117.0,132.0,54.57,Low Risk
4.3,15,0,66.83,89.2,74.68,70.13,63.96,89.2,91.0,115.0,134.0,58.09,Low Risk
4.3,15,1,64.37,92.17,75.91,72.05,76.93,92.17,93.0,114.0,135.0,55.98,Low Risk
4.3,15,2,67.21,89.16,71.97,66.13,62.77,89.16,91.0,115.0,136.0,58.19,Low Risk
4.3,30,0,66.79,81.23,67.3,60.72,45.35,81.23,84.0,119.0,134.0,65.76,Low Risk
4.3,30,1,60.66,83.25,67.84,69.15,69.2,83.25,84.0,115.0,135.0,65.01,Low Risk
4.3,30,2,60.8,82.93,69.53,71.43,68.03,82.93,83.0,117.0,133.0,66.29,Low Risk
4.3,45,0,52.09,84.99,65.13,71.49,98.72,84.99,84.0,112.0,135.0,64.57,Low Risk
4.3,45,1,60.9,75.21,64.16,66.46,48.52,75.21,77.0,119.0,133.0,72.57,Low Risk
4.3,45,2,57.14,83.76,63.81,67.15,81.03,83.76,83.0,113.0,137.0,65.81,Low Risk
4.3,60,0,60.36,75.05,62.04,63.08,49.92,75.05,77.0,119.0,134.0,72.59,Low Risk
4.3,60,1,57.35,80.86,57.73,60.15,74.14,80.86,81.0,113.0,139.0,67.96,Low Risk
4.3,60,2,54.14,71.16,60.14,70.18,61.0,71.16,73.0,119.0,132.0,76.49,Low Risk
4.3,90,0,54.3,69.22,58.47,68.01,54.96,69.22,71.0,119.0,133.0,78.45,Low Risk
4.3,90,1,50.69,71.01,64.28,79.61,72.96,71.01,72.0,118.0,130.0,77.3,Low Risk
4.3,90,2,57.95,74.63,57.67,59.17,57.95,74.63,76.0,117.0,136.0,73.27,Low Risk
4.3,120,0,51.28,68.8,58.83,72.52,64.92,68.8,69.0,119.0,132.0,80.41,Low Risk
4.3,120,1,58.5,74.92,60.85,63.95,55.91,74.92,76.0,118.0,134.0,73.38,Low Risk
4.3,120,2,53.68,72.29,58.0,66.59,65.65,72.29,73.0,117.0,135.0,76.18,Low Risk
4.3,180,0,54.23,76.01,51.53,56.38,82.14,76.01,76.0,114.0,140.0,73.13,Low Risk
4.3,180,1,54.13,73.54,52.42,57.25,73.23,73.54,74.0,116.0,138.0,75.21,Low Risk
4.3,180,2,52.9,68.32,56.15,65.95,57.54,68.32,69.0,119.0,133.0,80.42,Low Risk
4.3,240,0,49.38,70.24,57.47,71.24,75.73,70.24,71.0,116.0,133.0,77.94,Low Risk
4.3,240,1,55.69,65.84,55.73,59.78,39.31,65.84,67.0,122.0,133.0,82.98,Low Risk
4.3,240,2,51.47,67.45,61.93,79.19,60.43,67.45,69.0,120.0,130.0,80.63,Low Risk
4.3,300,0,53.98,63.86,55.06,62.92,39.44,63.86,65.0,122.0,131.0,84.94,Low Risk
4.3,300,1,49.64,63.82,51.39,63.36,56.68,63.82,64.0,119.0,133.0,85.33,Low Risk
4.3,300,2,52.36,70.23,56.25,66.16,64.89,70.23,71.0,118.0,134.0,78.29,Low Risk
4.3,360,0,54.9,63.34,52.16,52.36,44.99,63.34,65.0,122.0,134.0,84.95,Low Risk
4.3,360,1,54.15,64.75,52.95,56.64,46.46,64.75,66.0,121.0,134.0,83.77,Low Risk
4.3,360,2,54.66,65.59,54.47,59.15,43.25,65.59,67.0,120.0,133.0,82.57,Low Risk
4.3,480,0,57.59,64.98,56.27,55.15,34.19,64.98,67.0,123.0,132.0,83.2,Low Risk
4.3,480,1,54.49,61.1,49.43,46.72,48.71,61.1,63.0,123.0,134.0,87.12,Low Risk
4.3,480,2,50.31,62.94,52.46,64.75,51.15,62.94,63.0,120.0,133.0,86.5,Low Risk
4.4,0,0,93.84,154.77,132.92,78.8,100.38,154.77,151.0,103.0,133.0,3.32,Low Risk
4.4,0,1,90.66,144.75,132.21,82.58,95.29,144.75,143.0,107.0,129.0,6.56,Low Risk
4.4,0,2,92.08,151.55,138.32,82.86,100.07,151.55,149.0,106.0,129.0,3.74,Low Risk
4.4,1,0,85.85,131.81,109.14,74.79,88.92,131.81,130.0,107.0,135.0,18.49,Low Risk
4.4,1,1,80.59,129.17,109.7,77.54,95.91,129.17,128.0,107.0,134.0,20.32,Low Risk
4.4,1,2,83.63,130.53,108.76,75.66,91.62,130.53,129.0,107.0,135.0,19.47,Low Risk
4.4,2,0,81.0,119.48,97.3,72.31,82.12,119.48,119.0,110.0,136.0,29.88,Low Risk
4.4,2,1,77.26,120.01,105.41,79.31,90.85,120.01,120.0,109.0,132.0,28.44,Low Risk
4.4,2,2,76.4,121.65,103.05,77.24,94.86,121.65,120.0,108.0,133.0,28.3,Low Risk
4.4,5,0,66.87,100.52,92.51,82.39,85.38,100.52,101.0,114.0,129.0,48.15,Low Risk
4.4,5,1,74.4,105.74,93.63,77.97,75.58,105.74,107.0,114.0,131.0,42.21,Low Risk
4.4,5,2,73.98,106.82,86.41,70.95,78.39,106.82,107.0,111.0,136.0,41.79,Low Risk
4.4,10,0,71.46,96.46,78.79,68.41,66.09,96.46,98.0,114.0,135.0,51.08,Low Risk
4.4,10,1,64.26,95.62,74.93,69.82,83.63,95.62,95.0,112.0,136.0,53.75,Low Risk
4.4,10,2,68.36,91.99,81.06,75.69,65.49,91.99,93.0,117.0,131.0,56.52,Low Risk
4.4,15,0,62.36,88.94,72.93,71.53,76.22,88.94,89.0,114.0,134.0,59.87,Low Risk
4.4,15,1,63.44,95.4,79.36,74.52,85.44,95.4,96.0,112.0,133.0,52.62,Low Risk
4.4,15,2,64.98,89.66,77.73,75.08,70.18,89.66,91.0,116.0,132.0,58.25,Low Risk
4.4,30,0,63.88,79.77,68.03,67.47,50.78,79.77,82.0,119.0,132.0,67.68,Low Risk
4.4,30,1,55.03,85.62,74.46,78.62,91.13,85.62,86.0,114.0,131.0,62.81,Low Risk
4.4,30,2,60.73,75.88,70.09,78.11,50.9,75.88,78.0,121.0,129.0,72.1,Low Risk
4.4,45,0,56.1,76.59,66.74,75.16,68.24,76.59,77.0,118.0,131.0,72.37,Low Risk
4.4,45,1,59.57,77.12,62.91,65.35,58.02,77.12,79.0,117.0,135.0,70.28,Low Risk
4.4,45,2,59.19,77.35,61.54,63.52,59.89,77.35,79.0,117.0,135.0,70.28,Low Risk
4.4,60,0,56.75,77.28,62.18,67.56,67.76,77.28,78.0,117.0,134.0,71.22,Low Risk
4.4,60,1,53.51,79.23,54.5,60.82,82.8,79.23,79.0,112.0,140.0,69.92,Low Risk
4.4,60,2,56.41,74.4,63.16,70.86,61.68,74.4,76.0,118.0,132.0,73.35,Low Risk
4.4,90,0,58.1,76.74,57.89,59.33,62.66,76.74,77.0,117.0,137.0,72.35,Low Risk
4.4,90,1,58.18,73.95,54.89,54.52,65.73,73.95,75.0,118.0,137.0,74.5,Low Risk
4.4,90,2,62.12,69.05,61.28,56.46,28.67,69.05,72.0,123.0,132.0,78.34,Low Risk
4.4,120,0,56.75,72.37,56.85,59.86,55.03,72.37,73.0,118.0,135.0,76.35,Low Risk
4.4,120,1,58.06,66.86,58.14,59.92,33.55,66.86,69.0,122.0,132.0,81.02,Low Risk
4.4,120,2,53.89,69.51,59.62,70.61,57.3,69.51,70.0,120.0,132.0,79.62,Low Risk
4.4,180,0,57.77,68.24,58.57,61.94,39.12,68.24,70.0,121.0,133.0,79.84,Low Risk
4.4,180,1,54.69,66.59,55.46,61.59,45.58,66.59,68.0,120.0,133.0,81.59,Low Risk
4.4,180,2,53.64,67.18,57.52,68.2,51.39,67.18,69.0,120.0,133.0,80.61,Low Risk
4.4,240,0,54.59,63.08,49.96,49.13,53.04,63.08,65.0,121.0,135.0,84.78,Low Risk
4.4,240,1,55.16,65.4,55.82,61.57,39.92,65.4,67.0,122.0,133.0,82.98,Low Risk
4.4,240,2,56.23,64.04,50.68,47.26,53.2,64.04,66.0,122.0,135.0,84.01,Low Risk
4.4,300,0,58.45,67.9,52.72,48.4,57.0,67.9,70.0,121.0,136.0,79.93,Low Risk
4.4,300,1,50.63,65.31,50.41,59.23,58.19,65.31,66.0,118.0,135.0,83.24,Low Risk
4.4,300,2,56.08,64.51,57.26,63.85,33.34,64.51,67.0,123.0,131.0,83.2,Low Risk
4.4,360,0,51.88,62.95,51.99,59.98,44.86,62.95,63.0,121.0,133.0,86.69,Low Risk
4.4,360,1,45.21,65.72,52.76,70.66,79.59,65.72,65.0,116.0,133.0,83.87,Low Risk
4.4,360,2,55.55,60.42,56.76,67.05,20.55,60.42,63.0,125.0,130.0,87.58,Low Risk
4.4,480,0,55.03,68.73,52.09,54.39,61.74,68.73,70.0,119.0,136.0,79.53,Low Risk
4.4,480,1,55.61,60.56,54.38,53.73,26.0,60.56,63.0,125.0,131.0,87.56,Low Risk
4.4,480,2,50.26,60.02,48.87,55.96,47.35,60.02,61.0,121.0,134.0,88.67,Low Risk
4.5,0,0,92.02,148.53,133.13,81.37,97.02,148.53,146.0,106.0,130.0,3.46,Low Risk
4.5,0,1,86.58,144.62,136.12,85.13,102.35,144.62,142.0,107.0,126.0,9.0,Low Risk
4.5,0,2,94.71,147.85,131.99,80.6,91.65,147.85,145.0,107.0,131.0,4.36,Low Risk
4.5,1,0,84.99,130.28,112.07,77.51,88.66,130.28,129.0,108.0,133.0,19.44,Low Risk
4.5,1,1,85.21,126.83,111.72,78.67,83.68,126.83,126.0,110.0,132.0,22.8,Low Risk
4.5,1,2,81.88,128.21,110.46,78.07,92.15,128.21,127.0,108.0,133.0,21.4,Low Risk
4.5,2,0,77.36,118.69,98.8,75.15,88.79,118.69,118.0,109.0,135.0,30.56,Low Risk
4.5,2,1,79.55,115.66,101.29,77.63,79.61,115.66,116.0,112.0,132.0,32.98,Low Risk
4.5,2,2,76.26,119.66,95.59,72.96,92.49,119.66,118.0,107.0,137.0,30.56,Low Risk
4.5,5,0,73.14,102.0,92.12,79.28,72.14,102.0,103.0,116.0,130.0,46.62,Low Risk
4.5,5,1,69.04,103.88,94.2,81.21,85.54,103.88,104.0,114.0,129.0,45.22,Low Risk
4.5,5,2,69.64,107.75,88.57,74.49,90.19,107.75,107.0,110.0,134.0,41.48,Low Risk
4.5,10,0,67.15,94.27,81.76,75.73,73.36,94.27,96.0,115.0,132.0,53.15,Low Risk
4.5,10,1,63.85,91.11,77.3,74.39,76.3,91.11,92.0,114.0,133.0,56.89,Low Risk
4.5,10,2,66.2,93.4,81.34,76.28,74.25,93.4,95.0,115.0,132.0,54.13,Low Risk
4.5,15,0,67.47,86.01,72.26,67.38,54.97,86.01,88.0,117.0,134.0,61.42,Low Risk
4.5,15,1,59.25,95.03,75.38,73.12,96.02,95.03,95.0,110.0,135.0,53.42,Low Risk
4.5,15,2,65.0,84.92,74.46,73.84,59.83,84.92,86.0,118.0,131.0,63.57,Low Risk
4.5,30,0,61.67,80.73,70.78,73.93,60.21,80.73,82.0,118.0,132.0,67.47,Low Risk
4.5,30,1,67.07,78.64,64.49,54.22,45.9,78.64,81.0,121.0,135.0,69.19,Low Risk
4.5,30,2,57.51,86.3,70.68,73.32,85.09,86.3,87.0,113.0,134.0,61.69,Low Risk
4.5,45,0,58.06,77.95,61.73,65.16,65.06,77.95,78.0,117.0,135.0,71.26,Low Risk
4.5,45,1,61.14,76.7,63.4,63.99,51.74,76.7,78.0,119.0,134.0,71.62,Low Risk
4.5,45,2,60.3,77.28,63.47,65.25,56.04,77.28,79.0,118.0,134.0,70.43,Low Risk
4.5,60,0,57.45,77.93,66.99,73.56,67.03,77.93,79.0,117.0,132.0,70.21,Low Risk
4.5,60,1,59.17,77.96,61.45,63.28,61.44,77.96,79.0,117.0,135.0,70.28,Low Risk
4.5,60,2,55.29,77.51,62.56,69.43,73.09,77.51,78.0,116.0,134.0,71.05,Low Risk
4.5,90,0,51.84,71.7,59.15,70.64,70.64,71.7,72.0,117.0,133.0,77.11,Low Risk
4.5,90,1,54.57,77.13,60.84,67.95,74.57,77.13,78.0,115.0,135.0,70.92,Low Risk
4.5,90,2,60.23,73.48,59.64,58.41,48.02,73.48,75.0,120.0,135.0,74.79,Low Risk
4.5,120,0,52.47,70.93,57.77,68.23,66.35,70.93,71.0,118.0,134.0,78.29,Low Risk
4.5,120,1,51.18,69.28,56.76,68.87,66.6,69.28,70.0,118.0,134.0,79.27,Low Risk
4.5,120,2,56.53,72.28,55.99,58.69,57.46,72.28,73.0,118.0,136.0,76.4,Low Risk
4.5,180,0,55.67,68.12,47.06,47.47,78.83,68.12,69.0,118.0,139.0,80.54,Low Risk
4.5,180,1,52.81,71.9,50.62,56.6,75.46,71.9,72.0,115.0,138.0,77.03,Low Risk
4.5,180,2,54.6,73.42,53.39,57.86,69.58,73.42,74.0,116.0,137.0,75.13,Low Risk
4.5,240,0,53.63,63.36,59.26,76.93,39.16,63.36,65.0,123.0,129.0,85.2,Low Risk
4.5,240,1,53.38,67.41,58.44,70.43,53.1,67.41,69.0,120.0,132.0,80.6,Low Risk
4.5,240,2,55.61,64.65,52.44,51.92,48.16,64.65,66.0,122.0,134.0,83.98,Low Risk
4.5,300,0,54.66,64.42,47.12,46.66,68.49,64.42,66.0,120.0,137.0,83.7,Low Risk
4.5,300,1,53.02,61.85,58.32,77.57,36.43,61.85,64.0,124.0,129.0,86.4,Low Risk
4.5,300,2,53.71,63.58,51.37,53.96,48.95,63.58,65.0,121.0,134.0,84.75,Low Risk
4.5,360,0,47.17,62.25,55.83,76.8,61.79,62.25,63.0,120.0,130.0,86.52,Low Risk
4.5,360,1,59.53,67.73,52.5,45.9,57.32,67.73,70.0,121.0,136.0,79.93,Low Risk
4.5,360,2,51.54,62.68,58.96,79.54,45.32,62.68,64.0,123.0,129.0,86.17,Low Risk
4.5,480,0,51.78,70.82,55.96,66.23,68.57,70.82,71.0,117.0,135.0,78.15,Low Risk
4.5,480,1,47.12,62.47,49.77,64.83,62.68,62.47,63.0,119.0,134.0,86.34,Low Risk
4.5,480,2,52.1,64.29,60.77,80.88,48.35,64.29,66.0,122.0,129.0,84.01,Low Risk
4.6,0,0,88.77,151.69,133.85,81.04,105.77,151.69,148.0,103.0,131.0,1.41,Low Risk
4.6,0,1,92.0,151.33,128.87,78.2,99.98,151.33,148.0,103.0,134.0,2.24,Low Risk
4.6,0,2,92.32,152.53,132.98,79.81,100.66,152.53,149.0,104.0,132.0,1.0,Low Risk
4.6,1,0,83.44,132.84,114.04,78.15,94.82,132.84,131.0,107.0,133.0,17.29,Low Risk
4.6,1,1,81.95,125.08,109.43,78.68,87.94,125.08,125.0,109.0,132.0,23.54,Low Risk
4.6,1,2,81.07,129.36,109.8,77.41,95.18,129.36,128.0,107.0,134.0,20.32,Low Risk
4.6,2,0,74.07,114.44,96.46,76.21,89.95,114.44,114.0,110.0,133.0,34.54,Low Risk
4.6,2,1,76.17,113.6,98.41,77.39,84.01,113.6,114.0,111.0,132.0,34.71,Low Risk
4.6,2,2,75.7,114.0,102.55,80.58,85.68,114.0,114.0,112.0,130.0,34.99,Low Risk
4.6,5,0,72.36,101.66,86.47,74.04,73.49,101.66,102.0,114.0,133.0,47.09,Low Risk
4.6,5,1,71.75,101.16,85.43,73.55,74.13,101.16,102.0,113.0,133.0,46.88,Low Risk
4.6,5,2,73.73,105.96,89.59,74.35,77.56,105.96,106.0,112.0,133.0,42.77,Low Risk
4.6,10,0,68.33,87.36,82.56,81.98,55.55,87.36,90.0,120.0,129.0,60.24,Low Risk
4.6,10,1,66.73,96.32,79.66,72.7,78.35,96.32,97.0,113.0,134.0,51.83,Low Risk
4.6,10,2,65.7,92.46,79.6,75.16,73.82,92.46,93.0,115.0,132.0,56.09,Low Risk
4.6,15,0,62.27,90.77,68.99,66.7,80.08,90.77,91.0,112.0,137.0,57.78,Low Risk
4.6,15,1,61.58,94.3,71.87,69.05,88.49,94.3,94.0,110.0,137.0,54.56,Low Risk
4.6,15,2,62.48,85.52,74.76,75.56,68.68,85.52,87.0,117.0,131.0,62.38,Low Risk
4.6,30,0,57.59,80.18,69.41,75.27,71.85,80.18,82.0,116.0,132.0,67.08,Low Risk
4.6,30,1,57.7,83.1,69.33,73.32,77.95,83.1,84.0,115.0,133.0,64.95,Low Risk
4.6,30,2,62.96,81.16,76.59,82.0,57.18,81.16,84.0,119.0,129.0,65.8,Low Risk
4.6,45,0,61.3,78.1,60.88,58.94,56.21,78.1,80.0,117.0,137.0,69.41,Low Risk
4.6,45,1,57.85,81.4,68.64,73.33,73.79,81.4,82.0,116.0,133.0,67.09,Low Risk
4.6,45,2,62.58,79.48,59.74,55.39,63.32,79.48,81.0,117.0,138.0,68.51,Low Risk
4.6,60,0,58.56,71.13,56.95,56.27,50.86,71.13,73.0,119.0,135.0,76.54,Low Risk
4.6,60,1,57.82,76.43,64.12,69.77,62.09,76.43,77.0,118.0,133.0,72.37,Low Risk
4.6,60,2,58.59,76.45,58.45,59.44,60.03,76.45,77.0,117.0,136.0,72.29,Low Risk
4.6,90,0,55.49,67.51,52.78,54.18,55.64,67.51,69.0,119.0,136.0,80.51,Low Risk
4.6,90,1,58.03,69.77,61.41,68.25,42.92,69.77,72.0,122.0,131.0,78.11,Low Risk
4.6,90,2,59.13,70.18,60.56,63.53,40.13,70.18,73.0,121.0,132.0,76.9,Low Risk
4.6,120,0,53.02,64.73,57.53,71.15,46.16,64.73,66.0,122.0,131.0,83.96,Low Risk
4.6,120,1,53.59,68.95,63.08,78.11,56.82,68.95,70.0,121.0,129.0,79.89,Low Risk
4.6,120,2,50.42,71.42,54.17,65.0,74.97,71.42,71.0,116.0,136.0,78.03,Low Risk
4.6,180,0,56.72,68.98,56.27,58.6,46.99,68.98,70.0,121.0,134.0,79.86,Low Risk
4.6,180,1,51.16,65.79,57.91,73.44,56.69,65.79,67.0,120.0,131.0,82.57,Low Risk
4.6,180,2,59.31,69.53,52.44,47.67,62.67,69.53,71.0,120.0,137.0,78.8,Low Risk
4.6,240,0,54.39,74.01,54.18,59.35,68.33,74.01,75.0,115.0,137.0,73.99,Low Risk
4.6,240,1,57.76,64.51,53.75,48.53,42.54,64.51,67.0,122.0,134.0,83.0,Low Risk
4.6,240,2,55.23,67.92,51.57,52.98,61.37,67.92,69.0,119.0,136.0,80.51,Low Risk
4.6,300,0,50.51,68.73,56.56,69.57,67.62,68.73,69.0,118.0,133.0,80.24,Low Risk
4.6,300,1,57.47,71.18,53.39,52.82,63.74,71.18,73.0,118.0,137.0,76.46,Low Risk
4.6,300,2,52.0,69.82,55.12,64.89,65.08,69.82,70.0,118.0,134.0,79.27,Low Risk
4.6,360,0,49.66,61.94,53.79,69.7,50.58,61.94,63.0,121.0,131.0,86.69,Low Risk
4.6,360,1,52.07,64.96,55.53,67.67,50.61,64.96,66.0,121.0,132.0,83.74,Low Risk
4.6,360,2,54.88,69.03,46.52,48.59,83.17,69.03,70.0,117.0,140.0,79.48,Low Risk
4.6,480,0,52.88,66.08,46.76,50.21,74.55,66.08,67.0,118.0,138.0,82.42,Low Risk
4.6,480,1,50.16,61.48,51.41,62.95,46.94,61.48,63.0,121.0,133.0,86.69,Low Risk
4.6,480,2,57.01,70.07,48.9,48.24,77.04,70.07,71.0,118.0,139.0,78.57,Low Risk
4.7,0,0,93.58,152.68,133.16,79.65,98.7,152.68,149.0,104.0,132.0,1.0,Low Risk
4.7,0,1,93.2,151.91,137.06,81.96,98.56,151.91,149.0,106.0,129.0,3.74,Low Risk
4.7,0,2,95.31,147.82,134.39,81.87,90.59,147.82,146.0,108.0,129.0,5.39,Low Risk
4.7,1,0,84.22,129.12,114.23,79.61,88.68,129.12,129.0,109.0,131.0,19.67,Low Risk
4.7,1,1,82.1,128.78,111.2,78.27,92.42,128.78,128.0,108.0,132.0,20.4,Low Risk
4.7,1,2,75.48,127.93,108.84,78.64,104.54,127.93,126.0,106.0,133.0,22.11,Low Risk
4.7,2,0,73.05,121.73,102.39,77.65,101.97,121.73,120.0,107.0,133.0,28.18,Low Risk
4.7,2,1,76.52,115.74,101.77,78.87,86.39,115.74,116.0,111.0,132.0,32.76,Low Risk
4.7,2,2,79.59,114.95,100.86,77.62,78.44,114.95,115.0,112.0,132.0,33.96,Low Risk
4.7,5,0,72.42,96.78,86.95,77.46,64.2,96.78,99.0,116.0,131.0,50.46,Low Risk
4.7,5,1,68.52,102.19,85.61,74.81,84.0,102.19,103.0,112.0,134.0,45.75,Low Risk
4.7,5,2,70.22,108.36,86.15,72.12,89.74,108.36,108.0,109.0,136.0,40.51,Low Risk
4.7,10,0,66.08,98.52,76.14,68.93,83.96,98.52,98.0,111.0,137.0,50.73,Low Risk
4.7,10,1,70.65,92.55,83.14,76.69,60.35,92.55,95.0,118.0,130.0,54.85,Low Risk
4.7,10,2,67.45,93.45,77.6,71.31,70.95,93.45,95.0,114.0,134.0,53.97,Low Risk
4.7,15,0,60.98,87.64,75.74,76.18,77.56,87.64,88.0,115.0,132.0,61.0,Low Risk
4.7,15,1,62.81,86.46,72.29,71.63,69.74,86.46,87.0,116.0,133.0,62.18,Low Risk
4.7,15,2,65.83,91.08,71.04,65.82,70.7,91.08,92.0,113.0,136.0,56.86,Low Risk
4.7,30,0,57.46,81.15,70.77,76.43,74.45,81.15,82.0,116.0,132.0,67.08,Low Risk
4.7,30,1,62.9,76.26,65.4,65.24,44.66,76.26,79.0,120.0,133.0,70.84,Low Risk
4.7,30,2,56.67,79.21,71.0,78.63,72.56,79.21,81.0,117.0,130.0,68.28,Low Risk
4.7,45,0,53.55,71.57,60.38,70.97,64.2,71.57,72.0,119.0,132.0,77.47,Low Risk
4.7,45,1,58.68,78.29,64.18,68.03,63.86,78.29,80.0,117.0,134.0,69.26,Low Risk
4.7,45,2,61.35,71.14,66.43,75.15,35.1,71.14,74.0,123.0,130.0,76.43,Low Risk
4.7,60,0,55.86,76.38,56.82,61.06,68.52,76.38,77.0,115.0,137.0,72.02,Low Risk
4.7,60,1,56.81,74.9,64.26,71.95,61.58,74.9,76.0,119.0,132.0,73.55,Low Risk
4.7,60,2,52.04,74.28,57.53,67.04,76.35,74.28,75.0,115.0,136.0,73.93,Low Risk
4.7,90,0,57.04,73.74,62.07,68.66,57.76,73.74,75.0,119.0,133.0,74.53,Low Risk
4.7,90,1,53.91,74.19,62.29,72.0,69.68,74.19,75.0,117.0,133.0,74.16,Low Risk
4.7,90,2,50.59,73.24,61.08,73.49,78.87,73.24,74.0,116.0,132.0,74.97,Low Risk
4.7,120,0,53.95,66.04,59.43,73.19,46.69,66.04,68.0,121.0,131.0,81.79,Low Risk
4.7,120,1,51.13,69.14,56.48,68.54,66.43,69.14,70.0,118.0,134.0,79.27,Low Risk
4.7,120,2,56.87,67.79,54.55,54.43,49.82,67.79,69.0,121.0,135.0,80.86,Low Risk
4.7,180,0,54.04,70.55,61.48,73.11,59.68,70.55,72.0,120.0,131.0,77.67,Low Risk
4.7,180,1,49.22,68.48,51.36,62.98,71.71,68.48,69.0,117.0,136.0,80.16,Low Risk
4.7,180,2,56.8,64.72,52.59,49.32,47.76,64.72,66.0,122.0,134.0,83.98,Low Risk
4.7,240,0,51.37,65.97,54.36,65.77,56.46,65.97,66.0,120.0,133.0,83.55,Low Risk
4.7,240,1,54.59,66.19,49.4,50.45,64.69,66.19,68.0,119.0,137.0,81.55,Low Risk
4.7,240,2,55.32,66.04,56.87,63.99,41.41,66.04,68.0,121.0,133.0,81.79,Low Risk
4.7,300,0,50.58,60.46,52.42,65.21,41.66,60.46,62.0,122.0,132.0,87.86,Low Risk
4.7,300,1,56.59,65.75,51.92,49.59,53.64,65.75,67.0,122.0,135.0,83.03,Low Risk
4.7,300,2,50.1,70.54,49.43,58.73,76.31,70.54,70.0,115.0,138.0,79.0,Low Risk
4.7,360,0,50.21,66.27,46.3,53.83,76.86,66.27,66.0,117.0,138.0,83.24,Low Risk
4.7,360,1,56.21,66.44,54.56,55.54,45.57,66.44,68.0,121.0,134.0,81.81,Low Risk
4.7,360,2,54.06,64.08,48.68,49.24,61.3,64.08,66.0,120.0,137.0,83.7,Low Risk
4.7,480,0,51.5,60.62,52.38,62.56,38.38,60.62,62.0,122.0,132.0,87.86,Low Risk
4.7,480,1,54.34,67.98,52.04,55.36,59.79,67.98,69.0,119.0,135.0,80.47,Low Risk
4.7,480,2,54.69,62.65,49.49,47.88,53.59,62.65,64.0,121.0,135.0,85.76,Low Risk
4.8,0,0,93.42,149.84,132.81,80.49,96.02,149.84,147.0,106.0,131.0,2.45,Low Risk
4.8,0,1,88.82,148.36,133.91,82.26,102.34,148.36,146.0,105.0,130.0,3.0,Low Risk
4.8,0,2,94.66,148.04,134.01,81.66,91.95,148.04,146.0,107.0,130.0,4.12,Low Risk
4.8,1,0,79.75,127.8,114.7,81.37,95.88,127.8,126.0,109.0,130.0,22.65,Low Risk
4.8,1,1,83.77,130.14,116.18,80.52,90.86,130.14,130.0,108.0,131.0,18.47,Low Risk
4.8,1,2,79.23,124.8,108.28,78.69,93.1,124.8,124.0,109.0,132.0,24.52,Low Risk
4.8,2,0,75.59,109.8,99.73,80.72,79.45,109.8,110.0,113.0,130.0,39.1,Low Risk
4.8,2,1,74.72,119.21,101.41,77.56,95.17,119.21,119.0,108.0,133.0,29.29,Low Risk
4.8,2,2,74.55,118.63,102.52,78.6,94.75,118.63,118.0,109.0,132.0,30.41,Low Risk
4.8,5,0,67.18,100.4,79.79,70.99,84.37,100.4,101.0,111.0,136.0,47.69,Low Risk
4.8,5,1,66.22,99.66,86.69,77.93,85.57,99.66,100.0,113.0,132.0,48.84,Low Risk
4.8,5,2,66.65,100.34,82.79,73.96,85.62,100.34,101.0,111.0,134.0,47.56,Low Risk
4.8,10,0,65.37,93.07,78.31,73.61,75.87,93.07,94.0,114.0,133.0,54.93,Low Risk
4.8,10,1,64.9,87.17,75.25,73.53,65.14,87.17,89.0,117.0,132.0,60.42,Low Risk
4.8,10,2,63.64,90.58,77.33,74.83,75.84,90.58,91.0,115.0,132.0,58.05,Low Risk
4.8,15,0,66.79,89.1,69.4,63.15,63.86,89.1,90.0,115.0,137.0,59.25,Low Risk
4.8,15,1,64.55,88.59,69.94,66.36,69.2,88.59,89.0,114.0,136.0,59.97,Low Risk
4.8,15,2,65.06,86.19,68.13,64.0,62.5,86.19,88.0,116.0,136.0,61.32,Low Risk
4.8,30,0,60.51,79.96,64.85,66.33,62.03,79.96,81.0,117.0,134.0,68.28,Low Risk
4.8,30,1,59.03,77.15,67.36,73.39,59.9,77.15,79.0,119.0,132.0,70.61,Low Risk
4.8,30,2,59.01,79.81,66.61,70.56,66.45,79.81,81.0,117.0,133.0,68.26,Low Risk
4.8,45,0,54.05,73.07,55.61,62.12,66.39,73.07,74.0,116.0,137.0,75.13,Low Risk
4.8,45,1,59.21,72.12,62.64,67.6,45.66,72.12,74.0,121.0,132.0,75.93,Low Risk
4.8,45,2,58.63,77.56,58.63,59.67,62.26,77.56,78.0,116.0,137.0,71.2,Low Risk
4.8,60,0,56.3,78.55,65.33,71.77,72.23,78.55,79.0,116.0,133.0,70.04,Low Risk
4.8,60,1,59.46,74.55,57.17,55.74,59.44,74.55,76.0,118.0,136.0,73.46,Low Risk
4.8,60,2,58.65,73.07,61.87,66.33,50.3,73.07,75.0,120.0,133.0,74.74,Low Risk
4.8,90,0,53.34,70.28,58.14,68.12,61.46,70.28,71.0,118.0,133.0,78.27,Low Risk
4.8,90,1,55.98,72.28,55.91,59.54,57.75,72.28,73.0,117.0,136.0,76.22,Low Risk
4.8,90,2,51.21,75.67,65.12,76.62,82.43,75.67,76.0,116.0,131.0,73.0,Low Risk
4.8,120,0,55.8,65.13,53.75,54.28,44.54,65.13,67.0,121.0,134.0,82.79,Low Risk
4.8,120,1,55.99,73.12,52.43,54.54,72.15,73.12,74.0,116.0,138.0,75.21,Low Risk
4.8,120,2,54.09,69.69,58.66,68.42,57.07,69.69,71.0,119.0,133.0,78.45,Low Risk
4.8,180,0,52.47,62.31,55.99,70.34,40.27,62.31,64.0,122.0,131.0,85.91,Low Risk
4.8,180,1,56.87,66.75,55.34,55.66,43.59,66.75,68.0,122.0,133.0,82.01,Low Risk
4.8,180,2,52.08,64.46,57.2,72.02,49.0,64.46,66.0,121.0,131.0,83.75,Low Risk
4.8,240,0,54.07,67.17,57.43,67.32,49.75,67.17,69.0,121.0,133.0,80.81,Low Risk
4.8,240,1,49.74,64.05,53.4,67.29,56.96,64.05,65.0,119.0,133.0,84.35,Low Risk
4.8,240,2,51.21,68.05,52.36,61.7,63.1,68.05,69.0,117.0,136.0,80.16,Low Risk
4.8,300,0,49.51,64.99,52.59,65.6,60.73,64.99,65.0,119.0,133.0,84.35,Low Risk
4.8,300,1,55.29,65.97,53.46,55.3,48.36,65.97,67.0,121.0,134.0,82.79,Low Risk
4.8,300,2,53.45,64.23,49.93,52.32,56.77,64.23,66.0,120.0,136.0,83.64,Low Risk
4.8,360,0,53.04,63.11,56.51,69.95,40.67,63.11,65.0,122.0,131.0,84.94,Low Risk
4.8,360,1,56.2,66.0,52.58,51.62,51.87,66.0,68.0,120.0,135.0,81.64,Low Risk
4.8,360,2,51.91,60.32,50.79,56.17,40.28,60.32,62.0,122.0,133.0,87.87,Low Risk
4.8,480,0,52.02,63.81,51.93,59.44,47.45,63.81,65.0,121.0,134.0,84.75,Low Risk
4.8,480,1,54.48,61.04,48.48,45.4,52.49,61.04,63.0,123.0,135.0,87.15,Low Risk
4.8,480,2,56.07,65.43,49.35,47.2,62.66,65.43,67.0,121.0,137.0,82.92,Low Risk
4.9,0,0,91.68,150.69,132.09,80.1,99.86,150.69,147.0,104.0,131.0,1.41,Low Risk
4.9,0,1,93.42,158.6,132.57,77.58,104.81,158.6,154.0,101.0,135.0,7.35,Low Risk
4.9,0,2,93.99,145.94,130.55,80.66,90.78,145.94,144.0,107.0,131.0,5.1,Low Risk
4.9,1,0,84.84,128.54,96.89,67.89,86.7,128.54,127.0,106.0,141.0,22.93,Low Risk
4.9,1,1,83.18,133.09,104.07,72.16,95.64,133.09,131.0,104.0,138.0,18.03,Low Risk
4.9,1,2,85.71,119.02,112.87,84.0,71.36,119.02,121.0,114.0,128.0,29.07,Low Risk
4.9,2,0,76.07,109.25,101.17,82.23,77.44,109.25,111.0,114.0,129.0,38.44,Low Risk
4.9,2,1,79.55,117.39,101.58,77.04,82.2,117.39,118.0,111.0,133.0,30.82,Low Risk
4.9,2,2,74.86,110.71,101.9,82.17,82.58,110.71,111.0,113.0,129.0,38.2,Low Risk
4.9,5,0,74.42,104.58,79.86,65.05,73.54,104.58,105.0,111.0,139.0,44.12,Low Risk
4.9,5,1,64.62,98.65,81.04,74.06,87.95,98.65,99.0,111.0,134.0,49.54,Low Risk
4.9,5,2,69.3,102.37,81.53,70.7,82.37,102.37,103.0,111.0,136.0,45.72,Low Risk
4.9,10,0,66.86,92.86,74.79,68.76,71.41,92.86,93.0,114.0,135.0,55.98,Low Risk
4.9,10,1,64.01,85.21,75.43,75.74,63.45,85.21,87.0,118.0,131.0,62.59,Low Risk
4.9,10,2,64.55,91.57,77.57,74.04,75.24,91.57,92.0,114.0,133.0,56.89,Low Risk
4.9,15,0,62.92,85.15,72.55,72.59,66.59,85.15,87.0,116.0,133.0,62.18,Low Risk
4.9,15,1,65.19,85.66,72.64,70.53,60.94,85.66,87.0,117.0,133.0,62.38,Low Risk
4.9,15,2,61.62,84.0,73.26,75.17,67.94,84.0,86.0,117.0,132.0,63.35,Low Risk
4.9,30,0,57.16,79.78,64.98,69.98,72.3,79.78,80.0,116.0,134.0,69.08,Low Risk
4.9,30,1,57.91,77.64,63.37,67.93,64.78,77.64,78.0,117.0,134.0,71.22,Low Risk
4.9,30,2,53.89,79.77,65.59,73.16,82.73,79.77,80.0,114.0,133.0,68.74,Low Risk
4.9,45,0,59.76,73.51,67.33,76.08,47.69,73.51,76.0,121.0,130.0,74.01,Low Risk
4.9,45,1,56.08,72.48,58.66,64.36,57.71,72.48,74.0,118.0,134.0,75.34,Low Risk
4.9,45,2,52.01,79.7,65.75,74.47,88.59,79.7,80.0,114.0,133.0,68.74,Low Risk
4.9,60,0,58.01,70.23,65.04,76.84,44.35,70.23,73.0,122.0,129.0,77.19,Low Risk
4.9,60,1,55.16,72.11,63.92,75.09,59.95,72.11,74.0,119.0,131.0,75.51,Low Risk
4.9,60,2,58.19,79.52,60.36,62.7,68.4,79.52,80.0,115.0,137.0,69.07,Low Risk
4.9,90,0,53.78,68.38,51.57,55.73,62.7,68.38,69.0,118.0,136.0,80.33,Low Risk
4.9,90,1,54.14,73.65,58.9,66.95,67.56,73.65,74.0,117.0,135.0,75.19,Low Risk
4.9,90,2,55.04,67.23,57.79,66.4,46.26,67.23,69.0,121.0,133.0,80.81,Low Risk
4.9,120,0,57.25,69.84,56.06,57.09,50.31,69.84,71.0,120.0,134.0,78.67,Low Risk
4.9,120,1,51.82,71.15,46.16,52.91,89.55,71.15,71.0,115.0,141.0,78.3,Low Risk
4.9,120,2,55.36,76.26,51.03,54.55,84.35,76.26,77.0,114.0,140.0,72.15,Low Risk
4.9,180,0,52.54,66.47,52.27,59.09,54.48,66.47,67.0,119.0,135.0,82.43,Low Risk
4.9,180,1,56.38,67.91,54.11,54.77,51.81,67.91,69.0,121.0,135.0,80.86,Low Risk
4.9,180,2,55.66,66.54,63.19,80.32,41.71,66.54,69.0,123.0,128.0,81.35,Low Risk
4.9,240,0,53.14,65.81,47.35,50.31,71.54,65.81,66.0,119.0,137.0,83.51,Low Risk
4.9,240,1,51.06,68.67,48.47,55.85,74.99,68.67,69.0,117.0,138.0,80.29,Low Risk
4.9,240,2,46.21,65.32,56.59,75.87,74.59,65.32,66.0,118.0,131.0,83.19,Low Risk
4.9,300,0,52.41,63.33,46.08,48.72,69.45,63.33,64.0,120.0,137.0,85.66,Low Risk
4.9,300,1,53.64,66.32,46.31,48.74,76.94,66.32,67.0,118.0,139.0,82.5,Low Risk
4.9,300,2,55.68,66.63,55.05,58.04,44.32,66.63,68.0,120.0,133.0,81.59,Low Risk
4.9,360,0,53.72,65.63,52.6,57.09,50.63,65.63,67.0,120.0,135.0,82.62,Low Risk
4.9,360,1,54.58,58.21,46.53,39.12,51.16,58.21,60.0,124.0,134.0,90.27,Low Risk
4.9,360,2,49.77,63.28,52.2,65.04,54.46,63.28,64.0,120.0,133.0,85.52,Low Risk
4.9,480,0,52.51,66.06,53.59,62.06,52.32,66.06,68.0,119.0,134.0,81.42,Low Risk
4.9,480,1,48.92,63.43,47.6,57.19,63.61,63.43,63.0,118.0,136.0,86.24,Low Risk
4.9,480,2,50.97,63.68,39.92,45.79,95.13,63.68,63.0,117.0,141.0,86.46,Low Risk
5.0,0,0,99.23,152.7,130.21,76.95,89.28,152.7,150.0,105.0,134.0,3.0,Low Risk
5.0,0,1,97.78,149.96,132.4,79.46,88.72,149.96,147.0,107.0,131.0,3.32,Low Risk
5.0,0,2,90.54,155.96,131.69,78.43,106.96,155.96,151.0,101.0,134.0,4.69,Low Risk
5.0,1,0,81.41,130.53,111.43,77.9,95.96,130.53,129.0,107.0,133.0,19.26,Low Risk
5.0,1,1,80.8,130.25,117.29,81.68,96.81,130.25,129.0,108.0,130.0,19.52,Low Risk
5.0,1,2,81.91,127.27,110.19,78.26,90.87,127.27,126.0,108.0,132.0,22.36,Low Risk
5.0,2,0,79.77,113.94,98.48,76.0,76.48,113.94,114.0,112.0,132.0,34.93,Low Risk
5.0,2,1,71.23,112.19,97.76,78.99,93.1,112.19,112.0,110.0,132.0,36.5,Low Risk
5.0,2,2,75.67,121.05,100.92,76.27,95.59,121.05,120.0,107.0,135.0,28.32,Low Risk
5.0,5,0,66.12,98.32,89.31,81.15,83.51,98.32,99.0,114.0,129.0,50.1,Low Risk
5.0,5,1,72.24,100.59,83.86,71.9,71.88,100.59,102.0,114.0,135.0,47.17,Low Risk
5.0,5,2,72.23,97.52,86.36,76.33,66.13,97.52,99.0,116.0,131.0,50.46,Low Risk
5.0,10,0,71.02,90.96,73.44,63.29,55.91,90.96,93.0,117.0,136.0,56.66,Low Risk
5.0,10,1,65.43,88.94,71.59,67.48,67.39,88.94,90.0,115.0,135.0,59.11,Low Risk
5.0,10,2,66.3,93.7,74.84,68.96,74.56,93.7,94.0,114.0,136.0,55.06,Low Risk
5.0,15,0,60.73,82.35,70.58,73.26,66.96,82.35,84.0,116.0,132.0,65.12,Low Risk
5.0,15,1,60.17,82.21,76.71,82.06,68.35,82.21,84.0,118.0,129.0,65.58,Low Risk
5.0,15,2,63.26,86.96,73.68,72.79,69.49,86.96,88.0,116.0,133.0,61.2,Low Risk
5.0,30,0,60.83,76.72,65.1,67.68,52.79,76.72,78.0,120.0,132.0,71.81,Low Risk
5.0,30,1,57.71,79.27,65.31,70.17,69.34,79.27,80.0,116.0,134.0,69.08,Low Risk
5.0,30,2,57.37,73.97,64.72,72.87,57.21,73.97,75.0,120.0,131.0,74.74,Low Risk
5.0,45,0,56.31,68.8,62.58,74.63,46.29,68.8,71.0,121.0,130.0,78.88,Low Risk
5.0,45,1,59.82,82.06,59.88,59.75,69.1,82.06,83.0,114.0,139.0,66.14,Low Risk
5.0,45,2,55.31,71.15,61.68,71.67,56.76,71.15,73.0,119.0,132.0,76.49,Low Risk
5.0,60,0,56.54,69.88,58.53,64.1,48.67,69.88,71.0,120.0,133.0,78.65,Low Risk
5.0,60,1,50.0,75.09,56.74,67.68,85.21,75.09,75.0,114.0,136.0,73.79,Low Risk
5.0,60,2,55.83,68.03,57.3,63.27,45.74,68.03,70.0,120.0,133.0,79.63,Low Risk
5.0,90,0,53.88,69.62,58.03,67.53,57.66,69.62,70.0,120.0,132.0,79.62,Low Risk
5.0,90,1,59.03,71.85,59.47,60.69,45.49,71.85,74.0,120.0,134.0,75.74,Low Risk
5.0,90,2,59.06,71.36,56.48,54.5,53.2,71.36,73.0,120.0,136.0,76.79,Low Risk
5.0,120,0,56.99,71.23,57.01,59.71,50.98,71.23,73.0,119.0,135.0,76.54,Low Risk
5.0,120,1,49.6,65.49,54.24,68.38,61.87,65.49,66.0,119.0,133.0,83.37,Low Risk
5.0,120,2,56.3,67.95,58.48,65.23,43.71,67.95,70.0,121.0,132.0,79.83,Low Risk
5.0,180,0,56.99,69.6,56.82,59.27,46.83,69.6,71.0,120.0,134.0,78.67,Low Risk
5.0,180,1,49.93,67.45,51.38,62.13,66.23,67.45,68.0,117.0,136.0,81.15,Low Risk
5.0,180,2,48.1,65.14,57.18,75.56,66.73,65.14,66.0,119.0,131.0,83.37,Low Risk
5.0,240,0,53.86,70.82,52.59,57.59,65.65,70.82,71.0,117.0,137.0,78.25,Low Risk
5.0,240,1,59.82,65.3,52.12,42.24,51.46,65.3,68.0,123.0,135.0,82.28,Low Risk
5.0,240,2,48.64,68.1,50.55,62.59,72.87,68.1,68.0,116.0,136.0,80.99,Low Risk
5.0,300,0,50.14,67.75,54.73,67.44,66.27,67.75,68.0,118.0,134.0,81.24,Low Risk
5.0,300,1,55.48,62.82,51.1,48.52,47.56,62.82,65.0,123.0,134.0,85.17,Low Risk
5.0,300,2,51.9,66.25,55.91,68.01,55.23,66.25,67.0,120.0,133.0,82.57,Low Risk
5.0,360,0,52.89,69.18,53.34,60.5,60.05,69.18,70.0,118.0,135.0,79.3,Low Risk
5.0,360,1,51.08,65.74,55.77,69.21,56.87,65.74,66.0,120.0,132.0,83.55,Low Risk
5.0,360,2,57.78,66.81,50.73,46.59,61.39,66.81,68.0,120.0,137.0,81.74,Low Risk
5.0,480,0,50.71,64.05,54.81,68.84,53.13,64.05,65.0,120.0,132.0,84.53,Low Risk
5.0,480,1,52.66,63.69,49.94,53.77,55.03,63.69,65.0,120.0,135.0,84.58,Low Risk
5.0,480,2,50.37,61.84,50.2,59.21,48.01,61.84,62.0,121.0,133.0,87.67,Low Risk
5.0,0,1,92.61,151.08,130.18,79.28,98.685,151.0875,148.0,104.0,133.0,1.0,Low Risk
5.0,0,2,90.56,148.34,136.43,83.82,99.3225,148.3335,146.0,106.0,128.0,4.9,Low Risk
5.0,0,3,91.53,153.93,131.36,79.15,103.377,153.918,150.0,103.0,133.0,2.45,Low Risk
5.0,0,4,90.65,154.86,130.57,78.655,105.7485,154.86149999999998,150.0,102.0,134.0,3.46,Low Risk
5.0,1,1,83.11,127.53,109.5,77.825,88.8165,127.5255,127.0,109.0,133.0,21.61,Low Risk
5.0,1,2,80.95,124.54,109.25,79.475,89.25,124.542,124.0,109.0,131.0,24.54,Low Risk
5.0,1,3,83.56,127.03,111.13,79.025,87.261,127.041,127.0,109.0,132.0,21.59,Low Risk
5.0,1,4,81.71,128.14,109.7,78.085,92.412,128.1375,127.0,108.0,133.0,21.4,Low Risk
5.0,2,1,75.04,118.07,100.45,77.715,92.922,118.06500000000001,118.0,109.0,133.0,30.43,Low Risk
5.0,2,2,73.5,118.91,100.25,77.67,97.3845,118.9065,117.0,108.0,133.0,31.27,Low Risk
5.0,2,3,75.71,115.79,103.26,80.62,88.2555,115.7955,116.0,111.0,130.0,32.82,Low Risk
5.0,2,4,76.25,118.4,96.96,74.74,90.78,118.3965,118.0,108.0,135.0,30.41,Low Risk
5.0,5,1,67.83,102.12,84.02,74.165,85.62899999999999,102.12750000000001,102.0,111.0,134.0,46.57,Low Risk
5.0,5,2,68.8,102.4,83.61,73.225,83.691,102.408,103.0,111.0,135.0,45.64,Low Risk
5.0,5,3,71.27,101.37,84.65,73.335,75.7095,101.36250000000001,102.0,113.0,134.0,46.91,Low Risk
5.0,5,4,68.9,103.72,84.6,73.53,85.62899999999999,103.734,103.0,111.0,135.0,45.64,Low Risk
5.0,10,1,64.11,91.51,80.56,78.005,76.3725,91.5195,92.0,116.0,131.0,57.28,Low Risk
5.0,10,2,66.17,88.74,76.57,73.83,64.8465,88.74,90.0,117.0,132.0,59.44,Low Risk
5.0,10,3,64.43,90.51,76.07,73.385,73.4655,90.4995,91.0,115.0,133.0,58.06,Low Risk
5.0,10,4,60.43,92.59,74.72,73.33,88.587,92.59049999999999,92.0,112.0,135.0,56.65,Low Risk
5.0,15,1,63.38,81.83,70.89,72.205,57.477,81.82950000000001,83.0,118.0,132.0,66.49,Low Risk
5.0,15,2,62.07,79.49,64.61,64.375,55.896,79.48349999999999,81.0,118.0,135.0,68.51,Low Risk
5.0,15,3,60.15,85.3,72.42,74.635,75.174,85.2975,86.0,116.0,132.0,63.15,Low Risk
5.0,15,4,61.92,86.75,69.65,69.335,72.98100000000001,86.751,87.0,115.0,135.0,62.06,Low Risk
5.0,30,1,55.9,78.81,61.22,66.97,74.1285,78.8205,79.0,115.0,135.0,69.94,Low Risk
5.0,30,2,55.95,80.41,62.26,67.735,77.57100000000001,80.40150000000001,81.0,114.0,136.0,67.86,Low Risk
5.0,30,3,57.69,77.28,62.38,67.185,64.6425,77.2905,78.0,116.0,134.0,71.05,Low Risk
5.0,30,4,54.39,78.72,67.36,75.995,78.8205,78.71849999999999,79.0,116.0,131.0,70.04,Low Risk
5.0,45,1,58.97,70.93,59.08,60.275,42.993,70.91550000000001,72.0,120.0,133.0,77.67,Low Risk
5.0,45,2,56.18,74.31,58.84,64.41,62.22,74.307,76.0,117.0,135.0,73.23,Low Risk
5.0,45,3,55.91,73.57,59.94,66.86,61.225500000000004,73.5675,74.0,118.0,134.0,75.34,Low Risk
5.0,45,4,59.07,74.65,56.69,56.035,61.353,74.664,76.0,118.0,137.0,73.52,Low Risk
5.0,60,1,54.41,76.4,58.83,66.03,73.389,76.398,77.0,115.0,136.0,71.96,Low Risk
5.0,60,2,57.53,73.98,58.23,61.29,56.737500000000004,73.97550000000001,75.0,118.0,135.0,74.39,Low Risk
5.0,60,3,55.16,70.87,62.3,73.635,56.507999999999996,70.86449999999999,72.0,120.0,131.0,77.67,Low Risk
5.0,60,4,55.4,72.0,60.22,68.715,58.8285,72.012,74.0,118.0,133.0,75.32,Low Risk
5.0,90,1,50.66,72.41,58.25,70.475,76.602,72.41999999999999,72.0,116.0,134.0,76.97,Low Risk
5.0,90,2,54.71,68.93,56.97,64.76,52.606500000000004,68.92649999999999,70.0,119.0,133.0,79.44,Low Risk
5.0,90,3,56.15,65.7,58.83,68.41,37.077,65.7135,68.0,122.0,131.0,82.01,Low Risk
5.0,90,4,57.5,68.14,57.08,58.88,41.361000000000004,68.136,70.0,121.0,133.0,79.84,Low Risk
5.0,120,1,52.54,69.77,53.47,61.63,62.985,69.768,70.0,118.0,135.0,79.3,Low Risk
5.0,120,2,51.94,69.33,52.93,61.715,63.9795,69.33449999999999,70.0,117.0,136.0,79.18,Low Risk
5.0,120,3,50.39,67.66,59.3,75.475,65.076,67.6515,68.0,119.0,131.0,81.4,Low Risk
5.0,120,4,55.03,68.28,55.32,60.665,49.4955,68.289,70.0,119.0,134.0,79.45,Low Risk
5.0,180,1,51.72,65.53,51.38,59.275,55.08,65.535,66.0,119.0,135.0,83.41,Low Risk
5.0,180,2,54.34,67.18,52.66,56.515,55.131,67.19250000000001,69.0,119.0,135.0,80.47,Low Risk
5.0,180,3,49.28,64.64,53.43,68.11,60.6135,64.6425,65.0,119.0,133.0,84.35,Low Risk
5.0,180,4,52.89,65.11,56.53,68.92,47.8635,65.12700000000001,67.0,120.0,132.0,82.57,Low Risk
5.0,240,1,50.35,64.98,53.05,65.525,57.375,64.974,65.0,120.0,133.0,84.53,Low Risk
5.0,240,2,52.6,67.12,52.2,59.205,56.6865,67.116,68.0,118.0,135.0,81.27,Low Risk
5.0,240,3,50.88,62.69,54.11,68.19,48.042,62.678999999999995,63.0,121.0,131.0,86.69,Low Risk
5.0,240,4,47.53,65.19,49.46,63.28,69.105,65.20349999999999,65.0,117.0,135.0,84.07,Low Risk
5.0,300,1,54.32,67.49,50.9,53.82,62.678999999999995,67.49849999999999,69.0,119.0,137.0,80.57,Low Risk
5.0,300,2,54.59,64.92,54.83,60.705,40.570499999999996,64.923,66.0,121.0,133.0,83.75,Low Risk
5.0,300,3,51.23,63.98,50.4,58.165,54.111,63.9795,64.0,121.0,134.0,85.73,Low Risk
5.0,300,4,53.34,66.73,50.35,54.52,62.6025,66.73349999999999,68.0,119.0,136.0,81.49,Low Risk
5.0,360,1,57.57,67.23,52.75,50.025,54.9015,67.2435,69.0,121.0,136.0,80.91,Low Risk
5.0,360,2,52.83,61.44,47.32,48.295,58.599000000000004,61.455,63.0,121.0,135.0,86.74,Low Risk
5.0,360,3,52.06,61.68,45.72,48.09,65.96849999999999,61.6845,63.0,120.0,136.0,86.59,Low Risk
5.0,360,4,52.45,65.96,51.28,57.595,56.763,65.96849999999999,66.0,120.0,135.0,83.6,Low Risk
5.0,480,1,50.47,60.6,48.59,55.31,50.5155,60.588,61.0,121.0,134.0,88.67,Low Risk
5.0,480,2,51.32,62.16,49.06,54.83,53.7285,62.169,63.0,120.0,134.0,86.52,Low Risk
5.0,480,3,49.53,59.89,51.76,66.47,44.1405,59.899499999999996,61.0,122.0,132.0,88.84,Low Risk
5.0,480,4,46.99,65.64,46.78,59.665,73.2615,65.637,65.0,116.0,137.0,84.01,Low Risk
5.1,0,1,90.23,146.41,133.31,83.005,97.84349999999999,146.42100000000002,144.0,106.0,129.0,5.39,Moderate Risk
5.1,0,2,94.13,149.26,129.74,79.375,94.197,149.27700000000002,147.0,105.0,133.0,1.73,Moderate Risk
5.1,0,3,92.68,149.38,133.48,81.59,96.77250000000001,149.379,147.0,105.0,131.0,1.73,Moderate Risk
5.1,0,4,92.15,148.91,131.28,80.68,97.1805,148.8945,146.0,105.0,131.0,2.45,Moderate Risk
5.1,1,1,84.56,125.26,108.51,77.655,82.8495,125.256,125.0,110.0,133.0,23.79,Moderate Risk
5.1,1,2,78.8,125.84,109.53,79.595,95.3445,125.8425,124.0,108.0,132.0,24.33,Moderate Risk
5.1,1,3,79.71,124.85,111.12,80.88,92.208,124.848,124.0,110.0,130.0,24.82,Moderate Risk
5.1,1,4,79.62,126.77,107.94,78.02,94.8345,126.7605,125.0,108.0,133.0,23.37,Moderate Risk
5.1,2,1,72.53,117.77,97.73,76.71,97.97099999999999,117.7845,116.0,108.0,134.0,32.31,Moderate Risk
5.1,2,2,76.8,118.08,99.62,76.585,89.14800000000001,118.06500000000001,118.0,109.0,134.0,30.48,Moderate Risk
5.1,2,3,73.9,115.12,99.61,78.71,91.3155,115.13250000000001,115.0,109.0,132.0,33.38,Moderate Risk
5.1,2,4,75.38,116.72,100.13,77.955,90.321,116.7135,116.0,110.0,132.0,32.56,Moderate Risk
5.1,5,1,66.92,96.03,86.41,80.085,77.2905,96.033,97.0,115.0,130.0,52.21,Moderate Risk
5.1,5,2,69.04,104.18,80.92,70.14,86.0115,104.193,104.0,110.0,137.0,44.69,Moderate Risk
5.1,5,3,71.43,98.84,84.58,74.39,70.737,98.838,100.0,115.0,133.0,49.25,Moderate Risk
5.1,5,4,70.46,101.14,84.06,73.305,77.367,101.133,102.0,113.0,134.0,46.91,Moderate Risk
5.1,10,1,62.91,89.26,77.15,76.21,75.27600000000001,89.25,90.0,115.0,132.0,59.03,Moderate Risk
5.1,10,2,63.81,90.21,73.76,71.305,74.61300000000001,90.1935,91.0,114.0,135.0,57.95,Moderate Risk
5.1,10,3,62.62,87.89,76.05,75.945,73.3125,87.8985,88.0,116.0,131.0,61.2,Moderate Risk
5.1,10,4,63.37,89.91,74.17,72.205,75.27600000000001,89.91300000000001,90.0,115.0,134.0,59.07,Moderate Risk
5.1,15,1,61.36,81.89,71.51,74.835,63.92849999999999,81.8805,83.0,118.0,131.0,66.5,Moderate Risk
5.1,15,2,61.86,85.81,71.23,71.735,71.1705,85.8075,86.0,115.0,133.0,62.98,Moderate Risk
5.1,15,3,57.55,86.0,73.17,76.47,84.354,86.0115,87.0,114.0,132.0,61.81,Moderate Risk
5.1,15,4,64.48,83.91,72.48,72.36,59.032500000000006,83.89500000000001,85.0,118.0,132.0,64.54,Moderate Risk
5.1,30,1,56.66,77.37,63.6,70.055,68.2635,77.367,78.0,116.0,134.0,71.05,Moderate Risk
5.1,30,2,60.56,81.23,62.56,62.905,64.89750000000001,81.243,82.0,115.0,137.0,67.1,Moderate Risk
5.1,30,3,57.62,79.07,63.53,68.255,69.156,79.07549999999999,80.0,115.0,135.0,68.95,Moderate Risk
5.1,30,4,56.69,78.45,64.32,70.515,70.737,78.438,79.0,116.0,134.0,70.06,Moderate Risk
5.1,45,1,57.84,76.41,58.52,61.1,61.964999999999996,76.398,77.0,117.0,136.0,72.29,Moderate Risk
5.1,45,2,57.81,73.78,62.13,68.115,55.233,73.7715,75.0,119.0,133.0,74.53,Moderate Risk
5.1,45,3,58.21,73.6,56.41,56.855,59.568,73.593,75.0,118.0,136.0,74.44,Moderate Risk
5.1,45,4,54.78,75.5,60.53,68.32,69.972,75.5055,76.0,116.0,135.0,73.05,Moderate Risk
5.1,60,1,55.23,69.81,56.88,63.4,53.2695,69.819,71.0,120.0,134.0,78.67,Moderate Risk
5.1,60,2,52.52,69.51,57.47,68.75,62.322,69.513,70.0,119.0,133.0,79.44,Moderate Risk
5.1,60,3,54.27,74.33,59.02,67.11,68.82449999999999,74.3325,75.0,117.0,135.0,74.21,Moderate Risk
5.1,60,4,55.51,70.32,59.75,68.59,53.7285,70.329,72.0,120.0,133.0,77.67,Moderate Risk
5.1,90,1,54.72,68.76,57.17,65.235,52.071,68.7735,70.0,120.0,133.0,79.63,Moderate Risk
5.1,90,2,53.17,69.12,58.83,70.655,58.854,69.1305,70.0,120.0,132.0,79.62,Moderate Risk
5.1,90,3,52.95,69.06,60.24,73.575,59.4915,69.054,70.0,119.0,131.0,79.44,Moderate Risk
5.1,90,4,56.1,69.88,54.35,56.62,56.6865,69.87,71.0,120.0,135.0,78.7,Moderate Risk
5.1,120,1,54.65,68.34,50.66,53.22,65.994,68.34,69.0,118.0,137.0,80.39,Moderate Risk
5.1,120,2,50.47,68.31,53.39,64.91,66.606,68.31450000000001,69.0,117.0,135.0,80.12,Moderate Risk
5.1,120,3,53.5,65.78,55.32,64.45,47.6085,65.7645,67.0,121.0,132.0,82.76,Moderate Risk
5.1,120,4,51.46,67.73,54.13,64.935,61.251,67.728,68.0,118.0,134.0,81.24,Moderate Risk
5.1,180,1,55.44,65.29,52.95,53.95,48.195,65.28,67.0,121.0,135.0,82.82,Moderate Risk
5.1,180,2,55.3,65.91,52.25,53.31,52.86150000000001,65.9175,67.0,121.0,135.0,82.82,Moderate Risk
5.1,180,3,51.12,66.08,48.14,55.015,69.2325,66.0705,67.0,118.0,137.0,82.35,Moderate Risk
5.1,180,4,54.62,67.41,52.22,55.265,57.477,67.42200000000001,69.0,119.0,135.0,80.47,Moderate Risk
5.1,240,1,51.31,65.04,50.94,59.22,55.284,65.0505,66.0,119.0,135.0,83.41,Moderate Risk
5.1,240,2,50.65,65.58,52.28,63.26,58.038,65.586,66.0,119.0,134.0,83.38,Moderate Risk
5.1,240,3,48.02,65.73,48.65,61.07,68.72250000000001,65.73899999999999,65.0,117.0,136.0,84.11,Moderate Risk
5.1,240,4,49.86,64.25,52.99,66.525,57.120000000000005,64.26,65.0,119.0,133.0,84.35,Moderate Risk
5.1,300,1,52.41,62.5,49.26,52.86,54.0345,62.5005,64.0,120.0,135.0,85.56,Moderate Risk
5.1,300,2,50.56,62.24,52.78,65.715,47.8635,62.2455,63.0,120.0,133.0,86.5,Moderate Risk
5.1,300,3,51.17,61.78,50.58,58.415,46.257000000000005,61.7865,63.0,122.0,134.0,86.91,Moderate Risk
5.1,300,4,50.9,65.68,51.24,60.695,57.375,65.688,66.0,119.0,135.0,83.41,Moderate Risk
5.1,360,1,48.52,64.13,50.55,63.9,62.067,64.13250000000001,65.0,118.0,135.0,84.23,Moderate Risk
5.1,360,2,50.48,61.75,49.44,57.465,50.847,61.761,62.0,121.0,134.0,87.69,Moderate Risk
5.1,360,3,51.67,61.22,51.33,58.965,41.182500000000005,61.225500000000004,63.0,122.0,133.0,86.89,Moderate Risk
5.1,360,4,49.46,63.02,52.32,66.34,54.876,63.01049999999999,64.0,120.0,133.0,85.52,Moderate Risk
5.1,480,1,51.76,65.31,50.74,57.895,56.890499999999996,65.3055,66.0,119.0,135.0,83.41,Moderate Risk
5.1,480,2,53.42,63.89,49.9,52.455,55.819500000000005,63.8775,65.0,121.0,135.0,84.78,Moderate Risk
5.1,480,3,53.49,62.49,48.78,49.685,55.972500000000004,62.5005,64.0,121.0,136.0,85.8,Moderate Risk
5.1,480,4,54.56,62.83,49.94,49.23,52.326,62.832,64.0,121.0,135.0,85.76,Moderate Risk
5.2,0,1,91.02,151.02,132.21,80.595,101.3115,151.011,148.0,104.0,132.0,0.0,Moderate Risk
5.2,0,2,95.34,152.24,132.15,79.405,95.319,152.23499999999999,149.0,105.0,133.0,1.73,Moderate Risk
5.2,0,3,93.23,149.13,129.78,79.615,95.57400000000001,149.124,147.0,105.0,133.0,1.73,Moderate Risk
5.2,0,4,90.99,154.21,133.35,80.1,104.55,154.224,150.0,102.0,133.0,3.0,Moderate Risk
5.2,1,1,81.97,127.72,110.74,78.865,91.34100000000001,127.70400000000001,126.0,108.0,132.0,22.36,Moderate Risk
5.2,1,2,85.01,127.0,109.27,77.33,84.303,126.99,127.0,109.0,133.0,21.61,Moderate Risk
5.2,1,3,79.53,126.87,106.82,77.295,95.1405,126.8625,125.0,107.0,134.0,23.28,Moderate Risk
5.2,1,4,81.55,124.85,110.41,79.995,88.45949999999999,124.848,124.0,110.0,131.0,24.76,Moderate Risk
5.2,2,1,78.69,115.2,97.93,75.81,80.8095,115.20899999999999,116.0,110.0,134.0,32.62,Moderate Risk
5.2,2,2,72.28,112.62,96.83,78.26,91.34100000000001,112.608,112.0,110.0,132.0,36.5,Moderate Risk
5.2,2,3,74.24,114.13,95.56,76.035,89.12249999999999,114.138,114.0,109.0,134.0,34.42,Moderate Risk
5.2,2,4,76.61,114.66,99.36,77.935,84.63449999999999,114.648,115.0,111.0,132.0,33.73,Moderate Risk
5.2,5,1,63.69,100.99,83.32,75.79,94.197,101.0055,100.0,111.0,134.0,48.55,Moderate Risk
5.2,5,2,64.97,99.16,86.54,78.925,87.92399999999999,99.1695,100.0,112.0,131.0,48.67,Moderate Risk
5.2,5,3,68.35,96.72,84.51,77.085,74.7915,96.7215,98.0,115.0,132.0,51.2,Moderate Risk
5.2,5,4,68.51,102.36,82.61,72.5,84.3285,102.357,102.0,111.0,135.0,46.63,Moderate Risk
5.2,10,1,63.65,86.63,75.97,76.085,67.626,86.6235,88.0,117.0,132.0,61.39,Moderate Risk
5.2,10,2,65.49,91.04,74.63,70.73,71.553,91.035,92.0,115.0,135.0,57.15,Moderate Risk
5.2,10,3,67.38,91.53,73.42,67.505,67.2945,91.5195,93.0,115.0,136.0,56.23,Moderate Risk
5.2,10,4,62.6,89.45,74.23,72.995,76.5255,89.454,90.0,114.0,134.0,58.89,Moderate Risk
5.2,15,1,63.53,83.34,70.71,70.875,60.6135,83.33399999999999,85.0,118.0,133.0,64.54,Moderate Risk
5.2,15,2,61.82,83.02,70.99,72.985,65.12700000000001,83.028,85.0,116.0,133.0,64.14,Moderate Risk
5.2,15,3,61.77,84.05,68.93,69.64,67.6005,84.048,85.0,116.0,135.0,64.2,Moderate Risk
5.2,15,4,60.84,84.79,71.75,73.66,72.012,84.78750000000001,85.0,116.0,133.0,64.14,Moderate Risk
5.2,30,1,57.54,77.84,63.94,69.45,66.50399999999999,77.8515,78.0,117.0,134.0,71.22,Moderate Risk
5.2,30,2,57.24,79.07,60.51,64.49,70.4055,79.07549999999999,80.0,115.0,137.0,69.07,Moderate Risk
5.2,30,3,59.69,76.6,60.85,62.045,56.2785,76.602,78.0,117.0,135.0,71.26,Moderate Risk
5.2,30,4,54.94,74.35,62.05,70.995,66.5805,74.358,75.0,117.0,133.0,74.16,Moderate Risk
5.2,45,1,60.98,71.03,64.24,69.72,36.057,71.01750000000001,74.0,122.0,131.0,76.16,Moderate Risk
5.2,45,2,53.23,72.92,58.5,68.03,68.85000000000001,72.92999999999999,73.0,117.0,134.0,76.14,Moderate Risk
5.2,45,3,58.3,76.22,58.4,60.175,59.976,76.2195,77.0,117.0,136.0,72.29,Moderate Risk
5.2,45,4,57.85,71.04,59.12,62.885,47.379,71.043,73.0,119.0,133.0,76.49,Moderate Risk
5.2,60,1,50.64,70.19,54.51,65.95,71.01750000000001,70.176,71.0,116.0,135.0,77.99,Moderate Risk
5.2,60,2,55.99,72.18,56.32,60.615,57.1965,72.1905,73.0,118.0,135.0,76.35,Moderate Risk
5.2,60,3,54.43,69.37,57.25,65.67,54.927,69.36,70.0,120.0,133.0,79.63,Moderate Risk
5.2,60,4,56.23,69.86,58.01,63.9,49.725,69.87,71.0,120.0,133.0,78.65,Moderate Risk
5.2,90,1,53.92,67.98,55.43,63.21,52.734,67.983,69.0,120.0,133.0,80.61,Moderate Risk
5.2,90,2,54.13,71.52,55.65,62.625,62.016,71.5275,72.0,117.0,135.0,77.16,Moderate Risk
5.2,90,3,53.72,69.18,56.23,64.855,56.967,69.1815,70.0,119.0,134.0,79.45,Moderate Risk
5.2,90,4,52.4,66.09,55.3,66.36,52.836,66.09599999999999,68.0,120.0,133.0,81.59,Moderate Risk
5.2,120,1,55.98,66.89,56.68,61.915,41.616,66.8865,68.0,121.0,133.0,81.79,Moderate Risk
5.2,120,2,54.14,70.17,55.39,62.335,58.242,70.176,71.0,118.0,135.0,78.32,Moderate Risk
5.2,120,3,52.28,69.29,51.45,58.6,65.66250000000001,69.2835,70.0,117.0,136.0,79.18,Moderate Risk
5.2,120,4,53.39,67.82,51.45,56.44,61.531499999999994,67.83,69.0,119.0,136.0,80.51,Moderate Risk
5.2,180,1,52.9,63.07,52.18,58.015,44.013,63.061499999999995,65.0,121.0,133.0,84.73,Moderate Risk
5.2,180,2,50.81,63.09,52.61,64.4,49.623,63.087,64.0,120.0,133.0,85.52,Moderate Risk
5.2,180,3,55.73,64.35,52.35,51.56,47.532000000000004,64.36200000000001,66.0,122.0,134.0,83.98,Moderate Risk
5.2,180,4,52.62,63.31,49.51,53.24,55.589999999999996,63.3165,65.0,120.0,135.0,84.58,Moderate Risk
5.2,240,1,55.14,63.89,50.85,50.14,52.019999999999996,63.8775,65.0,121.0,135.0,84.78,Moderate Risk
5.2,240,2,53.35,61.15,48.42,48.38,53.1165,61.149,63.0,122.0,135.0,86.94,Moderate Risk
5.2,240,3,50.71,66.26,52.07,62.61,59.823,66.249,67.0,118.0,135.0,82.26,Moderate Risk
5.2,240,4,54.69,64.5,48.89,48.855,61.7355,64.515,66.0,120.0,137.0,83.7,Moderate Risk
5.2,300,1,53.78,66.26,48.2,50.725,69.513,66.2745,67.0,119.0,137.0,82.53,Moderate Risk
5.2,300,2,48.91,64.35,53.01,67.98,61.199999999999996,64.36200000000001,65.0,119.0,133.0,84.35,Moderate Risk
5.2,300,3,53.26,65.81,48.35,51.57,67.677,65.8155,66.0,120.0,137.0,83.7,Moderate Risk
5.2,300,4,55.93,61.53,52.61,48.84,36.974999999999994,61.531499999999994,64.0,123.0,133.0,86.13,Moderate Risk
5.2,360,1,53.7,64.29,48.42,50.025,62.959500000000006,64.2855,66.0,120.0,137.0,83.7,Moderate Risk
5.2,360,2,52.67,65.93,46.44,50.41,75.378,65.943,66.0,119.0,138.0,83.58,Moderate Risk
5.2,360,3,55.08,62.07,54.55,57.905,30.8805,62.067,65.0,123.0,132.0,85.15,Moderate Risk
5.2,360,4,52.46,64.44,52.37,59.775,47.787000000000006,64.43849999999999,66.0,120.0,134.0,83.57,Moderate Risk
5.2,480,1,49.43,63.29,46.92,55.395,65.96849999999999,63.291000000000004,64.0,118.0,137.0,85.31,Moderate Risk
5.2,480,2,49.54,61.7,48.5,57.64,54.5445,61.71,62.0,120.0,135.0,87.53,Moderate Risk
5.2,480,3,52.95,60.56,48.2,48.46,52.045500000000004,60.5625,62.0,122.0,134.0,87.89,Moderate Risk
5.2,480,4,53.13,63.4,51.28,55.405,48.756,63.392999999999994,65.0,121.0,134.0,84.75,Moderate Risk
5.3,0,1,92.39,153.9,134.43,80.505,101.898,153.8925,150.0,104.0,132.0,2.0,Moderate Risk
5.3,0,2,93.26,154.43,135.32,80.63,101.0055,154.428,151.0,104.0,132.0,3.0,Moderate Risk
5.3,0,3,92.32,151.66,131.93,80.03,99.7815,151.6485,148.0,104.0,132.0,0.0,Moderate Risk
5.3,0,4,91.28,151.05,133.16,81.02,100.9035,151.062,148.0,104.0,131.0,1.0,Moderate Risk
5.3,1,1,79.25,124.44,105.74,77.59,92.59049999999999,124.44,124.0,108.0,134.0,24.41,Moderate Risk
5.3,1,2,77.92,124.65,108.52,79.645,95.5995,124.644,123.0,108.0,132.0,25.32,Moderate Risk
5.3,1,3,83.87,127.06,108.66,77.215,86.6745,127.0665,127.0,108.0,133.0,21.4,Moderate Risk
5.3,1,4,77.41,125.77,110.57,80.57,98.0475,125.766,124.0,108.0,131.0,24.35,Moderate Risk
5.3,2,1,75.86,110.67,98.78,79.755,80.223,110.67,111.0,113.0,131.0,38.09,Moderate Risk
5.3,2,2,73.71,112.73,93.88,75.505,88.2555,112.7355,112.0,110.0,134.0,36.55,Moderate Risk
5.3,2,3,78.2,116.21,97.18,74.98,83.4105,116.2035,116.0,110.0,134.0,32.62,Moderate Risk
5.3,2,4,77.27,111.68,99.89,79.725,78.5655,111.69,112.0,113.0,131.0,37.12,Moderate Risk
5.3,5,1,66.6,98.17,82.93,75.52,82.008,98.175,99.0,113.0,133.0,49.83,Moderate Risk
5.3,5,2,70.14,96.56,85.7,77.665,69.768,96.5685,98.0,115.0,131.0,51.21,Moderate Risk
5.3,5,3,69.45,99.86,80.54,70.95,77.6475,99.858,100.0,113.0,135.0,48.93,Moderate Risk
5.3,5,4,71.44,97.45,82.82,73.135,68.0595,97.461,99.0,115.0,133.0,50.23,Moderate Risk
5.3,10,1,62.5,88.88,70.56,69.16,75.684,88.893,89.0,114.0,135.0,59.92,Moderate Risk
5.3,10,2,64.97,87.21,75.1,73.67,65.0505,87.21000000000001,89.0,117.0,132.0,60.42,Moderate Risk
5.3,10,3,65.64,88.83,74.27,71.165,66.5805,88.842,90.0,116.0,133.0,59.24,Moderate Risk
5.3,10,4,63.01,87.58,74.54,74.08,71.5275,87.567,88.0,116.0,133.0,61.2,Moderate Risk
5.3,15,1,62.14,87.31,69.92,69.275,73.491,87.312,88.0,114.0,135.0,60.9,Moderate Risk
5.3,15,2,61.67,84.45,67.5,67.675,68.79899999999999,84.456,85.0,115.0,135.0,64.02,Moderate Risk
5.3,15,3,59.41,82.82,68.71,71.92,72.0885,82.824,83.0,116.0,133.0,66.11,Moderate Risk
5.3,15,4,60.7,81.11,69.67,73.185,64.158,81.1155,83.0,117.0,132.0,66.29,Moderate Risk
5.3,30,1,56.12,77.05,62.11,68.575,69.258,77.0355,78.0,117.0,134.0,71.22,Moderate Risk
5.3,30,2,58.3,76.42,58.85,60.905,60.4605,76.4235,77.0,117.0,136.0,72.29,Moderate Risk
5.3,30,3,57.26,73.95,66.74,77.04,57.5535,73.94999999999999,75.0,120.0,130.0,74.76,Moderate Risk
5.3,30,4,53.98,79.03,57.83,64.615,80.83500000000001,79.0245,79.0,113.0,138.0,69.84,Moderate Risk
5.3,45,1,60.29,73.73,59.3,57.935,49.9035,73.7205,75.0,120.0,135.0,74.79,Moderate Risk
5.3,45,2,54.7,71.98,56.74,63.535,61.199999999999996,71.98649999999999,72.0,117.0,135.0,77.16,Moderate Risk
5.3,45,3,58.62,71.9,60.28,63.745,47.0985,71.91,73.0,120.0,133.0,76.69,Moderate Risk
5.3,45,4,55.98,73.89,61.85,69.835,61.812,73.8735,75.0,118.0,133.0,74.34,Moderate Risk
5.3,60,1,54.77,67.89,56.27,63.44,49.2915,67.881,69.0,120.0,133.0,80.61,Moderate Risk
5.3,60,2,52.38,70.46,58.13,69.545,65.43299999999999,70.45649999999999,71.0,118.0,133.0,78.27,Moderate Risk
5.3,60,3,55.4,74.1,60.08,67.5,64.3365,74.10300000000001,75.0,117.0,134.0,74.18,Moderate Risk
5.3,60,4,56.7,69.02,58.6,64.625,45.543,69.0285,71.0,120.0,133.0,78.65,Moderate Risk
5.3,90,1,54.55,69.87,56.1,63.02,55.9215,69.87,70.0,119.0,134.0,79.45,Moderate Risk
5.3,90,2,58.47,69.87,57.19,56.97,46.2825,69.87,71.0,121.0,134.0,78.88,Moderate Risk
5.3,90,3,57.69,64.64,54.43,50.42,40.264500000000005,64.6425,67.0,123.0,133.0,83.2,Moderate Risk
5.3,90,4,51.89,66.58,54.52,65.375,56.2785,66.5805,67.0,120.0,133.0,82.57,Moderate Risk
5.3,120,1,54.79,68.93,54.98,60.42,52.326,68.92649999999999,70.0,119.0,135.0,79.49,Moderate Risk
5.3,120,2,58.03,64.66,52.9,46.92,46.3845,64.66799999999999,67.0,123.0,135.0,83.25,Moderate Risk
5.3,120,3,53.9,64.87,52.47,56.535,48.756,64.872,66.0,120.0,134.0,83.57,Moderate Risk
5.3,120,4,57.05,65.64,53.29,50.87,47.9655,65.637,68.0,122.0,134.0,82.02,Moderate Risk
5.3,180,1,50.16,62.87,50.69,61.25,51.5355,62.8575,63.0,120.0,134.0,86.52,Moderate Risk
5.3,180,2,48.44,65.06,55.95,73.56,65.178,65.076,66.0,118.0,132.0,83.19,Moderate Risk
5.3,180,3,51.8,62.89,52.52,61.94,44.956500000000005,62.883,64.0,121.0,133.0,85.71,Moderate Risk
5.3,180,4,50.24,62.05,48.78,56.715,54.519,62.0415,63.0,120.0,135.0,86.54,Moderate Risk
5.3,240,1,52.3,65.72,50.74,56.885,58.1145,65.7135,66.0,119.0,135.0,83.41,Moderate Risk
5.3,240,2,49.24,62.25,50.73,63.435,53.2695,62.2455,63.0,120.0,133.0,86.5,Moderate Risk
5.3,240,3,54.99,66.0,53.8,57.07,47.175,65.994,68.0,120.0,134.0,81.61,Moderate Risk
5.3,240,4,54.13,62.68,52.56,55.33,41.182500000000005,62.678999999999995,64.0,123.0,133.0,86.13,Moderate Risk
5.3,300,1,52.69,63.59,48.54,51.73,60.333,63.597,64.0,121.0,136.0,85.8,Moderate Risk
5.3,300,2,53.73,65.47,52.63,57.42,50.031000000000006,65.4585,67.0,120.0,135.0,82.62,Moderate Risk
5.3,300,3,54.65,57.99,49.67,42.06,36.592499999999994,57.986999999999995,60.0,125.0,133.0,90.48,Moderate Risk
5.3,300,4,52.0,62.48,50.51,56.27,48.858,62.475,63.0,121.0,134.0,86.71,Moderate Risk
5.3,360,1,53.87,61.99,48.75,48.405,54.468,61.990500000000004,63.0,122.0,135.0,86.94,Moderate Risk
5.3,360,2,53.94,61.71,51.67,53.215,41.463,61.71,63.0,123.0,133.0,87.1,Moderate Risk
5.3,360,3,52.83,62.94,47.07,49.12,64.31099999999999,62.934,63.0,120.0,136.0,86.59,Moderate Risk
5.3,360,4,50.83,64.25,52.32,63.325,53.24400000000001,64.26,65.0,119.0,133.0,84.35,Moderate Risk
5.3,480,1,54.07,61.69,53.13,56.735,35.394,61.6845,63.0,123.0,132.0,87.1,Moderate Risk
5.3,480,2,51.62,60.48,51.43,59.37,38.148,60.486,62.0,122.0,132.0,87.86,Moderate Risk
5.3,480,3,49.22,62.14,51.28,64.775,53.0145,62.1435,63.0,120.0,133.0,86.5,Moderate Risk
5.3,480,4,50.73,61.8,51.06,60.9,45.644999999999996,61.7865,63.0,121.0,133.0,86.69,Moderate Risk
5.4,0,1,89.43,154.26,133.77,80.515,107.15100000000001,154.2495,150.0,102.0,133.0,3.0,Moderate Risk
5.4,0,2,89.75,150.18,133.97,81.955,102.612,150.1695,147.0,104.0,131.0,1.41,Moderate Risk
5.4,0,3,92.19,148.75,134.19,82.275,96.951,148.7415,146.0,106.0,130.0,3.46,Moderate Risk
5.4,0,4,91.75,151.71,128.14,78.205,100.776,151.6995,148.0,103.0,134.0,2.24,Moderate Risk
5.4,1,1,83.62,125.5,105.25,75.495,85.0935,125.51100000000001,125.0,109.0,134.0,23.62,Moderate Risk
5.4,1,2,77.43,124.36,110.39,81.07,96.23700000000001,124.3635,124.0,109.0,131.0,24.54,Moderate Risk
5.4,1,3,82.64,122.47,106.46,77.94,82.926,122.4765,122.0,110.0,132.0,26.68,Moderate Risk
5.4,1,4,81.61,125.59,108.82,78.56,89.301,125.58749999999999,125.0,109.0,132.0,23.54,Moderate Risk
5.4,2,1,77.47,113.7,96.92,76.105,81.243,113.70450000000001,114.0,111.0,133.0,34.73,Moderate Risk
5.4,2,2,74.92,114.36,100.32,79.325,87.9495,114.3675,114.0,111.0,131.0,34.73,Moderate Risk
5.4,2,3,73.85,114.6,97.06,77.09,90.67800000000001,114.59700000000001,114.0,109.0,133.0,34.38,Moderate Risk
5.4,2,4,76.24,115.77,100.63,78.51,87.057,115.77000000000001,115.0,111.0,132.0,33.73,Moderate Risk
5.4,5,1,64.44,98.48,85.45,78.51,88.128,98.481,99.0,112.0,132.0,49.65,Moderate Risk
5.4,5,2,65.46,98.19,81.91,75.075,84.9915,98.2005,99.0,112.0,134.0,49.69,Moderate Risk
5.4,5,3,69.07,99.77,81.21,71.86,78.4635,99.7815,100.0,113.0,135.0,48.93,Moderate Risk
5.4,5,4,66.41,95.43,81.95,76.07,77.54549999999999,95.42099999999999,96.0,114.0,132.0,52.95,Moderate Risk
5.4,10,1,63.38,89.75,73.51,71.525,74.919,89.75999999999999,90.0,114.0,134.0,58.89,Moderate Risk
5.4,10,2,61.95,87.87,72.11,71.75,75.225,87.873,88.0,115.0,134.0,61.03,Moderate Risk
5.4,10,3,60.73,90.36,71.49,70.9,83.6145,90.3465,90.0,112.0,135.0,58.63,Moderate Risk
5.4,10,4,60.73,87.17,71.9,72.67,77.34150000000001,87.15899999999999,88.0,114.0,134.0,60.86,Moderate Risk
5.4,15,1,63.74,82.69,70.68,70.985,58.4205,82.6965,84.0,117.0,133.0,65.31,Moderate Risk
5.4,15,2,58.93,83.25,71.46,75.46,74.51100000000001,83.25750000000001,84.0,116.0,132.0,65.12,Moderate Risk
5.4,15,3,59.84,84.51,68.58,70.625,74.409,84.50699999999999,85.0,115.0,134.0,63.98,Moderate Risk
5.4,15,4,61.97,82.41,68.13,69.05,63.265499999999996,82.416,84.0,116.0,134.0,65.15,Moderate Risk
5.4,30,1,56.96,74.79,58.09,61.9,60.792,74.7915,76.0,117.0,135.0,73.23,Moderate Risk
5.4,30,2,55.65,76.29,61.23,68.11,68.9775,76.296,77.0,116.0,134.0,72.03,Moderate Risk
5.4,30,3,59.89,77.33,63.71,66.565,57.528,77.34150000000001,79.0,118.0,134.0,70.43,Moderate Risk
5.4,30,4,52.65,76.1,64.75,75.49,78.591,76.092,77.0,116.0,132.0,72.01,Moderate Risk
5.4,45,1,55.84,70.97,62.39,72.99,54.340500000000006,70.9665,72.0,120.0,131.0,77.67,Moderate Risk
5.4,45,2,52.28,74.85,59.29,69.315,76.8825,74.8425,75.0,116.0,134.0,74.01,Moderate Risk
5.4,45,3,55.94,74.68,56.15,60.34,64.005,74.6895,75.0,116.0,137.0,74.15,Moderate Risk
5.4,45,4,57.75,71.73,57.12,58.7,51.9435,71.7315,73.0,119.0,135.0,76.54,Moderate Risk
5.4,60,1,55.84,68.11,54.94,57.95,49.3425,68.1105,70.0,119.0,135.0,79.49,Moderate Risk
5.4,60,2,55.74,69.72,57.79,64.39,51.127500000000005,69.717,71.0,120.0,133.0,78.65,Moderate Risk
5.4,60,3,54.21,69.32,56.85,65.245,55.5645,69.309,70.0,119.0,134.0,79.45,Moderate Risk
5.4,60,4,54.84,69.75,53.8,58.045,58.31849999999999,69.7425,70.0,118.0,136.0,79.35,Moderate Risk
5.4,90,1,52.61,66.07,56.01,67.595,51.969,66.0705,68.0,120.0,132.0,81.58,Moderate Risk
5.4,90,2,53.66,70.7,52.29,57.765,66.402,70.7115,71.0,117.0,137.0,78.25,Moderate Risk
5.4,90,3,52.73,66.82,55.42,65.72,53.7795,66.8355,68.0,120.0,133.0,81.59,Moderate Risk
5.4,90,4,55.1,67.5,56.15,62.53,46.8435,67.49849999999999,69.0,120.0,133.0,80.61,Moderate Risk
5.4,120,1,51.56,63.92,53.59,64.925,49.317,63.92849999999999,65.0,121.0,132.0,84.72,Moderate Risk
5.4,120,2,51.33,66.22,58.25,73.945,57.375,66.2235,68.0,120.0,131.0,81.59,Moderate Risk
5.4,120,3,52.86,67.98,52.49,59.28,58.1145,67.983,68.0,118.0,135.0,81.27,Moderate Risk
5.4,120,4,56.27,65.85,54.26,54.78,44.9055,65.841,68.0,122.0,134.0,82.02,Moderate Risk
5.4,180,1,50.33,63.64,53.63,67.43,53.294999999999995,63.647999999999996,64.0,121.0,132.0,85.7,Moderate Risk
5.4,180,2,51.35,66.41,53.47,64.21,57.8085,66.402,67.0,119.0,134.0,82.4,Moderate Risk
5.4,180,3,50.44,65.42,52.67,64.46,58.395,65.43299999999999,66.0,119.0,134.0,83.38,Moderate Risk
5.4,180,4,48.91,62.24,53.12,69.475,54.621,62.2455,63.0,120.0,131.0,86.5,Moderate Risk
5.4,240,1,50.59,66.67,52.46,63.49,61.4805,66.65700000000001,67.0,118.0,135.0,82.26,Moderate Risk
5.4,240,2,51.58,62.88,47.27,51.71,63.291000000000004,62.883,63.0,120.0,136.0,86.59,Moderate Risk
5.4,240,3,51.37,63.02,49.52,55.905,54.621,63.036,64.0,120.0,135.0,85.56,Moderate Risk
5.4,240,4,44.38,66.37,47.55,64.32,84.4815,66.3765,65.0,115.0,137.0,83.87,Moderate Risk
5.4,300,1,51.2,60.7,51.93,62.315,39.9075,60.7155,62.0,122.0,132.0,87.86,Moderate Risk
5.4,300,2,52.63,62.71,50.79,55.36,48.4755,62.7045,64.0,121.0,134.0,85.73,Moderate Risk
5.4,300,3,48.98,62.84,50.28,62.82,56.2275,62.832,63.0,119.0,133.0,86.32,Moderate Risk
5.4,300,4,52.25,62.95,48.19,51.75,59.772,62.934,63.0,121.0,135.0,86.74,Moderate Risk
5.4,360,1,49.73,62.7,50.25,61.2,52.7595,62.7045,63.0,120.0,133.0,86.5,Moderate Risk
5.4,360,2,53.14,58.25,50.88,50.79,32.282999999999994,58.242,61.0,124.0,132.0,89.27,Moderate Risk
5.4,360,3,50.1,61.11,53.01,67.95,45.951,61.098,63.0,122.0,131.0,86.89,Moderate Risk
5.4,360,4,53.43,62.77,50.62,53.045,49.3425,62.755500000000005,64.0,122.0,134.0,85.93,Moderate Risk
5.4,480,1,53.73,60.5,47.25,45.33,55.845,60.511500000000005,62.0,122.0,135.0,87.91,Moderate Risk
5.4,480,2,51.22,58.31,50.49,57.195,34.221000000000004,58.31849999999999,60.0,123.0,132.0,90.03,Moderate Risk
5.4,480,3,50.09,60.64,46.11,51.79,61.098,60.639,61.0,120.0,135.0,88.51,Moderate Risk
5.4,480,4,48.74,61.74,51.61,66.625,53.677499999999995,61.7355,62.0,120.0,132.0,87.48,Moderate Risk
5.5,0,1,88.19,149.58,129.51,80.19,104.652,149.583,146.0,103.0,132.0,2.24,Moderate Risk
5.5,0,2,94.09,154.64,134.78,80.16,99.858,154.632,151.0,104.0,132.0,3.0,Moderate Risk
5.5,0,3,93.1,150.96,129.5,78.875,97.74149999999999,150.95999999999998,147.0,104.0,133.0,1.41,Moderate Risk
5.5,0,4,91.71,151.54,131.01,79.705,100.67399999999999,151.5465,148.0,104.0,132.0,0.0,Moderate Risk
5.5,1,1,82.4,125.01,107.5,77.67,86.92949999999999,125.001,125.0,109.0,133.0,23.56,Moderate Risk
5.5,1,2,82.22,122.72,107.45,78.685,84.15,122.7315,122.0,111.0,132.0,26.93,Moderate Risk
5.5,1,3,80.51,121.89,108.14,80.035,86.5725,121.89,121.0,111.0,131.0,27.91,Moderate Risk
5.5,1,4,83.84,126.61,106.82,76.12,86.139,126.6075,126.0,108.0,134.0,22.45,Moderate Risk
5.5,2,1,73.63,114.23,93.04,74.345,90.627,114.24000000000001,114.0,109.0,135.0,34.5,Moderate Risk
5.5,2,2,72.76,115.24,96.76,76.95,93.993,115.23450000000001,115.0,108.0,134.0,33.3,Moderate Risk
5.5,2,3,72.79,116.2,95.13,75.435,95.268,116.2035,115.0,108.0,135.0,33.38,Moderate Risk
5.5,2,4,73.92,112.67,96.47,77.46,87.69449999999999,112.659,112.0,110.0,133.0,36.51,Moderate Risk
5.5,5,1,70.45,99.71,82.27,72.125,74.817,99.705,100.0,113.0,134.0,48.88,Moderate Risk
5.5,5,2,63.79,98.32,83.42,77.055,89.5815,98.328,98.0,112.0,132.0,50.64,Moderate Risk
5.5,5,3,68.11,97.46,81.44,73.62,76.78049999999999,97.461,98.0,113.0,134.0,50.84,Moderate Risk
5.5,5,4,68.48,96.68,82.54,74.95,74.3835,96.696,97.0,115.0,133.0,52.18,Moderate Risk
5.5,10,1,66.23,87.76,73.5,70.12,62.5515,87.771,89.0,117.0,133.0,60.42,Moderate Risk
5.5,10,2,60.93,86.5,72.76,73.875,75.40350000000001,86.496,87.0,115.0,133.0,61.99,Moderate Risk
5.5,10,3,60.76,86.26,73.32,74.775,75.40350000000001,86.2665,87.0,115.0,132.0,61.98,Moderate Risk
5.5,10,4,63.07,85.8,69.13,68.0,67.575,85.8075,87.0,115.0,135.0,62.06,Moderate Risk
5.5,15,1,58.21,80.44,64.62,68.655,70.482,80.4525,81.0,116.0,135.0,68.13,Moderate Risk
5.5,15,2,61.84,80.62,66.86,68.02,59.415000000000006,80.60549999999999,82.0,117.0,134.0,67.3,Moderate Risk
5.5,15,3,61.8,82.92,66.92,67.27,64.923,82.926,83.0,116.0,135.0,66.17,Moderate Risk
5.5,15,4,61.0,83.0,66.62,67.66,67.6005,83.0025,84.0,115.0,135.0,65.01,Moderate Risk
5.5,30,1,55.35,73.52,61.05,69.41,63.036,73.5165,75.0,118.0,133.0,74.34,Moderate Risk
5.5,30,2,57.66,71.16,62.94,71.735,48.399,71.1705,73.0,120.0,132.0,76.69,Moderate Risk
5.5,30,3,55.98,74.04,64.1,73.49,62.169,74.0265,76.0,118.0,132.0,73.35,Moderate Risk
5.5,30,4,60.85,71.41,57.16,52.23,50.898,71.4,74.0,120.0,135.0,75.77,Moderate Risk
5.5,45,1,58.16,73.68,57.44,58.68,56.202000000000005,73.6695,75.0,118.0,136.0,74.44,Moderate Risk
5.5,45,2,59.55,71.6,54.63,51.3,60.4095,71.604,73.0,119.0,137.0,76.65,Moderate Risk
5.5,45,3,55.28,73.52,61.92,70.92,63.265499999999996,73.5165,75.0,118.0,133.0,74.34,Moderate Risk
5.5,45,4,53.87,71.5,58.23,67.42,62.883,71.502,72.0,118.0,134.0,77.3,Moderate Risk
5.5,60,1,51.07,74.53,56.38,66.79,80.274,74.5365,74.0,115.0,136.0,74.92,Moderate Risk
5.5,60,2,53.5,72.48,54.04,60.84,66.759,72.471,73.0,117.0,136.0,76.22,Moderate Risk
5.5,60,3,53.27,71.02,58.98,69.66,63.75,71.01750000000001,72.0,118.0,134.0,77.3,Moderate Risk
5.5,60,4,51.26,68.75,58.24,71.98,64.872,68.748,69.0,119.0,132.0,80.41,Moderate Risk
5.5,90,1,51.91,70.37,55.58,65.96,66.912,70.38000000000001,71.0,117.0,135.0,78.15,Moderate Risk
5.5,90,2,55.92,63.57,55.06,56.98,34.119,63.5715,65.0,123.0,131.0,85.15,Moderate Risk
5.5,90,3,54.63,65.42,52.4,54.87,50.745000000000005,65.43299999999999,67.0,120.0,135.0,82.62,Moderate Risk
5.5,90,4,52.3,67.61,50.61,57.025,64.107,67.6005,68.0,118.0,136.0,81.31,Moderate Risk
5.5,120,1,53.46,64.89,50.65,54.075,55.947,64.89750000000001,66.0,121.0,135.0,83.8,Moderate Risk
5.5,120,2,54.57,65.66,50.43,51.85,59.160000000000004,65.66250000000001,67.0,120.0,136.0,82.66,Moderate Risk
5.5,120,3,51.09,67.5,49.04,56.665,69.7425,67.49849999999999,68.0,118.0,137.0,81.37,Moderate Risk
5.5,120,4,50.24,64.71,53.55,66.87,57.0435,64.71900000000001,65.0,120.0,133.0,84.53,Moderate Risk
5.5,180,1,52.61,65.3,55.39,66.565,49.571999999999996,65.3055,67.0,120.0,132.0,82.57,Moderate Risk
5.5,180,2,54.15,64.57,49.82,51.185,58.267500000000005,64.56599999999999,66.0,120.0,136.0,83.64,Moderate Risk
5.5,180,3,52.29,63.92,53.68,63.6,46.41,63.92849999999999,65.0,121.0,132.0,84.72,Moderate Risk
5.5,180,4,49.5,64.41,51.16,63.36,59.032500000000006,64.413,65.0,119.0,134.0,84.37,Moderate Risk
5.5,240,1,53.44,63.08,50.26,52.555,51.8415,63.087,65.0,121.0,135.0,84.78,Moderate Risk
5.5,240,2,50.66,65.08,49.06,57.015,62.755500000000005,65.076,66.0,118.0,136.0,83.28,Moderate Risk
5.5,240,3,48.39,61.5,52.24,68.815,54.366,61.506,62.0,120.0,132.0,87.48,Moderate Risk
5.5,240,4,53.91,62.64,50.96,52.415,47.5575,62.628,64.0,122.0,134.0,85.93,Moderate Risk
5.5,300,1,52.28,59.74,46.31,46.68,57.324,59.746500000000005,61.0,122.0,135.0,88.89,Moderate Risk
5.5,300,2,50.91,66.38,50.81,59.805,59.823,66.3765,67.0,118.0,136.0,82.3,Moderate Risk
5.5,300,3,50.1,63.61,49.99,59.77,54.5955,63.597,64.0,119.0,135.0,85.38,Moderate Risk
5.5,300,4,53.62,61.24,50.31,50.92,45.5175,61.251,63.0,123.0,134.0,87.12,Moderate Risk
5.5,360,1,52.76,57.41,48.23,45.2,40.749,57.4005,59.0,124.0,133.0,91.22,Moderate Risk
5.5,360,2,53.47,61.1,55.17,66.66,31.823999999999998,61.098,63.0,123.0,130.0,87.12,Moderate Risk
5.5,360,3,46.15,62.24,48.26,63.93,65.89200000000001,62.2455,62.0,119.0,135.0,87.35,Moderate Risk
5.5,360,4,51.96,62.41,45.86,48.94,67.626,62.3985,63.0,120.0,137.0,86.64,Moderate Risk
5.5,480,1,52.23,60.13,47.79,49.2,52.326,60.129000000000005,62.0,122.0,135.0,87.91,Moderate Risk
5.5,480,2,52.64,59.87,50.08,52.14,41.6925,59.874,61.0,123.0,132.0,89.05,Moderate Risk
5.5,480,3,50.06,60.28,50.55,61.445,43.222500000000004,60.282,61.0,122.0,133.0,88.85,Moderate Risk
5.5,480,4,51.04,59.03,46.37,48.93,54.6975,59.032500000000006,61.0,122.0,135.0,88.89,Moderate Risk
5.6,0,1,93.26,149.03,130.84,80.215,95.42099999999999,149.02200000000002,147.0,105.0,132.0,1.41,Moderate Risk
5.6,0,2,91.52,151.02,130.77,79.79,100.47,151.011,148.0,103.0,133.0,1.41,Moderate Risk
5.6,0,3,88.79,151.27,132.35,80.915,105.315,151.266,148.0,103.0,132.0,1.0,Moderate Risk
5.6,0,4,90.97,153.28,129.75,78.67,103.6575,153.2805,149.0,102.0,134.0,3.0,Moderate Risk
5.6,1,1,82.1,126.55,107.34,77.035,89.556,126.5565,126.0,108.0,134.0,22.45,Moderate Risk
5.6,1,2,83.06,123.52,107.72,78.285,83.538,123.522,123.0,110.0,132.0,25.71,Moderate Risk
5.6,1,3,80.76,125.5,110.54,79.965,90.9075,125.4855,125.0,109.0,131.0,23.56,Moderate Risk
5.6,1,4,79.77,123.07,104.82,77.355,89.709,123.06299999999999,123.0,108.0,134.0,25.4,Moderate Risk
5.6,2,1,75.94,111.34,95.01,76.16,81.09,111.333,112.0,112.0,133.0,36.89,Moderate Risk
5.6,2,2,75.55,112.1,95.41,76.305,83.1555,112.098,113.0,111.0,133.0,35.71,Moderate Risk
5.6,2,3,75.4,115.09,94.77,74.645,87.92399999999999,115.08149999999999,115.0,109.0,135.0,33.51,Moderate Risk
5.6,2,4,75.84,113.26,93.63,74.26,84.25200000000001,113.271,113.0,110.0,135.0,35.64,Moderate Risk
5.6,5,1,65.37,96.73,81.92,75.83,82.67099999999999,96.7215,97.0,113.0,133.0,51.8,Moderate Risk
5.6,5,2,68.13,97.38,82.23,74.46,76.57650000000001,97.3845,98.0,114.0,133.0,51.0,Moderate Risk
5.6,5,3,64.31,93.94,86.65,82.625,80.427,93.94200000000001,95.0,116.0,129.0,54.42,Moderate Risk
5.6,5,4,69.15,97.7,82.48,74.01,74.51100000000001,97.6905,99.0,114.0,133.0,50.02,Moderate Risk
5.6,10,1,61.84,89.1,72.1,71.29,78.00450000000001,89.097,90.0,113.0,135.0,58.77,Moderate Risk
5.6,10,2,62.74,87.93,74.3,73.775,73.05749999999999,87.92399999999999,88.0,115.0,133.0,61.01,Moderate Risk
5.6,10,3,62.27,90.04,68.31,66.52,78.642,90.04050000000001,91.0,112.0,137.0,57.78,Moderate Risk
5.6,10,4,60.49,89.04,71.49,71.56,81.7785,89.046,90.0,113.0,135.0,58.77,Moderate Risk
5.6,15,1,58.26,81.13,66.78,71.175,71.8845,81.14099999999999,82.0,116.0,134.0,67.11,Moderate Risk
5.6,15,2,55.51,82.88,65.17,70.59,84.201,82.875,82.0,114.0,135.0,66.82,Moderate Risk
5.6,15,3,59.29,83.9,64.7,66.595,74.7915,83.89500000000001,84.0,115.0,136.0,65.06,Moderate Risk
5.6,15,4,62.31,83.49,66.33,65.695,64.71900000000001,83.48700000000001,85.0,116.0,135.0,64.2,Moderate Risk
5.6,30,1,56.23,72.1,60.73,68.51,56.125499999999995,72.0885,74.0,119.0,133.0,75.51,Moderate Risk
5.6,30,2,54.62,73.48,61.52,70.97,65.4585,73.491,74.0,118.0,133.0,75.32,Moderate Risk
5.6,30,3,56.37,75.27,64.84,73.44,64.0305,75.27600000000001,77.0,118.0,132.0,72.37,Moderate Risk
5.6,30,4,56.8,75.32,63.96,71.595,62.7045,75.327,77.0,118.0,133.0,72.37,Moderate Risk
5.6,45,1,57.86,68.97,53.49,51.54,57.221999999999994,68.9775,70.0,120.0,135.0,79.68,Moderate Risk
5.6,45,2,53.5,74.65,57.5,65.675,72.2415,74.664,75.0,115.0,136.0,73.93,Moderate Risk
5.6,45,3,57.66,69.01,54.25,53.08,54.519,69.003,71.0,120.0,136.0,78.75,Moderate Risk
5.6,45,4,50.97,69.46,56.89,69.615,67.881,69.46199999999999,70.0,117.0,133.0,79.08,Moderate Risk
5.6,60,1,53.89,70.56,55.38,62.695,60.2565,70.5585,71.0,118.0,135.0,78.32,Moderate Risk
5.6,60,2,52.94,69.39,55.69,65.02,60.4605,69.38550000000001,70.0,118.0,134.0,79.27,Moderate Risk
5.6,60,3,55.73,65.34,53.81,55.01,44.982,65.33099999999999,67.0,121.0,134.0,82.79,Moderate Risk
5.6,60,4,53.88,64.28,56.14,66.505,41.2335,64.2855,66.0,122.0,131.0,83.96,Moderate Risk
5.6,90,1,53.27,65.81,52.98,59.315,49.725,65.8155,67.0,120.0,135.0,82.62,Moderate Risk
5.6,90,2,53.61,67.26,55.29,63.695,51.7395,67.26899999999999,69.0,120.0,133.0,80.61,Moderate Risk
5.6,90,3,51.33,71.18,52.74,62.135,71.094,71.1705,72.0,115.0,137.0,76.95,Moderate Risk
5.6,90,4,52.9,68.15,57.73,69.51,57.0435,68.136,69.0,119.0,133.0,80.42,Moderate Risk
5.6,120,1,51.54,67.13,51.06,59.1,61.047,67.116,68.0,118.0,136.0,81.31,Moderate Risk
5.6,120,2,55.61,62.98,51.08,48.57,48.169500000000006,62.985,65.0,123.0,134.0,85.17,Moderate Risk
5.6,120,3,52.2,63.27,50.07,55.165,53.193000000000005,63.265499999999996,65.0,121.0,135.0,84.78,Moderate Risk
5.6,120,4,52.86,65.97,51.0,56.265,57.885000000000005,65.96849999999999,66.0,119.0,135.0,83.41,Moderate Risk
5.6,180,1,51.52,64.66,50.38,57.61,56.2785,64.66799999999999,65.0,119.0,135.0,84.4,Moderate Risk
5.6,180,2,52.29,60.0,51.54,57.35,35.955,60.0015,61.0,124.0,132.0,89.27,Moderate Risk
5.6,180,3,49.41,62.51,49.23,59.595,54.1875,62.5005,63.0,120.0,134.0,86.52,Moderate Risk
5.6,180,4,50.28,61.2,52.48,66.045,45.5175,61.199999999999996,63.0,121.0,132.0,86.68,Moderate Risk
5.6,240,1,47.89,60.88,49.27,63.185,54.417,60.8685,61.0,120.0,133.0,88.46,Moderate Risk
5.6,240,2,51.64,64.19,51.57,59.835,50.158500000000004,64.1835,65.0,120.0,134.0,84.55,Moderate Risk
5.6,240,3,49.18,62.52,48.68,58.91,56.457,62.526,63.0,120.0,135.0,86.54,Moderate Risk
5.6,240,4,51.12,63.16,48.89,55.31,57.604499999999994,63.1635,64.0,120.0,136.0,85.6,Moderate Risk
5.6,300,1,48.21,62.01,43.86,52.81,74.63850000000001,62.016,62.0,118.0,138.0,87.34,Moderate Risk
5.6,300,2,53.18,62.68,49.09,50.96,55.284,62.678999999999995,64.0,122.0,135.0,85.96,Moderate Risk
5.6,300,3,49.74,61.13,50.09,60.905,47.481,61.1235,62.0,120.0,133.0,87.48,Moderate Risk
5.6,300,4,53.16,62.43,46.89,47.895,63.469500000000004,62.424,64.0,120.0,137.0,85.66,Moderate Risk
5.6,360,1,54.09,60.53,51.1,50.505,39.729,60.537,63.0,123.0,133.0,87.1,Moderate Risk
5.6,360,2,51.29,63.72,50.26,57.695,53.856,63.724500000000006,64.0,121.0,134.0,85.73,Moderate Risk
5.6,360,3,52.38,62.99,49.34,53.325,55.233,62.985,64.0,120.0,135.0,85.56,Moderate Risk
5.6,360,4,51.83,65.45,45.41,50.39,78.081,65.4585,66.0,117.0,138.0,83.24,Moderate Risk
5.6,480,1,50.38,59.64,48.58,55.11,47.277,59.6445,61.0,121.0,134.0,88.67,Moderate Risk
5.6,480,2,50.04,57.85,46.63,50.86,49.47,57.8595,58.0,123.0,134.0,92.01,Moderate Risk
5.6,480,3,52.2,59.12,46.66,46.65,53.754,59.109,61.0,122.0,135.0,88.89,Moderate Risk
5.6,480,4,52.9,61.25,43.98,44.515,71.91,61.251,62.0,120.0,138.0,87.68,Moderate Risk
5.7,0,1,90.8,150.78,129.66,79.435,101.439,150.78150000000002,147.0,103.0,133.0,1.73,Moderate Risk
5.7,0,2,89.46,150.87,132.81,81.175,103.8105,150.8835,147.0,104.0,131.0,1.41,Moderate Risk
5.7,0,3,88.86,150.38,133.14,81.595,104.32050000000001,150.3735,147.0,104.0,131.0,1.41,Moderate Risk
5.7,0,4,88.37,146.36,131.67,82.4,101.031,146.36999999999998,144.0,105.0,130.0,4.58,Moderate Risk
5.7,1,1,83.33,124.01,106.65,77.2,83.64,124.0065,124.0,109.0,133.0,24.54,Moderate Risk
5.7,1,2,79.33,120.92,108.19,80.82,87.72,120.921,120.0,111.0,130.0,28.93,Moderate Risk
5.7,1,3,79.39,124.6,108.35,79.22,92.5395,124.59299999999999,124.0,109.0,132.0,24.52,Moderate Risk
5.7,1,4,78.28,122.49,106.59,79.21,92.0295,122.4765,122.0,109.0,132.0,26.48,Moderate Risk
5.7,2,1,74.02,113.22,94.33,75.545,88.3065,113.22,113.0,110.0,134.0,35.57,Moderate Risk
5.7,2,2,75.68,111.88,95.59,76.5,82.518,111.894,112.0,112.0,133.0,36.89,Moderate Risk
5.7,2,3,74.37,111.39,95.34,76.995,84.73649999999999,111.384,112.0,111.0,133.0,36.69,Moderate Risk
5.7,2,4,76.07,111.16,98.16,78.885,80.478,111.1545,112.0,112.0,131.0,36.89,Moderate Risk
5.7,5,1,65.37,93.87,79.65,75.03,77.41799999999999,93.8655,94.0,114.0,133.0,54.93,Moderate Risk
5.7,5,2,65.45,96.15,81.14,75.335,81.4215,96.1605,97.0,113.0,133.0,51.8,Moderate Risk
5.7,5,3,64.66,97.89,79.38,73.29,86.5725,97.89450000000001,97.0,112.0,134.0,51.66,Moderate Risk
5.7,5,4,69.2,97.74,76.42,67.585,74.46,97.74149999999999,98.0,113.0,137.0,51.05,Moderate Risk
5.7,10,1,60.7,87.45,70.24,70.695,78.00450000000001,87.4395,88.0,114.0,135.0,60.9,Moderate Risk
5.7,10,2,62.66,86.12,73.18,73.445,69.46199999999999,86.1135,88.0,116.0,133.0,61.2,Moderate Risk
5.7,10,3,64.39,83.01,70.97,70.59,57.221999999999994,83.0025,85.0,118.0,133.0,64.54,Moderate Risk
5.7,10,4,62.31,84.55,67.17,66.56,67.0905,84.558,86.0,115.0,135.0,63.04,Moderate Risk
5.7,15,1,57.8,82.89,66.32,70.18,77.163,82.875,83.0,115.0,134.0,65.95,Moderate Risk
5.7,15,2,57.92,82.17,68.22,72.74,75.25049999999999,82.161,83.0,115.0,133.0,65.93,Moderate Risk
5.7,15,3,58.34,82.69,66.77,70.385,75.0975,82.6965,83.0,115.0,134.0,65.95,Moderate Risk
5.7,15,4,59.67,78.59,64.25,67.27,61.3785,78.591,80.0,118.0,134.0,69.46,Moderate Risk
5.7,30,1,58.45,69.15,61.04,67.26,39.422999999999995,69.156,72.0,122.0,131.0,78.11,Moderate Risk
5.7,30,2,58.38,73.16,57.94,59.135,53.04,73.1595,75.0,118.0,136.0,74.44,Moderate Risk
5.7,30,3,54.76,70.82,58.69,67.35,57.834,70.8135,72.0,118.0,133.0,77.29,Moderate Risk
5.7,30,4,56.71,76.45,59.5,64.235,65.841,76.449,77.0,116.0,136.0,72.12,Moderate Risk
5.7,45,1,54.23,67.0,57.76,68.295,48.602999999999994,66.9885,68.0,121.0,132.0,81.79,Moderate Risk
5.7,45,2,56.29,67.45,61.33,73.535,42.2025,67.4475,70.0,122.0,130.0,80.07,Moderate Risk
5.7,45,3,56.58,75.29,56.69,60.17,63.3675,75.3015,76.0,116.0,137.0,73.16,Moderate Risk
5.7,45,4,58.17,72.76,58.51,60.7,51.127500000000005,72.7515,74.0,119.0,135.0,75.56,Moderate Risk
5.7,60,1,54.98,66.1,58.03,68.225,42.891,66.09599999999999,68.0,121.0,131.0,81.79,Moderate Risk
5.7,60,2,52.91,71.48,52.79,59.81,66.65700000000001,71.4765,72.0,116.0,137.0,77.1,Moderate Risk
5.7,60,3,54.35,68.75,52.73,56.965,59.4405,68.748,69.0,119.0,136.0,80.51,Moderate Risk
5.7,60,4,55.26,72.19,57.7,64.32,59.7975,72.1905,73.0,118.0,135.0,76.35,Moderate Risk
5.7,90,1,55.03,65.65,51.97,53.285,53.142,65.637,67.0,120.0,135.0,82.62,Moderate Risk
5.7,90,2,51.98,65.45,54.9,66.5,52.479,65.4585,66.0,120.0,133.0,83.55,Moderate Risk
5.7,90,3,55.75,64.75,51.66,50.615,51.561,64.7445,66.0,121.0,135.0,83.8,Moderate Risk
5.7,90,4,53.19,67.99,51.99,57.745,60.027,67.983,69.0,119.0,136.0,80.51,Moderate Risk
5.7,120,1,52.54,67.34,48.06,53.03,73.0065,67.3455,68.0,118.0,138.0,81.44,Moderate Risk
5.7,120,2,51.53,61.99,50.43,57.15,47.5575,61.990500000000004,63.0,122.0,134.0,86.91,Moderate Risk
5.7,120,3,55.9,63.89,51.53,49.39,49.3425,63.8775,65.0,122.0,134.0,84.95,Moderate Risk
5.7,120,4,53.38,69.43,51.73,57.21,64.9995,69.4365,70.0,118.0,137.0,79.4,Moderate Risk
5.7,180,1,48.23,62.22,50.27,64.38,57.324,62.22,63.0,119.0,133.0,86.32,Moderate Risk
5.7,180,2,53.13,61.3,50.24,52.16,46.027499999999996,61.302,63.0,123.0,134.0,87.12,Moderate Risk
5.7,180,3,52.13,65.01,54.76,66.135,50.541,64.9995,67.0,120.0,133.0,82.57,Moderate Risk
5.7,180,4,49.87,63.68,49.42,59.05,57.120000000000005,63.673500000000004,64.0,119.0,135.0,85.38,Moderate Risk
5.7,240,1,49.4,63.31,46.92,55.46,65.994,63.3165,64.0,118.0,137.0,85.31,Moderate Risk
5.7,240,2,52.56,61.13,47.85,49.355,55.386,61.1235,63.0,121.0,135.0,86.74,Moderate Risk
5.7,240,3,51.55,62.61,49.83,55.955,52.045500000000004,62.6025,63.0,120.0,134.0,86.52,Moderate Risk
5.7,240,4,50.69,61.96,44.26,49.095,72.8535,61.964999999999996,62.0,120.0,137.0,87.62,Moderate Risk
5.7,300,1,49.29,59.46,44.39,50.25,64.6425,59.466,60.0,121.0,136.0,89.72,Moderate Risk
5.7,300,2,47.3,63.69,46.8,59.11,67.626,63.699,63.0,117.0,136.0,86.08,Moderate Risk
5.7,300,3,50.65,63.1,46.18,52.075,68.3655,63.1125,64.0,119.0,137.0,85.48,Moderate Risk
5.7,300,4,50.49,62.94,47.59,54.32,62.194500000000005,62.934,63.0,120.0,136.0,86.59,Moderate Risk
5.7,360,1,51.71,60.72,49.48,54.045,47.2005,60.7155,62.0,122.0,134.0,87.89,Moderate Risk
5.7,360,2,51.99,58.77,48.37,49.555,45.1095,58.7775,60.0,123.0,133.0,90.03,Moderate Risk
5.7,360,3,51.86,62.0,47.19,50.54,60.9195,61.990500000000004,63.0,120.0,135.0,86.54,Moderate Risk
5.7,360,4,50.71,60.34,47.26,52.09,55.2585,60.333,61.0,121.0,135.0,88.7,Moderate Risk
5.7,480,1,49.52,63.88,45.27,53.145,74.2815,63.8775,64.0,118.0,137.0,85.31,Moderate Risk
5.7,480,2,45.81,62.43,45.91,60.175,67.8555,62.424,62.0,118.0,136.0,87.22,Moderate Risk
5.7,480,3,51.56,62.0,47.64,51.82,59.032500000000006,61.990500000000004,63.0,120.0,135.0,86.54,Moderate Risk
5.7,480,4,54.02,57.46,48.72,41.805,38.785500000000006,57.4515,60.0,124.0,133.0,90.25,Moderate Risk
5.8,0,1,92.05,152.73,131.31,79.41,101.3115,152.745,149.0,104.0,133.0,1.41,Moderate Risk
5.8,0,2,92.95,152.09,129.67,78.63,99.1695,152.08200000000002,149.0,103.0,134.0,2.45,Moderate Risk
5.8,0,3,89.95,151.53,133.58,81.255,103.63199999999999,151.521,148.0,104.0,131.0,1.0,Moderate Risk
5.8,0,4,94.4,153.21,132.51,79.44,97.869,153.204,150.0,104.0,133.0,2.24,Moderate Risk
5.8,1,1,77.07,126.92,105.17,76.915,100.164,126.9135,125.0,106.0,134.0,23.17,Moderate Risk
5.8,1,2,80.45,122.11,104.71,77.465,87.006,122.1195,122.0,109.0,133.0,26.5,Moderate Risk
5.8,1,3,80.28,120.62,107.37,80.145,85.27199999999999,120.615,120.0,111.0,131.0,28.88,Moderate Risk
5.8,1,4,76.47,123.85,102.54,76.51,97.563,123.85350000000001,122.0,107.0,135.0,26.34,Moderate Risk
5.8,2,1,70.37,112.43,91.57,75.12,95.3955,112.4295,112.0,108.0,135.0,36.35,Moderate Risk
5.8,2,2,72.71,111.54,98.23,79.71,88.791,111.537,112.0,111.0,131.0,36.69,Moderate Risk
5.8,2,3,74.51,112.08,95.34,76.635,85.476,112.0725,112.0,111.0,133.0,36.69,Moderate Risk
5.8,2,4,73.22,112.01,93.3,75.53,88.3065,112.0215,112.0,110.0,134.0,36.55,Moderate Risk
5.8,5,1,69.92,92.92,78.35,70.99,63.138,92.922,94.0,116.0,133.0,55.33,Moderate Risk
5.8,5,2,63.87,93.88,80.27,76.395,81.498,93.8655,94.0,114.0,132.0,54.92,Moderate Risk
5.8,5,3,67.58,92.53,79.2,73.975,68.748,92.5395,94.0,115.0,132.0,55.11,Moderate Risk
5.8,5,4,63.61,94.17,78.83,74.94,82.7475,94.17150000000001,95.0,113.0,134.0,53.8,Moderate Risk
5.8,10,1,60.35,83.96,68.61,70.495,71.7315,83.97149999999999,84.0,116.0,134.0,65.15,Moderate Risk
5.8,10,2,59.61,84.45,73.67,76.98,74.99549999999999,84.456,85.0,116.0,131.0,64.14,Moderate Risk
5.8,10,3,59.87,89.0,75.41,76.0,83.4615,88.99499999999999,90.0,114.0,132.0,58.86,Moderate Risk
5.8,10,4,61.2,86.31,70.18,70.73,74.205,86.31750000000001,87.0,115.0,134.0,62.02,Moderate Risk
5.8,15,1,59.37,80.8,70.84,76.06,67.6515,80.8095,82.0,117.0,131.0,67.28,Moderate Risk
5.8,15,2,61.3,82.99,66.57,67.28,66.63149999999999,83.0025,83.0,116.0,135.0,66.17,Moderate Risk
5.8,15,3,61.38,76.07,66.22,69.89,49.2405,76.0665,78.0,120.0,132.0,71.81,Moderate Risk
5.8,15,4,59.26,78.93,65.91,70.14,63.546,78.9225,80.0,117.0,133.0,69.24,Moderate Risk
5.8,30,1,55.57,74.32,60.78,68.33,64.31099999999999,74.307,75.0,117.0,134.0,74.18,Moderate Risk
5.8,30,2,57.3,72.98,59.8,64.78,54.7995,72.98100000000001,74.0,119.0,134.0,75.53,Moderate Risk
5.8,30,3,58.36,73.49,60.22,63.685,52.479,73.491,75.0,119.0,134.0,74.55,Moderate Risk
5.8,30,4,56.36,70.53,59.0,65.595,51.255,70.533,72.0,120.0,134.0,77.69,Moderate Risk
5.8,45,1,52.8,71.81,57.37,67.2,67.49849999999999,71.808,72.0,117.0,134.0,77.13,Moderate Risk
5.8,45,2,55.93,68.93,57.01,62.495,48.118500000000004,68.92649999999999,70.0,120.0,133.0,79.63,Moderate Risk
5.8,45,3,57.17,69.66,56.03,57.475,49.9035,69.666,71.0,120.0,134.0,78.67,Moderate Risk
5.8,45,4,53.76,70.5,58.13,67.83,60.588,70.50750000000001,71.0,118.0,133.0,78.27,Moderate Risk
5.8,60,1,53.04,66.58,59.07,73.35,51.867,66.5805,68.0,121.0,131.0,81.79,Moderate Risk
5.8,60,2,55.81,67.32,56.52,61.835,43.579499999999996,67.32000000000001,69.0,120.0,133.0,80.61,Moderate Risk
5.8,60,3,57.09,67.89,54.5,54.18,50.285999999999994,67.881,69.0,121.0,134.0,80.83,Moderate Risk
5.8,60,4,55.32,65.98,53.81,56.265,47.022000000000006,65.96849999999999,67.0,121.0,134.0,82.79,Moderate Risk
5.8,90,1,51.74,67.11,56.69,69.665,58.395,67.116,69.0,119.0,133.0,80.42,Moderate Risk
5.8,90,2,55.65,66.6,51.72,52.08,56.967,66.606,68.0,120.0,136.0,81.68,Moderate Risk
5.8,90,3,53.25,63.98,51.91,56.665,48.092999999999996,63.9795,65.0,121.0,134.0,84.75,Moderate Risk
5.8,90,4,51.74,64.43,51.3,58.985,51.969,64.43849999999999,65.0,120.0,134.0,84.55,Moderate Risk
5.8,120,1,52.38,64.2,50.97,56.805,52.5555,64.209,66.0,119.0,135.0,83.41,Moderate Risk
5.8,120,2,52.57,65.71,48.95,53.52,65.0505,65.7135,66.0,119.0,137.0,83.51,Moderate Risk
5.8,120,3,53.83,65.84,51.74,55.545,54.5955,65.841,67.0,120.0,135.0,82.62,Moderate Risk
5.8,120,4,53.99,67.66,48.22,51.095,73.2615,67.6515,68.0,118.0,138.0,81.44,Moderate Risk
5.8,180,1,50.77,64.89,46.45,52.985,72.44550000000001,64.89750000000001,65.0,118.0,137.0,84.32,Moderate Risk
5.8,180,2,52.12,61.08,48.43,51.24,52.810500000000005,61.0725,63.0,122.0,135.0,86.94,Moderate Risk
5.8,180,3,52.52,62.52,50.38,54.72,49.521,62.526,64.0,121.0,134.0,85.73,Moderate Risk
5.8,180,4,54.33,63.14,49.28,49.07,55.972500000000004,63.138,65.0,121.0,135.0,84.78,Moderate Risk
5.8,240,1,48.87,57.18,49.2,61.205,37.051500000000004,57.171,58.0,122.0,132.0,91.78,Moderate Risk
5.8,240,2,50.43,62.71,46.96,53.395,64.0305,62.7045,63.0,120.0,136.0,86.59,Moderate Risk
5.8,240,3,53.75,63.47,50.84,53.09,50.745000000000005,63.469500000000004,65.0,121.0,135.0,84.78,Moderate Risk
5.8,240,4,50.54,60.37,47.59,53.06,53.9835,60.3585,61.0,121.0,135.0,88.7,Moderate Risk
5.8,300,1,50.71,61.07,45.21,49.61,66.2235,61.0725,62.0,120.0,136.0,87.57,Moderate Risk
5.8,300,2,49.25,59.77,51.74,67.1,44.879999999999995,59.772,61.0,122.0,132.0,88.84,Moderate Risk
5.8,300,3,48.67,61.81,51.5,66.45,54.213,61.812,62.0,120.0,132.0,87.48,Moderate Risk
5.8,300,4,50.68,57.58,48.11,51.85,41.973,57.579,59.0,123.0,133.0,91.01,Moderate Risk
5.8,360,1,49.13,57.98,47.83,56.145,44.6505,57.986999999999995,58.0,123.0,133.0,91.99,Moderate Risk
5.8,360,2,49.02,59.19,48.72,59.13,45.1095,59.1855,60.0,121.0,133.0,89.63,Moderate Risk
5.8,360,3,53.03,59.57,46.92,45.5,54.1875,59.568,61.0,123.0,135.0,89.1,Moderate Risk
5.8,360,4,49.75,61.4,46.67,53.73,61.149,61.403999999999996,62.0,120.0,136.0,87.57,Moderate Risk
5.8,480,1,54.1,58.34,47.46,41.68,47.5575,58.344,61.0,124.0,134.0,89.29,Moderate Risk
5.8,480,2,50.94,62.97,49.35,56.505,55.182,62.985,63.0,120.0,134.0,86.52,Moderate Risk
5.8,480,3,48.42,59.36,45.86,54.305,57.986999999999995,59.364000000000004,60.0,121.0,135.0,89.68,Moderate Risk
5.8,480,4,45.07,59.92,48.28,66.475,63.1635,59.925,59.0,120.0,133.0,90.43,Moderate Risk
5.9,0,1,92.74,149.57,133.19,81.35,96.8745,149.583,147.0,105.0,131.0,1.73,Moderate Risk
5.9,0,2,90.25,154.97,137.68,81.985,106.48800000000001,154.9635,151.0,103.0,131.0,3.32,Moderate Risk
5.9,0,3,91.93,153.55,130.96,79.005,102.33149999999999,153.56099999999998,150.0,102.0,134.0,3.46,Moderate Risk
5.9,0,4,90.59,149.88,132.26,81.08,100.878,149.889,147.0,105.0,131.0,1.73,Moderate Risk
5.9,1,1,82.47,125.04,105.87,76.49,86.80199999999999,125.0265,125.0,109.0,134.0,23.62,Moderate Risk
5.9,1,2,79.53,125.02,106.24,77.615,92.7945,125.0265,124.0,108.0,133.0,24.35,Moderate Risk
5.9,1,3,80.21,119.56,106.19,79.81,83.9205,119.56949999999999,120.0,111.0,131.0,28.88,Moderate Risk
5.9,1,4,80.81,126.31,104.76,75.79,91.851,126.3015,125.0,107.0,135.0,23.39,Moderate Risk
5.9,2,1,71.48,111.7,93.75,76.61,91.82549999999999,111.71549999999999,111.0,110.0,134.0,37.54,Moderate Risk
5.9,2,2,74.86,109.45,92.21,75.04,80.58,109.44600000000001,110.0,111.0,134.0,38.69,Moderate Risk
5.9,2,3,73.48,109.72,93.38,76.48,84.2265,109.7265,110.0,111.0,133.0,38.65,Moderate Risk
5.9,2,4,72.12,109.33,91.64,75.74,86.7765,109.3185,109.0,110.0,134.0,39.51,Moderate Risk
5.9,5,1,66.24,94.63,80.85,75.435,76.5,94.6305,95.0,114.0,133.0,53.94,Moderate Risk
5.9,5,2,67.44,90.28,81.04,77.86,64.515,90.27,92.0,117.0,130.0,57.52,Moderate Risk
5.9,5,3,68.31,90.46,83.62,80.74,62.4495,90.44850000000001,93.0,118.0,129.0,56.83,Moderate Risk
5.9,5,4,64.62,96.64,81.0,75.355,84.50699999999999,96.645,97.0,113.0,133.0,51.8,Moderate Risk
5.9,10,1,64.18,85.73,71.34,69.965,64.0815,85.731,87.0,117.0,133.0,62.38,Moderate Risk
5.9,10,2,59.62,87.57,72.68,74.025,81.396,87.567,88.0,114.0,133.0,60.84,Moderate Risk
5.9,10,3,62.48,85.89,67.11,65.925,69.513,85.884,86.0,115.0,136.0,63.1,Moderate Risk
5.9,10,4,63.02,86.72,67.72,65.94,69.666,86.7255,87.0,115.0,136.0,62.11,Moderate Risk
5.9,15,1,59.22,79.27,67.13,71.84,64.515,79.2795,81.0,117.0,133.0,68.26,Moderate Risk
5.9,15,2,62.16,77.26,66.33,68.28,49.827,77.265,80.0,119.0,133.0,69.64,Moderate Risk
5.9,15,3,59.9,79.32,65.61,68.815,62.4495,79.3305,81.0,117.0,134.0,68.28,Moderate Risk
5.9,15,4,61.99,77.89,65.15,65.965,52.071,77.9025,79.0,119.0,133.0,70.62,Moderate Risk
5.9,30,1,54.6,68.39,54.85,60.53,51.433499999999995,68.391,70.0,119.0,135.0,79.49,Moderate Risk
5.9,30,2,57.07,76.03,59.87,64.435,63.597,76.04100000000001,77.0,117.0,136.0,72.29,Moderate Risk
5.9,30,3,58.45,70.04,59.4,62.455,42.2025,70.0485,72.0,120.0,133.0,77.67,Moderate Risk
5.9,30,4,56.52,71.79,55.56,58.22,57.655499999999996,71.7825,73.0,118.0,136.0,76.4,Moderate Risk
5.9,45,1,56.41,68.26,58.05,64.16,44.2935,68.2635,70.0,121.0,133.0,79.84,Moderate Risk
5.9,45,2,57.21,73.83,57.45,60.435,57.4005,73.82249999999999,75.0,118.0,136.0,74.44,Moderate Risk
5.9,45,3,55.06,67.0,56.67,64.055,45.466499999999996,67.014,69.0,120.0,133.0,80.61,Moderate Risk
5.9,45,4,55.76,70.64,50.93,52.65,71.14500000000001,70.635,71.0,117.0,138.0,78.32,Moderate Risk
5.9,60,1,50.59,64.55,55.71,71.015,55.1565,64.5405,66.0,120.0,132.0,83.55,Moderate Risk
5.9,60,2,52.92,64.86,54.07,62.88,46.9455,64.8465,66.0,121.0,133.0,83.75,Moderate Risk
5.9,60,3,51.69,68.23,55.19,66.355,61.8375,68.238,69.0,119.0,134.0,80.44,Moderate Risk
5.9,60,4,55.47,64.6,53.97,55.765,41.973,64.59150000000001,66.0,122.0,133.0,83.96,Moderate Risk
5.9,90,1,51.89,66.08,51.77,59.745,55.207499999999996,66.0705,67.0,118.0,135.0,82.26,Moderate Risk
5.9,90,2,56.25,65.7,52.12,50.87,52.7085,65.688,68.0,121.0,135.0,81.84,Moderate Risk
5.9,90,3,49.86,65.84,48.59,57.78,66.81,65.841,66.0,117.0,137.0,83.17,Moderate Risk
5.9,90,4,52.89,63.98,49.73,53.345,56.7885,63.9795,65.0,120.0,135.0,84.58,Moderate Risk
5.9,120,1,53.03,63.69,52.59,58.785,44.4465,63.673500000000004,65.0,121.0,134.0,84.75,Moderate Risk
5.9,120,2,52.56,65.81,50.12,55.35,60.792,65.8155,66.0,119.0,135.0,83.41,Moderate Risk
5.9,120,3,56.8,63.94,53.25,50.025,42.6105,63.92849999999999,66.0,123.0,133.0,84.18,Moderate Risk
5.9,120,4,53.57,66.3,50.94,54.87,59.058,66.3,68.0,119.0,136.0,81.49,Moderate Risk
5.9,180,1,50.92,60.05,48.15,53.005,50.541,60.052499999999995,61.0,121.0,134.0,88.67,Moderate Risk
5.9,180,2,50.81,60.48,47.99,53.225,52.683,60.486,61.0,121.0,135.0,88.7,Moderate Risk
5.9,180,3,53.62,60.27,49.72,48.915,44.676,60.282,62.0,122.0,134.0,87.89,Moderate Risk
5.9,180,4,48.53,64.41,50.54,63.785,62.8575,64.413,65.0,118.0,135.0,84.23,Moderate Risk
5.9,240,1,50.83,61.44,54.15,69.385,44.013,61.4295,63.0,122.0,131.0,86.89,Moderate Risk
5.9,240,2,53.82,60.86,46.67,44.89,59.4405,60.8685,62.0,122.0,136.0,87.95,Moderate Risk
5.9,240,3,52.68,64.18,47.88,51.165,64.77,64.1835,65.0,119.0,137.0,84.49,Moderate Risk
5.9,240,4,50.86,61.17,50.34,58.56,45.135,61.1745,62.0,121.0,133.0,87.67,Moderate Risk
5.9,300,1,50.7,59.59,46.54,50.435,55.845,59.5935,61.0,121.0,135.0,88.7,Moderate Risk
5.9,300,2,49.48,64.47,48.9,58.875,61.582499999999996,64.46400000000001,65.0,118.0,136.0,84.27,Moderate Risk
5.9,300,3,52.86,62.31,48.65,50.74,55.9215,62.322,63.0,121.0,135.0,86.74,Moderate Risk
5.9,300,4,50.34,58.73,50.45,60.395,36.414,58.7265,60.0,123.0,132.0,90.03,Moderate Risk
5.9,360,1,52.67,60.33,46.68,46.85,57.681000000000004,60.333,62.0,122.0,136.0,87.95,Moderate Risk
5.9,360,2,48.69,60.2,47.27,56.715,54.7485,60.2055,61.0,120.0,134.0,88.48,Moderate Risk
5.9,360,3,50.05,62.24,48.18,56.01,57.63,62.2455,63.0,120.0,135.0,86.54,Moderate Risk
5.9,360,4,51.87,61.86,46.96,50.115,61.4295,61.863,62.0,121.0,136.0,87.76,Moderate Risk
5.9,480,1,48.89,56.81,45.81,51.6,49.367999999999995,56.814,58.0,122.0,134.0,91.8,Moderate Risk
5.9,480,2,48.97,57.08,47.85,56.375,41.208,57.069,58.0,122.0,133.0,91.79,Moderate Risk
5.9,480,3,50.49,56.45,47.05,49.035,42.4575,56.457,58.0,123.0,133.0,91.99,Moderate Risk
5.9,480,4,49.86,58.99,45.91,50.94,56.559,59.007,59.0,121.0,135.0,90.66,Moderate Risk
6.0,0,1,91.75,151.6,132.25,80.3,100.67399999999999,151.5975,148.0,104.0,132.0,0.0,Moderate Risk
6.0,0,2,90.61,149.3,130.84,80.565,100.2405,149.3025,146.0,104.0,132.0,2.0,Moderate Risk
6.0,0,3,91.12,155.71,133.08,79.49,105.774,155.703,151.0,102.0,133.0,3.74,Moderate Risk
6.0,0,4,94.67,146.51,131.53,81.335,90.2445,146.523,145.0,107.0,130.0,4.69,Moderate Risk
6.0,1,1,78.6,123.53,105.59,78.025,92.74350000000001,123.522,123.0,108.0,133.0,25.34,Moderate Risk
6.0,1,2,80.42,126.38,101.87,74.0,92.71799999999999,126.378,125.0,106.0,137.0,23.62,Moderate Risk
6.0,1,3,76.75,123.39,103.48,77.195,96.39,123.3945,122.0,107.0,134.0,26.25,Moderate Risk
6.0,1,4,79.4,117.14,106.18,81.29,82.161,117.14699999999999,118.0,112.0,130.0,31.11,Moderate Risk
6.0,2,1,73.79,110.42,91.24,74.295,84.5835,110.41499999999999,110.0,110.0,135.0,38.59,Moderate Risk
6.0,2,2,74.63,111.53,94.88,76.46,84.37950000000001,111.537,112.0,111.0,133.0,36.69,Moderate Risk
6.0,2,3,74.38,108.0,92.93,76.55,79.3815,107.99249999999999,109.0,112.0,133.0,39.82,Moderate Risk
6.0,2,4,72.39,109.74,93.72,77.135,86.7765,109.7265,109.0,111.0,133.0,39.64,Moderate Risk
6.0,5,1,67.2,89.58,82.99,81.16,63.724500000000006,89.5815,92.0,118.0,129.0,57.8,Moderate Risk
6.0,5,2,66.52,94.34,76.84,71.125,75.1995,94.35,95.0,114.0,135.0,54.02,Moderate Risk
6.0,5,3,66.05,92.26,76.96,72.49,72.44550000000001,92.259,93.0,114.0,134.0,55.94,Moderate Risk
6.0,5,4,65.94,95.51,79.12,73.37,78.948,95.4975,96.0,113.0,134.0,52.81,Moderate Risk
6.0,10,1,60.81,84.27,69.93,71.665,70.99199999999999,84.2775,85.0,115.0,134.0,63.98,Moderate Risk
6.0,10,2,61.95,83.49,71.08,72.715,65.79,83.48700000000001,85.0,117.0,132.0,64.33,Moderate Risk
6.0,10,3,63.61,82.41,69.42,69.27,58.1655,82.416,84.0,118.0,133.0,65.52,Moderate Risk
6.0,10,4,62.37,81.39,70.7,73.14,59.619,81.396,83.0,118.0,132.0,66.49,Moderate Risk
6.0,15,1,60.97,79.38,64.94,66.475,59.134499999999996,79.3815,81.0,117.0,134.0,68.28,Moderate Risk
6.0,15,2,59.36,77.26,66.62,72.16,59.058,77.265,79.0,119.0,132.0,70.61,Moderate Risk
6.0,15,3,59.24,75.4,66.37,73.25,54.672000000000004,75.40350000000001,77.0,119.0,131.0,72.57,Moderate Risk
6.0,15,4,60.46,81.91,63.5,64.25,66.78450000000001,81.90599999999999,82.0,115.0,136.0,67.03,Moderate Risk
6.0,30,1,54.94,74.49,57.29,63.61,66.9375,74.4855,75.0,116.0,136.0,74.09,Moderate Risk
6.0,30,2,54.31,72.0,60.66,70.765,62.678999999999995,72.012,73.0,118.0,133.0,76.3,Moderate Risk
6.0,30,3,59.31,72.87,56.33,54.585,57.9105,72.879,74.0,119.0,136.0,75.61,Moderate Risk
6.0,30,4,55.32,70.42,56.43,62.195,54.672000000000004,70.431,72.0,118.0,134.0,77.3,Moderate Risk
6.0,45,1,55.74,66.0,53.71,55.05,47.481,65.994,68.0,120.0,134.0,81.61,Moderate Risk
6.0,45,2,54.49,68.44,55.28,61.705,51.969,68.44200000000001,70.0,119.0,134.0,79.45,Moderate Risk
6.0,45,3,55.98,71.23,55.18,58.495,57.4515,71.22149999999999,72.0,118.0,135.0,77.34,Moderate Risk
6.0,45,4,55.41,67.33,56.69,63.23,45.1605,67.32000000000001,69.0,120.0,133.0,80.61,Moderate Risk
6.0,60,1,54.49,66.41,53.87,58.525,48.169500000000006,66.402,68.0,120.0,134.0,81.61,Moderate Risk
6.0,60,2,54.05,67.68,57.78,68.215,51.3315,67.677,69.0,121.0,133.0,80.81,Moderate Risk
6.0,60,3,57.49,67.35,55.73,55.45,43.9875,67.3455,70.0,121.0,134.0,79.86,Moderate Risk
6.0,60,4,55.15,68.08,56.09,62.18,48.4245,68.08500000000001,70.0,120.0,134.0,79.65,Moderate Risk
6.0,90,1,49.11,64.84,53.07,67.56,61.863,64.8465,65.0,119.0,133.0,84.35,Moderate Risk
6.0,90,2,56.65,63.67,54.44,52.815,36.974999999999994,63.673500000000004,66.0,123.0,133.0,84.18,Moderate Risk
6.0,90,3,52.69,65.24,52.63,59.855,49.317,65.25450000000001,66.0,120.0,134.0,83.57,Moderate Risk
6.0,90,4,52.99,71.37,54.05,61.725,65.688,71.3745,72.0,116.0,136.0,77.05,Moderate Risk
6.0,120,1,53.07,66.66,49.84,54.24,64.3365,66.65700000000001,67.0,119.0,137.0,82.53,Moderate Risk
6.0,120,2,51.71,64.47,50.31,57.025,55.998,64.46400000000001,65.0,119.0,135.0,84.4,Moderate Risk
6.0,120,3,54.61,59.23,48.68,43.155,45.441,59.2365,61.0,123.0,134.0,89.07,Moderate Risk
6.0,120,4,54.47,63.61,53.56,57.28,40.3155,63.6225,65.0,122.0,133.0,84.94,Moderate Risk
6.0,180,1,51.11,62.58,53.21,65.485,46.716,62.577000000000005,64.0,121.0,132.0,85.7,Moderate Risk
6.0,180,2,48.49,61.61,48.16,59.275,55.6665,61.608000000000004,62.0,119.0,134.0,87.32,Moderate Risk
6.0,180,3,50.15,64.02,49.52,58.7,57.7575,64.0305,65.0,119.0,135.0,84.4,Moderate Risk
6.0,180,4,50.92,58.83,51.23,61.175,34.2465,58.8285,60.0,123.0,131.0,90.03,Moderate Risk
6.0,240,1,52.34,60.72,46.03,47.115,61.659,60.7155,62.0,122.0,136.0,87.95,Moderate Risk
6.0,240,2,48.98,57.76,47.23,55.025,46.4865,57.7575,58.0,122.0,133.0,91.79,Moderate Risk
6.0,240,3,48.58,62.71,48.6,60.045,57.477,62.7045,63.0,119.0,135.0,86.37,Moderate Risk
6.0,240,4,49.34,66.17,51.57,63.985,64.872,66.1725,67.0,118.0,135.0,82.26,Moderate Risk
6.0,300,1,51.77,60.12,51.23,58.155,37.7145,60.129000000000005,62.0,122.0,132.0,87.86,Moderate Risk
6.0,300,2,50.05,62.27,45.51,51.875,68.6205,62.271,63.0,119.0,137.0,86.46,Moderate Risk
6.0,300,3,48.78,56.21,48.16,57.685,36.516,56.202000000000005,58.0,123.0,132.0,91.98,Moderate Risk
6.0,300,4,48.17,62.12,47.18,58.015,61.302,62.118,63.0,119.0,135.0,86.37,Moderate Risk
6.0,360,1,49.97,58.73,45.62,50.035,56.9415,58.7265,59.0,121.0,135.0,90.66,Moderate Risk
6.0,360,2,52.22,57.87,48.16,47.44,42.814499999999995,57.885000000000005,59.0,124.0,133.0,91.22,Moderate Risk
6.0,360,3,49.9,60.55,45.29,50.95,64.2345,60.537,61.0,120.0,136.0,88.55,Moderate Risk
6.0,360,4,54.1,61.42,45.15,43.5,67.54950000000001,61.4295,63.0,122.0,137.0,87.03,Moderate Risk
6.0,480,1,51.41,61.32,45.02,48.225,67.779,61.3275,62.0,120.0,136.0,87.57,Moderate Risk
6.0,480,2,51.19,58.17,49.55,54.295,37.7655,58.1655,60.0,123.0,133.0,90.03,Moderate Risk
6.0,480,3,51.31,59.53,45.04,47.03,62.0925,59.542500000000004,61.0,121.0,135.0,88.7,Moderate Risk
6.0,480,4,49.07,63.12,42.09,50.035,84.9915,63.1125,63.0,117.0,139.0,86.27,Moderate Risk
6.1,0,1,93.26,149.99,133.83,81.455,96.44099999999999,149.99099999999999,147.0,106.0,131.0,2.45,Moderate Risk
6.1,0,2,94.54,154.47,130.08,77.795,98.94,154.479,151.0,103.0,135.0,4.36,Moderate Risk
6.1,0,3,90.63,151.54,128.96,78.88,102.4845,151.5465,148.0,103.0,134.0,2.24,Moderate Risk
6.1,0,4,86.7,152.87,130.77,79.98,110.364,152.8725,148.0,101.0,133.0,3.16,Moderate Risk
6.1,1,1,76.21,121.67,107.25,80.485,95.268,121.66050000000001,121.0,109.0,131.0,27.48,Moderate Risk
6.1,1,2,81.31,123.88,105.94,77.36,87.61800000000001,123.879,123.0,109.0,133.0,25.51,Moderate Risk
6.1,1,3,75.09,123.38,106.89,79.755,99.807,123.369,122.0,107.0,132.0,26.17,Moderate Risk
6.1,1,4,78.42,124.67,110.3,80.675,94.605,124.6695,124.0,109.0,131.0,24.54,Moderate Risk
6.1,2,1,72.04,112.03,91.33,74.47,91.0095,112.0215,112.0,109.0,135.0,36.47,Moderate Risk
6.1,2,2,72.42,108.85,94.44,78.13,85.3485,108.8595,109.0,112.0,132.0,39.81,Moderate Risk
6.1,2,3,74.09,112.5,95.3,76.565,87.057,112.506,112.0,111.0,133.0,36.69,Moderate Risk
6.1,2,4,75.31,109.26,95.37,77.725,79.2285,109.2675,110.0,112.0,132.0,38.83,Moderate Risk
6.1,5,1,67.03,90.52,80.55,77.26,66.198,90.52499999999999,92.0,117.0,131.0,57.5,Moderate Risk
6.1,5,2,65.31,92.71,76.9,72.685,75.35249999999999,92.71799999999999,93.0,114.0,134.0,55.94,Moderate Risk
6.1,5,3,64.9,91.47,80.5,77.615,74.0775,91.4685,92.0,116.0,131.0,57.28,Moderate Risk
6.1,5,4,66.93,93.41,76.61,70.97,72.29249999999999,93.40650000000001,94.0,114.0,135.0,55.0,Moderate Risk
6.1,10,1,59.78,83.16,68.44,71.115,71.68050000000001,83.1555,84.0,115.0,134.0,64.97,Moderate Risk
6.1,10,2,59.0,86.73,67.07,68.73,81.5235,86.7255,87.0,113.0,136.0,61.79,Moderate Risk
6.1,10,3,61.69,82.28,67.24,68.085,63.8265,82.2885,84.0,116.0,134.0,65.15,Moderate Risk
6.1,10,4,60.59,79.77,68.05,71.665,61.302,79.76400000000001,81.0,118.0,132.0,68.45,Moderate Risk
6.1,15,1,53.88,78.67,61.46,69.18,80.3505,78.6675,78.0,115.0,135.0,70.92,Moderate Risk
6.1,15,2,56.8,75.73,65.48,73.76,63.75,75.735,77.0,118.0,132.0,72.37,Moderate Risk
6.1,15,3,63.78,78.65,66.54,65.58,48.220499999999994,78.642,80.0,119.0,133.0,69.64,Moderate Risk
6.1,15,4,61.62,78.95,65.41,66.565,55.972500000000004,78.948,80.0,118.0,133.0,69.43,Moderate Risk
6.1,30,1,59.83,73.5,56.94,54.76,57.426,73.491,75.0,118.0,136.0,74.44,Moderate Risk
6.1,30,2,50.79,73.35,56.17,67.155,78.4125,73.33800000000001,73.0,115.0,135.0,75.86,Moderate Risk
6.1,30,3,59.3,72.73,57.22,55.98,54.366,72.726,74.0,119.0,135.0,75.56,Moderate Risk
6.1,30,4,52.52,73.47,60.64,71.635,72.7005,73.4655,74.0,116.0,133.0,74.97,Moderate Risk
6.1,45,1,53.53,71.17,54.17,61.075,63.2145,71.1705,72.0,117.0,136.0,77.21,Moderate Risk
6.1,45,2,50.78,71.1,56.99,69.17,72.879,71.094,72.0,116.0,134.0,76.97,Moderate Risk
6.1,45,3,54.81,72.57,57.38,64.335,62.3985,72.57300000000001,73.0,117.0,135.0,76.18,Moderate Risk
6.1,45,4,53.61,66.61,55.94,65.37,49.776,66.606,68.0,120.0,133.0,81.59,Moderate Risk
6.1,60,1,53.85,66.62,53.77,59.8,49.189499999999995,66.63149999999999,68.0,120.0,134.0,81.61,Moderate Risk
6.1,60,2,51.62,70.6,56.64,67.945,68.544,70.6095,71.0,117.0,134.0,78.12,Moderate Risk
6.1,60,3,54.64,68.16,52.96,56.68,56.890499999999996,68.16149999999999,69.0,119.0,136.0,80.51,Moderate Risk
6.1,60,4,58.57,65.79,57.03,54.745,33.966,65.79,68.0,123.0,132.0,82.23,Moderate Risk
6.1,90,1,56.74,63.2,49.02,43.665,57.221999999999994,63.189,65.0,122.0,136.0,85.02,Moderate Risk
6.1,90,2,53.1,65.83,53.18,60.19,49.317,65.841,67.0,120.0,134.0,82.59,Moderate Risk
6.1,90,3,49.5,64.22,50.64,62.31,58.446,64.209,65.0,119.0,135.0,84.4,Moderate Risk
6.1,90,4,52.07,60.12,49.7,53.17,44.191500000000005,60.129000000000005,62.0,122.0,134.0,87.89,Moderate Risk
6.1,120,1,51.0,64.68,49.83,57.635,58.573499999999996,64.66799999999999,65.0,119.0,135.0,84.4,Moderate Risk
6.1,120,2,53.01,63.58,48.54,51.09,60.3075,63.5715,65.0,121.0,136.0,84.82,Moderate Risk
6.1,120,3,50.03,61.37,49.75,59.29,48.271499999999996,61.3785,62.0,121.0,134.0,87.69,Moderate Risk
6.1,120,4,52.48,65.67,48.37,52.87,67.19250000000001,65.66250000000001,66.0,119.0,137.0,83.51,Moderate Risk
6.1,180,1,51.59,59.77,48.81,52.41,46.767,59.772,61.0,122.0,134.0,88.87,Moderate Risk
6.1,180,2,49.89,61.13,47.46,54.68,56.9925,61.1235,62.0,120.0,135.0,87.53,Moderate Risk
6.1,180,3,50.23,65.71,47.19,55.075,71.859,65.7135,66.0,118.0,137.0,83.34,Moderate Risk
6.1,180,4,52.19,62.77,48.55,52.33,57.7575,62.781,63.0,121.0,135.0,86.74,Moderate Risk
6.1,240,1,49.14,58.64,48.78,58.89,42.891,58.650000000000006,59.0,122.0,133.0,90.81,Moderate Risk
6.1,240,2,50.55,56.72,46.39,47.915,46.461,56.711999999999996,58.0,123.0,133.0,91.99,Moderate Risk
6.1,240,3,48.46,59.87,49.76,63.415,48.5775,59.874,60.0,121.0,133.0,89.63,Moderate Risk
6.1,240,4,52.64,64.55,49.99,54.555,57.502500000000005,64.5405,66.0,119.0,136.0,83.46,Moderate Risk
6.1,300,1,50.74,60.71,45.92,50.22,62.118,60.7155,61.0,120.0,136.0,88.55,Moderate Risk
6.1,300,2,47.88,62.46,48.19,60.62,59.4915,62.4495,63.0,118.0,135.0,86.2,Moderate Risk
6.1,300,3,48.56,56.53,47.64,56.91,40.1115,56.533500000000004,58.0,123.0,132.0,91.98,Moderate Risk
6.1,300,4,52.97,62.71,46.01,47.495,67.932,62.7045,63.0,120.0,136.0,86.59,Moderate Risk
6.1,360,1,51.54,57.65,44.02,43.455,60.282,57.655499999999996,58.0,123.0,135.0,92.03,Moderate Risk
6.1,360,2,52.74,56.31,47.08,41.62,41.769,56.304,58.0,124.0,133.0,92.2,Moderate Risk
6.1,360,3,47.76,58.68,46.88,57.755,51.2805,58.6755,59.0,120.0,134.0,90.45,Moderate Risk
6.1,360,4,51.47,59.13,51.32,59.415,33.711000000000006,59.134499999999996,61.0,123.0,132.0,89.05,Moderate Risk
6.1,480,1,48.55,57.3,45.23,51.755,53.703,57.298500000000004,58.0,122.0,134.0,91.8,Moderate Risk
6.1,480,2,50.31,61.71,48.28,55.465,55.488,61.71,62.0,120.0,135.0,87.53,Moderate Risk
6.1,480,3,48.05,63.62,43.76,53.51,79.63650000000001,63.6225,63.0,117.0,138.0,86.2,Moderate Risk
6.1,480,4,52.7,55.07,49.06,41.82,27.8205,55.054500000000004,58.0,126.0,131.0,92.66,Moderate Risk
6.2,0,1,92.68,150.91,134.13,81.355,98.4045,150.909,148.0,105.0,130.0,2.24,Moderate Risk
6.2,0,2,91.35,146.61,131.06,81.56,96.1095,146.59949999999998,144.0,106.0,130.0,4.9,Moderate Risk
6.2,0,3,90.61,151.53,128.39,78.605,102.51,151.521,148.0,103.0,134.0,2.24,Moderate Risk
6.2,0,4,92.79,153.49,129.9,78.34,100.8525,153.4845,150.0,102.0,134.0,3.46,Moderate Risk
6.2,1,1,78.08,120.78,103.26,77.69,90.168,120.79350000000001,120.0,109.0,133.0,28.46,Moderate Risk
6.2,1,2,78.75,126.27,104.64,76.34,95.9565,126.276,125.0,106.0,135.0,23.28,Moderate Risk
6.2,1,3,77.09,121.0,104.3,78.595,92.5395,120.99749999999999,121.0,109.0,133.0,27.48,Moderate Risk
6.2,1,4,76.26,122.42,108.95,81.24,96.135,122.42550000000001,122.0,109.0,131.0,26.5,Moderate Risk
6.2,2,1,72.93,108.9,94.95,78.37,84.2265,108.88499999999999,109.0,112.0,132.0,39.81,Moderate Risk
6.2,2,2,73.05,110.84,96.02,78.24,86.92949999999999,110.84849999999999,111.0,111.0,132.0,37.66,Moderate Risk
6.2,2,3,74.93,107.17,100.04,83.36,76.7295,107.1765,109.0,114.0,128.0,40.46,Moderate Risk
6.2,2,4,74.22,110.23,95.1,77.4,83.3085,110.2365,111.0,112.0,132.0,37.85,Moderate Risk
6.2,5,1,62.55,93.2,80.34,77.415,83.8695,93.2025,94.0,114.0,132.0,54.92,Moderate Risk
6.2,5,2,66.02,94.34,76.37,70.965,76.551,94.35,95.0,114.0,135.0,54.02,Moderate Risk
6.2,5,3,65.17,91.43,78.79,75.565,73.236,91.41749999999999,92.0,115.0,132.0,57.07,Moderate Risk
6.2,5,4,69.42,97.4,77.4,68.555,73.2615,97.41,98.0,113.0,136.0,50.96,Moderate Risk
6.2,10,1,62.68,87.52,61.72,58.885,75.174,87.516,87.0,113.0,140.0,62.18,Moderate Risk
6.2,10,2,61.94,84.66,69.17,69.545,68.44200000000001,84.66000000000001,85.0,116.0,134.0,64.16,Moderate Risk
6.2,10,3,59.84,81.91,67.32,70.17,68.69699999999999,81.90599999999999,82.0,117.0,133.0,67.28,Moderate Risk
6.2,10,4,56.52,82.04,69.47,75.215,79.30499999999999,82.03349999999999,83.0,115.0,133.0,65.93,Moderate Risk
6.2,15,1,59.58,78.42,62.4,64.485,61.276500000000006,78.4125,80.0,117.0,135.0,69.3,Moderate Risk
6.2,15,2,58.61,78.22,62.92,66.595,63.903,78.20849999999999,79.0,116.0,135.0,70.1,Moderate Risk
6.2,15,3,59.32,77.35,63.18,66.41,59.4405,77.367,79.0,118.0,134.0,70.43,Moderate Risk
6.2,15,4,61.0,76.44,63.86,65.555,51.510000000000005,76.449,78.0,119.0,134.0,71.62,Moderate Risk
6.2,30,1,58.41,69.78,56.61,55.9,48.144,69.768,71.0,120.0,134.0,78.67,Moderate Risk
6.2,30,2,54.09,68.33,58.48,69.245,53.142,68.34,70.0,119.0,132.0,79.43,Moderate Risk
6.2,30,3,55.31,75.01,58.81,65.335,66.9885,74.99549999999999,76.0,116.0,136.0,73.1,Moderate Risk
6.2,30,4,59.58,67.96,57.64,54.35,38.708999999999996,67.95750000000001,70.0,123.0,133.0,80.29,Moderate Risk
6.2,45,1,51.94,67.98,52.02,60.135,60.1545,67.983,68.0,118.0,135.0,81.27,Moderate Risk
6.2,45,2,52.7,67.77,58.04,70.64,56.711999999999996,67.779,69.0,120.0,132.0,80.6,Moderate Risk
6.2,45,3,55.89,70.81,54.33,57.165,59.313,70.8135,71.0,118.0,136.0,78.36,Moderate Risk
6.2,45,4,51.84,67.61,54.48,65.03,59.4915,67.6005,68.0,118.0,134.0,81.24,Moderate Risk
6.2,60,1,56.69,64.54,54.88,54.365,38.199,64.5405,67.0,122.0,133.0,82.98,Moderate Risk
6.2,60,2,50.35,64.57,53.37,66.375,56.151,64.56599999999999,65.0,120.0,133.0,84.53,Moderate Risk
6.2,60,3,52.35,65.25,50.45,56.15,57.834,65.25450000000001,66.0,119.0,135.0,83.41,Moderate Risk
6.2,60,4,48.47,66.23,54.97,70.975,68.391,66.2235,67.0,118.0,133.0,82.21,Moderate Risk
6.2,90,1,55.32,63.78,50.28,48.79,53.9835,63.775499999999994,65.0,121.0,135.0,84.78,Moderate Risk
6.2,90,2,52.64,64.92,50.19,55.01,57.885000000000005,64.923,66.0,119.0,135.0,83.41,Moderate Risk
6.2,90,3,52.81,64.52,51.91,57.865,49.827,64.515,66.0,120.0,134.0,83.57,Moderate Risk
6.2,90,4,51.9,67.15,53.2,62.555,57.885000000000005,67.1415,68.0,118.0,134.0,81.24,Moderate Risk
6.2,120,1,53.28,64.39,51.55,55.97,50.847,64.3875,66.0,120.0,135.0,83.6,Moderate Risk
6.2,120,2,52.64,66.32,48.98,53.66,66.6825,66.3255,67.0,118.0,137.0,82.35,Moderate Risk
6.2,120,3,49.8,63.82,52.25,65.235,55.998,63.8265,64.0,120.0,133.0,85.52,Moderate Risk
6.2,120,4,50.52,69.62,50.98,60.71,69.9465,69.61500000000001,69.0,116.0,137.0,80.06,Moderate Risk
6.2,180,1,52.38,61.2,44.91,46.245,67.881,61.199999999999996,63.0,120.0,138.0,86.7,Moderate Risk
6.2,180,2,52.32,61.86,47.38,49.765,59.67,61.863,63.0,121.0,135.0,86.74,Moderate Risk
6.2,180,3,50.16,59.57,51.66,64.81,40.29,59.568,61.0,123.0,132.0,89.05,Moderate Risk
6.2,180,4,48.49,63.05,49.71,62.495,58.854,63.061499999999995,64.0,118.0,135.0,85.21,Moderate Risk
6.2,240,1,51.71,60.65,48.32,51.75,51.8415,60.6645,62.0,122.0,134.0,87.89,Moderate Risk
6.2,240,2,48.08,62.09,48.26,60.39,57.528,62.0925,63.0,119.0,135.0,86.37,Moderate Risk
6.2,240,3,45.3,58.49,48.77,67.905,57.528,58.497,58.0,120.0,132.0,91.41,Moderate Risk
6.2,240,4,49.28,57.34,45.81,50.97,51.2805,57.3495,58.0,122.0,134.0,91.8,Moderate Risk
6.2,300,1,48.01,59.44,49.46,63.8,49.0365,59.4405,60.0,121.0,133.0,89.63,Moderate Risk
6.2,300,2,50.33,60.57,45.25,50.055,64.4895,60.5625,61.0,120.0,136.0,88.55,Moderate Risk
6.2,300,3,52.43,59.09,47.62,47.425,49.4955,59.0835,61.0,122.0,134.0,88.87,Moderate Risk
6.2,300,4,51.22,59.93,47.18,50.5,54.2385,59.925,61.0,122.0,134.0,88.87,Moderate Risk
6.2,360,1,48.04,56.02,45.05,51.83,49.954499999999996,56.0235,58.0,122.0,134.0,91.8,Moderate Risk
6.2,360,2,49.54,61.67,46.4,53.82,63.138,61.659,62.0,120.0,136.0,87.57,Moderate Risk
6.2,360,3,49.77,59.37,49.8,60.105,41.2335,59.364000000000004,61.0,121.0,133.0,88.65,Moderate Risk
6.2,360,4,52.43,58.51,48.87,48.925,42.024,58.497,60.0,123.0,133.0,90.03,Moderate Risk
6.2,480,1,49.71,58.05,46.69,52.025,49.878,58.038,59.0,121.0,134.0,90.63,Moderate Risk
6.2,480,2,51.9,56.45,51.0,55.07,24.633000000000003,56.457,58.0,124.0,131.0,92.2,Moderate Risk
6.2,480,3,51.65,56.6,45.47,43.355,50.1075,56.61,58.0,123.0,134.0,92.01,Moderate Risk
6.2,480,4,47.49,59.59,46.79,58.36,54.774,59.5935,60.0,120.0,134.0,89.47,Moderate Risk
6.3,0,1,90.97,150.31,130.95,80.215,100.67399999999999,150.297,147.0,104.0,132.0,1.0,Moderate Risk
6.3,0,2,94.63,150.1,128.15,78.13,94.24799999999999,150.093,147.0,104.0,134.0,2.24,Moderate Risk
6.3,0,3,89.25,154.95,131.46,79.275,108.11999999999999,154.9635,150.0,102.0,134.0,3.46,Moderate Risk
6.3,0,4,91.11,150.6,132.89,81.065,100.72500000000001,150.603,147.0,104.0,131.0,1.41,Moderate Risk
6.3,1,1,76.84,122.31,104.85,78.48,94.78349999999999,122.32350000000001,121.0,108.0,133.0,27.31,Moderate Risk
6.3,1,2,80.25,121.56,106.66,79.185,86.649,121.55850000000001,121.0,110.0,132.0,27.66,Moderate Risk
6.3,1,3,72.61,122.94,101.54,77.245,104.39699999999999,122.93549999999999,121.0,106.0,134.0,27.15,Moderate Risk
6.3,1,4,77.23,122.82,104.15,77.715,94.65599999999999,122.80799999999999,121.0,108.0,133.0,27.31,Moderate Risk
6.3,2,1,75.41,111.88,88.28,70.585,83.1045,111.8685,111.0,110.0,137.0,37.82,Moderate Risk
6.3,2,2,70.55,106.71,93.23,78.815,86.4195,106.7175,107.0,112.0,131.0,41.79,Moderate Risk
6.3,2,3,76.29,109.43,92.33,74.515,77.214,109.42049999999999,110.0,112.0,134.0,38.88,Moderate Risk
6.3,2,4,69.24,107.99,92.9,78.32,91.494,107.99249999999999,107.0,111.0,132.0,41.59,Moderate Risk
6.3,5,1,63.94,91.6,80.57,78.035,77.0355,91.596,92.0,115.0,131.0,57.08,Moderate Risk
6.3,5,2,66.37,92.79,80.62,76.18,72.5985,92.7945,94.0,115.0,132.0,55.11,Moderate Risk
6.3,5,3,64.17,93.88,76.9,72.855,80.682,93.8655,94.0,113.0,134.0,54.78,Moderate Risk
6.3,5,4,63.44,91.15,74.12,71.555,77.52,91.1625,92.0,114.0,134.0,56.92,Moderate Risk
6.3,10,1,60.1,81.93,73.01,77.73,67.932,81.9315,83.0,118.0,130.0,66.52,Moderate Risk
6.3,10,2,63.12,81.06,64.31,61.995,56.457,81.06450000000001,83.0,117.0,136.0,66.41,Moderate Risk
6.3,10,3,61.19,80.4,69.44,72.88,60.945,80.40150000000001,82.0,118.0,132.0,67.47,Moderate Risk
6.3,10,4,58.99,84.62,66.34,68.61,77.2395,84.609,85.0,113.0,136.0,63.77,Moderate Risk
6.3,15,1,62.14,76.77,61.05,57.92,52.224000000000004,76.78049999999999,78.0,119.0,135.0,71.65,Moderate Risk
6.3,15,2,58.03,72.07,62.77,70.12,49.674,72.063,74.0,120.0,132.0,75.71,Moderate Risk
6.3,15,3,59.11,79.0,63.94,67.28,64.1835,78.99900000000001,80.0,117.0,134.0,69.26,Moderate Risk
6.3,15,4,61.68,78.16,65.88,67.64,53.754,78.1575,80.0,118.0,133.0,69.43,Moderate Risk
6.3,30,1,58.9,65.38,58.81,59.585,25.602,65.382,68.0,123.0,132.0,82.23,Moderate Risk
6.3,30,2,57.37,71.21,57.4,60.065,49.5465,71.22149999999999,73.0,119.0,135.0,76.54,Moderate Risk
6.3,30,3,56.64,71.0,57.65,62.1,51.5865,70.99199999999999,73.0,119.0,135.0,76.54,Moderate Risk
6.3,30,4,56.76,71.71,57.4,61.27,53.142,71.706,73.0,119.0,135.0,76.54,Moderate Risk
6.3,45,1,54.2,70.66,55.57,62.495,59.415000000000006,70.6605,71.0,118.0,135.0,78.32,Moderate Risk
6.3,45,2,52.95,69.14,56.19,66.015,59.721,69.156,70.0,118.0,134.0,79.27,Moderate Risk
6.3,45,3,54.94,68.62,55.97,62.27,50.847,68.6205,70.0,119.0,134.0,79.45,Moderate Risk
6.3,45,4,52.18,68.65,53.86,63.06,61.1745,68.646,69.0,118.0,135.0,80.29,Moderate Risk
6.3,60,1,53.21,66.09,58.87,73.175,49.725,66.09599999999999,68.0,121.0,131.0,81.79,Moderate Risk
6.3,60,2,55.72,65.92,50.7,50.11,58.8795,65.9175,67.0,120.0,136.0,82.66,Moderate Risk
6.3,60,3,55.62,70.28,50.85,52.64,70.50750000000001,70.278,71.0,117.0,138.0,78.32,Moderate Risk
6.3,60,4,56.75,64.27,52.98,49.975,44.778,64.26,66.0,122.0,134.0,83.98,Moderate Risk
6.3,90,1,48.86,60.95,47.71,57.4,55.386,60.945,61.0,120.0,134.0,88.48,Moderate Risk
6.3,90,2,51.54,65.26,51.38,59.66,54.2385,65.25450000000001,66.0,119.0,135.0,83.41,Moderate Risk
6.3,90,3,54.75,65.03,48.92,49.14,63.189,65.025,67.0,120.0,137.0,82.72,Moderate Risk
6.3,90,4,52.05,67.66,53.15,62.105,58.8285,67.6515,68.0,118.0,134.0,81.24,Moderate Risk
6.3,120,1,54.19,62.08,46.02,44.74,65.96849999999999,62.0925,64.0,121.0,137.0,85.85,Moderate Risk
6.3,120,2,51.33,57.86,47.25,48.475,46.741499999999995,57.8595,59.0,124.0,133.0,91.22,Moderate Risk
6.3,120,3,50.46,62.52,47.38,53.9,61.761,62.526,63.0,120.0,136.0,86.59,Moderate Risk
6.3,120,4,51.55,63.53,49.37,55.375,56.839499999999994,63.5205,64.0,120.0,135.0,85.56,Moderate Risk
6.3,180,1,53.34,61.72,51.13,53.75,43.7325,61.71,63.0,123.0,133.0,87.1,Moderate Risk
6.3,180,2,52.56,61.18,48.04,49.69,54.7485,61.1745,63.0,122.0,135.0,86.94,Moderate Risk
6.3,180,3,52.1,59.66,49.81,53.0,42.1005,59.67,61.0,123.0,133.0,89.06,Moderate Risk
6.3,180,4,47.96,60.06,52.1,70.255,51.357,60.052499999999995,61.0,121.0,131.0,88.65,Moderate Risk
6.3,240,1,53.65,65.44,47.18,49.37,71.1195,65.43299999999999,66.0,119.0,137.0,83.51,Moderate Risk
6.3,240,2,51.21,61.82,48.95,54.73,53.091,61.812,63.0,121.0,135.0,86.74,Moderate Risk
6.3,240,3,49.52,61.06,43.95,50.225,71.4765,61.0725,62.0,119.0,138.0,87.5,Moderate Risk
6.3,240,4,51.58,58.2,48.71,50.94,41.5395,58.190999999999995,60.0,123.0,133.0,90.03,Moderate Risk
6.3,300,1,50.54,59.88,50.15,58.81,41.4375,59.874,61.0,122.0,132.0,88.84,Moderate Risk
6.3,300,2,50.04,63.22,46.1,53.1,69.054,63.2145,64.0,119.0,137.0,85.48,Moderate Risk
6.3,300,3,53.11,62.31,46.89,47.895,63.1125,62.322,64.0,120.0,137.0,85.66,Moderate Risk
6.3,300,4,50.41,62.91,48.13,55.375,59.925,62.908500000000004,63.0,120.0,135.0,86.54,Moderate Risk
6.3,360,1,49.51,57.73,44.54,48.69,58.267500000000005,57.732,58.0,122.0,135.0,91.83,Moderate Risk
6.3,360,2,48.37,60.34,48.05,59.225,51.969,60.333,61.0,120.0,134.0,88.48,Moderate Risk
6.3,360,3,51.06,60.06,49.85,56.44,43.35,60.052499999999995,62.0,122.0,134.0,87.89,Moderate Risk
6.3,360,4,51.67,62.94,46.62,50.725,66.09599999999999,62.934,63.0,120.0,136.0,86.59,Moderate Risk
6.3,480,1,48.13,58.24,42.6,49.4,68.44200000000001,58.242,59.0,120.0,137.0,90.56,Moderate Risk
6.3,480,2,51.19,58.46,44.96,46.165,58.8795,58.4715,60.0,122.0,136.0,89.91,Moderate Risk
6.3,480,3,51.28,58.84,48.22,51.35,46.002,58.8285,60.0,123.0,133.0,90.03,Moderate Risk
6.3,480,4,50.07,57.07,45.88,48.755,50.0055,57.069,58.0,123.0,134.0,92.01,Moderate Risk
6.4,0,1,93.24,151.79,128.13,77.88,98.3535,151.8015,148.0,104.0,134.0,2.0,Moderate Risk
6.4,0,2,91.9,155.68,134.74,80.155,104.4735,155.6775,151.0,102.0,133.0,3.74,Moderate Risk
6.4,0,3,90.21,150.53,136.41,82.975,102.1785,150.5265,148.0,105.0,129.0,3.16,Moderate Risk
6.4,0,4,92.32,147.32,130.71,80.945,95.1915,147.3135,145.0,106.0,131.0,3.74,Moderate Risk
6.4,1,1,75.61,121.07,105.49,79.72,95.7525,121.074,120.0,108.0,132.0,28.28,Moderate Risk
6.4,1,2,78.96,118.25,105.56,80.315,84.73649999999999,118.2435,119.0,111.0,131.0,29.85,Moderate Risk
6.4,1,3,82.64,123.21,101.73,74.115,83.946,123.21600000000001,123.0,108.0,136.0,25.63,Moderate Risk
6.4,1,4,80.01,120.56,104.49,78.115,85.782,120.564,120.0,110.0,132.0,28.64,Moderate Risk
6.4,2,1,69.68,108.25,91.08,76.64,90.8565,108.2475,108.0,110.0,133.0,40.46,Moderate Risk
6.4,2,2,69.84,108.93,93.0,77.775,91.5195,108.936,108.0,110.0,133.0,40.46,Moderate Risk
6.4,2,3,73.98,109.61,91.92,75.105,82.9005,109.599,109.0,111.0,134.0,39.67,Moderate Risk
6.4,2,4,72.57,110.92,92.38,75.5,88.179,110.925,110.0,110.0,134.0,38.52,Moderate Risk
6.4,5,1,65.71,94.48,77.37,72.155,77.6475,94.47749999999999,95.0,113.0,134.0,53.8,Moderate Risk
6.4,5,2,64.69,92.55,79.33,75.765,76.78049999999999,92.565,93.0,114.0,132.0,55.9,Moderate Risk
6.4,5,3,66.63,92.82,78.12,73.165,71.961,92.82,94.0,115.0,133.0,55.12,Moderate Risk
6.4,5,4,64.28,95.02,77.1,72.51,82.518,95.01299999999999,96.0,112.0,135.0,52.7,Moderate Risk
6.4,10,1,65.03,82.73,69.27,67.195,54.57,82.72200000000001,85.0,118.0,134.0,64.57,Moderate Risk
6.4,10,2,60.98,82.75,69.01,71.065,67.065,82.7475,83.0,117.0,133.0,66.29,Moderate Risk
6.4,10,3,57.53,81.75,69.05,74.27,75.5565,81.753,82.0,115.0,132.0,66.91,Moderate Risk
6.4,10,4,58.03,83.06,64.48,67.74,76.857,83.0535,84.0,114.0,136.0,64.9,Moderate Risk
6.4,15,1,56.05,75.96,64.81,73.195,66.86099999999999,75.9645,77.0,118.0,132.0,72.37,Moderate Risk
6.4,15,2,57.68,76.53,59.95,63.615,62.8065,76.5255,77.0,117.0,136.0,72.29,Moderate Risk
6.4,15,3,56.02,76.41,60.5,66.59,68.0595,76.398,77.0,117.0,135.0,72.24,Moderate Risk
6.4,15,4,59.68,77.7,64.61,68.215,59.160000000000004,77.69850000000001,79.0,118.0,133.0,70.41,Moderate Risk
6.4,30,1,56.33,68.61,58.82,66.075,45.6195,68.6205,70.0,121.0,133.0,79.84,Moderate Risk
6.4,30,2,54.94,68.88,55.13,60.39,51.5865,68.8755,70.0,119.0,134.0,79.45,Moderate Risk
6.4,30,3,52.69,69.01,56.34,66.7,60.3075,69.003,70.0,118.0,134.0,79.27,Moderate Risk
6.4,30,4,55.22,71.93,53.91,57.815,63.903,71.9355,72.0,117.0,137.0,77.27,Moderate Risk
6.4,45,1,52.42,69.16,54.48,63.68,61.71,69.156,70.0,118.0,135.0,79.3,Moderate Risk
6.4,45,2,54.04,70.29,56.99,65.445,58.9305,70.278,71.0,118.0,134.0,78.29,Moderate Risk
6.4,45,3,50.98,65.73,50.97,59.985,57.2475,65.73899999999999,66.0,118.0,135.0,83.24,Moderate Risk
6.4,45,4,53.55,68.37,54.31,61.545,55.284,68.3655,69.0,119.0,134.0,80.44,Moderate Risk
6.4,60,1,55.86,67.26,54.0,55.8,50.2605,67.26899999999999,69.0,120.0,134.0,80.63,Moderate Risk
6.4,60,2,53.07,65.66,53.17,60.25,48.883500000000005,65.66250000000001,67.0,120.0,134.0,82.59,Moderate Risk
6.4,60,3,53.87,62.35,51.78,54.05,43.222500000000004,62.3475,64.0,121.0,134.0,85.73,Moderate Risk
6.4,60,4,55.54,65.75,52.22,52.65,52.479,65.73899999999999,67.0,121.0,135.0,82.82,Moderate Risk
6.4,90,1,56.08,63.55,49.57,46.035,56.0745,63.546,65.0,122.0,136.0,85.02,Moderate Risk
6.4,90,2,50.43,63.65,51.65,62.77,52.963499999999996,63.647999999999996,64.0,120.0,133.0,85.52,Moderate Risk
6.4,90,3,53.37,66.28,51.49,56.19,56.890499999999996,66.2745,68.0,119.0,135.0,81.45,Moderate Risk
6.4,90,4,54.26,64.57,51.31,53.325,52.3515,64.56599999999999,66.0,121.0,135.0,83.8,Moderate Risk
6.4,120,1,50.12,65.22,51.24,62.24,59.032500000000006,65.20349999999999,66.0,119.0,135.0,83.41,Moderate Risk
6.4,120,2,51.55,65.82,50.74,58.39,58.446,65.8155,66.0,119.0,135.0,83.41,Moderate Risk
6.4,120,3,55.38,62.23,45.68,42.405,67.8045,62.22,64.0,121.0,138.0,85.91,Moderate Risk
6.4,120,4,49.58,64.91,51.81,64.355,60.2055,64.89750000000001,65.0,119.0,134.0,84.37,Moderate Risk
6.4,180,1,49.18,59.03,47.76,56.225,48.6795,59.032500000000006,60.0,121.0,134.0,89.65,Moderate Risk
6.4,180,2,50.57,61.11,49.21,56.575,49.623,61.098,62.0,121.0,134.0,87.69,Moderate Risk
6.4,180,3,50.33,60.96,50.94,61.725,44.472,60.9705,61.0,122.0,133.0,88.85,Moderate Risk
6.4,180,4,47.54,63.9,45.25,56.315,74.4345,63.903,63.0,117.0,137.0,86.13,Moderate Risk
6.4,240,1,52.56,62.06,47.21,49.18,61.0215,62.067,63.0,120.0,136.0,86.59,Moderate Risk
6.4,240,2,50.42,59.08,51.11,62.405,37.383,59.0835,61.0,123.0,132.0,89.05,Moderate Risk
6.4,240,3,49.56,59.2,50.26,62.16,41.5395,59.211,61.0,121.0,132.0,88.65,Moderate Risk
6.4,240,4,52.34,60.14,45.52,45.995,62.016,60.1545,62.0,121.0,136.0,87.76,Moderate Risk
6.4,300,1,49.18,63.43,45.73,54.16,71.1705,63.443999999999996,64.0,118.0,137.0,85.31,Moderate Risk
6.4,300,2,50.69,60.06,48.25,53.81,50.133,60.052499999999995,61.0,121.0,134.0,88.67,Moderate Risk
6.4,300,3,51.56,53.76,50.83,52.55,13.897499999999999,53.754,56.0,126.0,130.0,94.62,Moderate Risk
6.4,300,4,48.96,60.52,49.07,60.285,48.705,60.511500000000005,61.0,121.0,133.0,88.65,Moderate Risk
6.4,360,1,50.99,58.44,47.14,49.78,49.2915,58.446,60.0,122.0,134.0,89.84,Moderate Risk
6.4,360,2,52.02,58.54,45.92,45.495,54.978,58.548,60.0,123.0,135.0,90.08,Moderate Risk
6.4,360,3,49.69,58.23,48.67,56.8,41.871,58.242,59.0,122.0,133.0,90.81,Moderate Risk
6.4,360,4,46.98,61.36,47.9,61.92,59.772,61.353,61.0,119.0,135.0,88.33,Moderate Risk
6.4,480,1,47.23,57.07,46.33,57.485,47.991,57.069,58.0,121.0,133.0,91.6,Moderate Risk
6.4,480,2,53.36,57.46,44.56,39.53,57.221999999999994,57.4515,59.0,124.0,136.0,91.31,Moderate Risk
6.4,480,3,50.19,58.18,46.79,51.035,49.929,58.1655,59.0,122.0,134.0,90.82,Moderate Risk
6.4,480,4,50.06,56.07,44.24,45.25,53.8305,56.0745,58.0,123.0,135.0,92.03,Moderate Risk
6.5,0,1,95.03,151.63,133.17,80.22,95.1915,151.623,149.0,105.0,132.0,1.41,Moderate Risk
6.5,0,2,95.03,149.1,129.58,79.165,92.463,149.0985,147.0,106.0,133.0,2.45,Moderate Risk
6.5,0,3,93.07,148.42,133.24,81.775,95.0895,148.41,146.0,106.0,130.0,3.46,Moderate Risk
6.5,0,4,88.55,149.41,130.64,80.745,103.86149999999999,149.40449999999998,146.0,103.0,132.0,2.24,Moderate Risk
6.5,1,1,80.93,125.7,102.23,74.275,90.80550000000001,125.6895,124.0,107.0,136.0,24.52,Moderate Risk
6.5,1,2,77.08,119.89,104.32,79.09,91.06049999999999,119.901,119.0,110.0,132.0,29.61,Moderate Risk
6.5,1,3,79.48,120.16,102.62,77.065,86.343,120.156,120.0,110.0,133.0,28.65,Moderate Risk
6.5,1,4,79.31,121.32,104.4,77.915,88.3065,121.329,121.0,110.0,133.0,27.68,Moderate Risk
6.5,2,1,72.15,110.9,94.43,77.25,89.097,110.8995,110.0,111.0,133.0,38.65,Moderate Risk
6.5,2,2,72.31,106.3,92.48,77.8,81.5235,106.3095,107.0,112.0,132.0,41.77,Moderate Risk
6.5,2,3,71.61,109.19,93.18,77.215,87.771,109.191,109.0,111.0,133.0,39.64,Moderate Risk
6.5,2,4,68.95,109.11,92.79,77.81,93.84,109.1145,109.0,109.0,133.0,39.33,Moderate Risk
6.5,5,1,68.03,89.93,75.76,70.595,62.0925,89.9385,91.0,117.0,133.0,58.47,Moderate Risk
6.5,5,2,64.09,89.88,75.68,73.48,73.1595,89.88749999999999,91.0,115.0,133.0,58.06,Moderate Risk
6.5,5,3,62.68,89.34,75.35,74.26,76.11749999999999,89.352,90.0,115.0,133.0,59.04,Moderate Risk
6.5,5,4,63.85,88.44,72.68,70.77,70.89,88.434,89.0,115.0,134.0,60.05,Moderate Risk
6.5,10,1,56.63,82.48,67.26,72.33,79.917,82.4925,83.0,115.0,134.0,65.95,Moderate Risk
6.5,10,2,59.92,82.55,64.83,66.51,69.921,82.5435,83.0,115.0,136.0,66.05,Moderate Risk
6.5,10,3,57.8,81.2,73.27,79.83,73.491,81.19200000000001,83.0,117.0,130.0,66.32,Moderate Risk
6.5,10,4,61.83,77.23,66.09,68.305,50.847,77.2395,79.0,119.0,132.0,70.61,Moderate Risk
6.5,15,1,61.83,75.99,66.44,69.76,47.506499999999996,75.99,78.0,120.0,132.0,71.81,Moderate Risk
6.5,15,2,55.14,76.91,62.51,70.16,72.1905,76.908,77.0,117.0,134.0,72.21,Moderate Risk
6.5,15,3,57.89,74.97,59.65,63.09,58.089,74.97,76.0,118.0,135.0,73.41,Moderate Risk
6.5,15,4,57.24,75.07,60.96,66.25,60.537,75.072,77.0,118.0,135.0,72.43,Moderate Risk
6.5,30,1,55.96,69.1,54.45,56.915,54.0855,69.105,71.0,119.0,135.0,78.5,Moderate Risk
6.5,30,2,56.2,71.55,58.15,63.805,54.6975,71.553,73.0,119.0,134.0,76.51,Moderate Risk
6.5,30,3,52.77,71.27,57.14,67.085,66.198,71.27250000000001,72.0,117.0,134.0,77.13,Moderate Risk
6.5,30,4,55.9,69.14,59.94,69.145,48.8325,69.1305,71.0,120.0,132.0,78.64,Moderate Risk
6.5,45,1,50.53,65.99,54.84,68.36,59.746500000000005,65.994,66.0,119.0,133.0,83.37,Moderate Risk
6.5,45,2,53.72,65.79,54.34,61.56,46.7925,65.79,67.0,121.0,133.0,82.77,Moderate Risk
6.5,45,3,55.44,63.22,52.32,51.405,43.961999999999996,63.2145,65.0,122.0,133.0,84.94,Moderate Risk
6.5,45,4,55.54,66.51,53.22,54.76,50.9745,66.50399999999999,68.0,120.0,134.0,81.61,Moderate Risk
6.5,60,1,51.89,68.73,54.0,63.755,62.4495,68.72250000000001,69.0,118.0,134.0,80.26,Moderate Risk
6.5,60,2,50.23,66.23,55.95,70.72,61.608000000000004,66.2235,67.0,119.0,133.0,82.38,Moderate Risk
6.5,60,3,51.62,70.26,50.09,57.72,73.21050000000001,70.25250000000001,71.0,116.0,138.0,78.16,Moderate Risk
6.5,60,4,47.24,66.15,54.56,71.6,72.879,66.147,66.0,117.0,133.0,83.03,Moderate Risk
6.5,90,1,49.19,62.66,54.38,71.575,54.824999999999996,62.6535,63.0,120.0,131.0,86.5,Moderate Risk
6.5,90,2,51.39,63.98,50.26,57.53,54.6975,63.9795,64.0,121.0,134.0,85.73,Moderate Risk
6.5,90,3,56.92,62.46,50.43,43.815,49.113,62.4495,65.0,123.0,135.0,85.2,Moderate Risk
6.5,90,4,48.57,61.69,51.11,65.81,54.213,61.6845,62.0,120.0,132.0,87.48,Moderate Risk
6.5,120,1,48.36,61.61,48.28,59.815,55.182,61.608000000000004,62.0,119.0,134.0,87.32,Moderate Risk
6.5,120,2,52.74,60.66,51.59,56.205,38.122499999999995,60.6645,62.0,122.0,132.0,87.86,Moderate Risk
6.5,120,3,50.66,65.0,49.89,58.485,59.2875,64.9995,66.0,118.0,136.0,83.28,Moderate Risk
6.5,120,4,53.54,58.78,51.14,50.585,33.15,58.7775,61.0,124.0,132.0,89.27,Moderate Risk
6.5,180,1,55.03,60.96,48.29,44.035,53.0145,60.9705,63.0,123.0,135.0,87.15,Moderate Risk
6.5,180,2,48.28,60.94,49.64,63.215,52.963499999999996,60.945,61.0,121.0,133.0,88.65,Moderate Risk
6.5,180,3,49.98,63.25,45.98,53.05,69.6405,63.265499999999996,64.0,118.0,137.0,85.31,Moderate Risk
6.5,180,4,50.05,59.42,47.33,53.26,51.867,59.415000000000006,61.0,121.0,134.0,88.67,Moderate Risk
6.5,240,1,48.42,59.95,49.32,62.325,49.011,59.9505,60.0,121.0,133.0,89.63,Moderate Risk
6.5,240,2,50.62,59.99,49.47,56.725,44.727,60.0015,61.0,122.0,133.0,88.85,Moderate Risk
6.5,240,3,52.73,57.89,46.01,43.02,52.3515,57.885000000000005,59.0,124.0,134.0,91.24,Moderate Risk
6.5,240,4,54.04,57.79,45.77,39.355,53.0655,57.783,59.0,124.0,135.0,91.27,Moderate Risk
6.5,300,1,48.79,57.69,49.04,60.855,39.3465,57.681000000000004,58.0,122.0,132.0,91.78,Moderate Risk
6.5,300,2,49.02,61.66,44.84,52.535,69.564,61.659,62.0,119.0,137.0,87.44,Moderate Risk
6.5,300,3,52.88,54.9,47.31,38.005,35.2665,54.9015,57.0,126.0,132.0,93.62,Moderate Risk
6.5,300,4,47.67,51.37,48.97,70.56,18.334500000000002,51.357,53.0,126.0,129.0,97.56,Moderate Risk
6.5,360,1,51.32,55.72,44.86,42.15,49.674,55.7175,57.0,124.0,135.0,93.22,Moderate Risk
6.5,360,2,51.98,60.19,47.1,48.82,55.4625,60.2055,61.0,122.0,135.0,88.89,Moderate Risk
6.5,360,3,48.64,61.01,48.24,59.045,53.397,61.0215,62.0,119.0,134.0,87.32,Moderate Risk
6.5,360,4,50.23,64.33,46.18,53.305,71.9355,64.3365,65.0,118.0,137.0,84.32,Moderate Risk
6.5,480,1,50.32,58.46,50.76,61.635,35.5215,58.4715,60.0,123.0,132.0,90.03,Moderate Risk
6.5,480,2,48.49,58.89,43.24,49.925,67.8045,58.905,59.0,120.0,136.0,90.52,Moderate Risk
6.5,480,3,48.47,58.03,47.37,56.895,46.8435,58.038,59.0,121.0,133.0,90.61,Moderate Risk
6.5,480,4,54.22,60.49,46.13,43.1,60.537,60.486,62.0,122.0,136.0,87.95,Moderate Risk
6.6,0,1,90.83,152.21,129.5,78.9,102.8415,152.2095,149.0,103.0,134.0,2.45,Moderate Risk
6.6,0,2,92.15,153.56,131.46,79.2,101.97449999999999,153.56099999999998,150.0,103.0,133.0,2.45,Moderate Risk
6.6,0,3,90.42,153.73,134.67,80.97,105.009,153.7395,150.0,103.0,132.0,2.24,Moderate Risk
6.6,0,4,92.49,147.54,132.73,81.93,95.1405,147.543,145.0,106.0,130.0,4.12,Moderate Risk
6.6,1,1,77.19,119.73,106.77,80.865,90.6015,119.7225,119.0,110.0,131.0,29.63,Moderate Risk
6.6,1,2,79.82,119.17,102.79,77.51,84.201,119.1615,119.0,110.0,133.0,29.63,Moderate Risk
6.6,1,3,76.98,122.53,104.48,78.115,94.80900000000001,122.52749999999999,121.0,108.0,133.0,27.31,Moderate Risk
6.6,1,4,77.22,121.77,102.31,76.895,93.27900000000001,121.76249999999999,121.0,108.0,134.0,27.37,Moderate Risk
6.6,2,1,71.05,106.48,89.22,75.385,84.8385,106.48800000000001,107.0,111.0,133.0,41.61,Moderate Risk
6.6,2,2,71.64,105.59,90.55,76.71,81.9825,105.5955,106.0,112.0,132.0,42.76,Moderate Risk
6.6,2,3,71.73,107.47,93.61,78.365,84.813,107.4825,108.0,112.0,132.0,40.79,Moderate Risk
6.6,2,4,72.27,105.03,91.45,77.57,79.53450000000001,105.0345,106.0,113.0,132.0,42.95,Moderate Risk
6.6,5,1,63.12,93.56,75.52,72.225,82.977,93.5595,94.0,113.0,135.0,54.83,Moderate Risk
6.6,5,2,64.45,88.65,78.27,77.135,69.61500000000001,88.638,90.0,117.0,131.0,59.45,Moderate Risk
6.6,5,3,67.0,91.01,75.93,71.16,67.26899999999999,91.0095,92.0,115.0,134.0,57.11,Moderate Risk
6.6,5,4,64.03,94.54,78.01,73.75,82.2885,94.5285,95.0,113.0,134.0,53.8,Moderate Risk
6.6,10,1,58.13,79.48,67.53,73.215,68.493,79.48349999999999,81.0,117.0,133.0,68.26,Moderate Risk
6.6,10,2,57.59,79.24,63.6,68.325,69.666,79.254,80.0,115.0,135.0,68.95,Moderate Risk
6.6,10,3,58.46,81.67,69.56,74.345,72.471,81.67649999999999,82.0,116.0,132.0,67.08,Moderate Risk
6.6,10,4,57.42,77.02,66.46,73.845,64.89750000000001,77.00999999999999,79.0,117.0,132.0,70.21,Moderate Risk
6.6,15,1,56.2,77.05,58.79,63.73,68.9775,77.0355,78.0,116.0,137.0,71.2,Moderate Risk
6.6,15,2,55.11,74.14,64.85,75.35,65.43299999999999,74.1285,76.0,118.0,132.0,73.35,Moderate Risk
6.6,15,3,60.8,73.16,62.06,63.04,43.044000000000004,73.1595,76.0,120.0,133.0,73.76,Moderate Risk
6.6,15,4,54.96,77.63,61.72,68.95,74.46,77.622,78.0,115.0,135.0,70.92,Moderate Risk
6.6,30,1,55.21,69.62,55.86,61.355,52.785,69.61500000000001,71.0,119.0,135.0,78.5,Moderate Risk
6.6,30,2,53.82,66.48,58.26,70.52,48.55200000000001,66.4785,68.0,121.0,131.0,81.79,Moderate Risk
6.6,30,3,54.64,66.29,56.0,63.5,44.829,66.3,68.0,120.0,133.0,81.59,Moderate Risk
6.6,30,4,56.93,73.66,59.36,64.365,57.936,73.6695,75.0,118.0,134.0,74.36,Moderate Risk
6.6,45,1,53.6,67.08,55.45,64.125,51.255,67.0905,69.0,120.0,133.0,80.61,Moderate Risk
6.6,45,2,50.14,68.4,53.27,65.14,68.08500000000001,68.391,69.0,117.0,135.0,80.12,Moderate Risk
6.6,45,3,52.9,66.68,51.97,58.095,56.2275,66.6825,67.0,119.0,135.0,82.43,Moderate Risk
6.6,45,4,55.09,68.18,56.21,62.58,48.96,68.18700000000001,70.0,120.0,134.0,79.65,Moderate Risk
6.6,60,1,48.28,63.62,53.25,69.72,61.4805,63.6225,64.0,120.0,132.0,85.51,Moderate Risk
6.6,60,2,52.28,69.61,52.59,60.535,63.495,69.61500000000001,70.0,117.0,136.0,79.18,Moderate Risk
6.6,60,3,53.41,66.49,52.37,57.8,54.162,66.50399999999999,68.0,120.0,135.0,81.64,Moderate Risk
6.6,60,4,56.4,65.27,50.44,47.925,57.9615,65.28,67.0,121.0,136.0,82.86,Moderate Risk
6.6,90,1,50.23,61.42,50.71,61.285,46.461,61.4295,62.0,121.0,133.0,87.67,Moderate Risk
6.6,90,2,49.01,63.84,49.4,60.785,59.2365,63.852000000000004,64.0,119.0,135.0,85.38,Moderate Risk
6.6,90,3,50.77,63.99,51.4,61.425,52.683,63.9795,64.0,120.0,133.0,85.52,Moderate Risk
6.6,90,4,52.55,59.55,49.79,51.52,41.82,59.542500000000004,61.0,123.0,133.0,89.06,Moderate Risk
6.6,120,1,52.64,61.35,48.9,50.985,51.765,61.353,63.0,122.0,135.0,86.94,Moderate Risk
6.6,120,2,54.51,63.8,49.64,49.68,56.61,63.800999999999995,65.0,121.0,135.0,84.78,Moderate Risk
6.6,120,3,50.7,59.85,51.49,62.575,38.964,59.8485,61.0,123.0,132.0,89.05,Moderate Risk
6.6,120,4,52.67,62.53,50.32,54.22,49.8015,62.526,64.0,121.0,134.0,85.73,Moderate Risk
6.6,180,1,51.11,56.4,51.49,62.11,23.893500000000003,56.406,58.0,125.0,130.0,92.44,Moderate Risk
6.6,180,2,53.26,62.71,49.06,50.785,55.488,62.7045,64.0,122.0,135.0,85.96,Moderate Risk
6.6,180,3,45.1,58.21,45.53,60.985,57.426,58.2165,58.0,120.0,134.0,91.43,Moderate Risk
6.6,180,4,50.84,59.72,48.95,54.735,46.002,59.721,61.0,121.0,134.0,88.67,Moderate Risk
6.6,240,1,50.96,60.17,46.91,50.855,56.202000000000005,60.18,61.0,120.0,135.0,88.51,Moderate Risk
6.6,240,2,51.11,58.5,49.76,55.38,38.097,58.497,60.0,123.0,133.0,90.03,Moderate Risk
6.6,240,3,51.86,58.18,44.09,43.45,61.7355,58.190999999999995,60.0,122.0,136.0,89.91,Moderate Risk
6.6,240,4,53.51,55.26,46.77,36.185,39.168,55.2585,58.0,126.0,133.0,92.66,Moderate Risk
6.6,300,1,50.45,62.18,44.72,50.145,71.604,62.169,63.0,119.0,138.0,86.52,Moderate Risk
6.6,300,2,50.22,60.34,45.07,49.875,64.5405,60.333,61.0,120.0,136.0,88.55,Moderate Risk
6.6,300,3,46.69,59.55,51.17,70.445,55.08,59.542500000000004,60.0,121.0,131.0,89.63,Moderate Risk
6.6,300,4,49.39,58.06,48.4,56.93,42.431999999999995,58.063500000000005,59.0,122.0,133.0,90.81,Moderate Risk
6.6,360,1,54.31,61.92,47.36,45.68,59.9505,61.913999999999994,63.0,122.0,136.0,86.98,Moderate Risk
6.6,360,2,49.44,55.67,46.07,49.47,43.9365,55.6665,57.0,123.0,133.0,92.97,Moderate Risk
6.6,360,3,46.5,61.21,44.32,56.135,70.38000000000001,61.199999999999996,61.0,118.0,137.0,88.26,Moderate Risk
6.6,360,4,52.24,59.08,46.98,46.955,52.224000000000004,59.0835,61.0,122.0,135.0,88.89,Moderate Risk
6.6,480,1,51.26,57.27,44.06,43.65,58.7775,57.272999999999996,58.0,123.0,135.0,92.03,Moderate Risk
6.6,480,2,49.09,63.12,44.49,52.595,75.27600000000001,63.1125,63.0,118.0,138.0,86.35,Moderate Risk
6.6,480,3,51.38,61.87,46.31,50.23,64.13250000000001,61.863,62.0,121.0,136.0,87.76,Moderate Risk
6.6,480,4,46.68,56.92,45.92,57.925,49.317,56.916000000000004,57.0,121.0,134.0,92.6,Moderate Risk
6.7,0,1,87.23,154.52,130.51,79.295,111.0525,154.53,150.0,101.0,134.0,4.12,Moderate Risk
6.7,0,2,95.09,146.3,134.51,83.09,89.27550000000001,146.2935,145.0,108.0,129.0,5.83,Moderate Risk
6.7,0,3,90.46,146.56,133.31,82.915,97.61399999999999,146.5485,144.0,106.0,129.0,5.39,Moderate Risk
6.7,0,4,93.52,151.11,130.26,79.135,97.1805,151.113,148.0,104.0,133.0,1.0,Moderate Risk
6.7,1,1,76.76,122.39,106.3,79.425,95.06400000000001,122.3745,121.0,108.0,132.0,27.29,Moderate Risk
6.7,1,2,77.0,121.69,105.35,79.03,93.6615,121.686,121.0,109.0,132.0,27.46,Moderate Risk
6.7,1,3,78.38,119.07,103.34,78.4,87.1335,119.08500000000001,119.0,110.0,132.0,29.61,Moderate Risk
6.7,1,4,81.8,119.74,105.75,78.935,80.784,119.748,120.0,111.0,131.0,28.88,Moderate Risk
6.7,2,1,72.38,110.03,89.14,73.36,87.261,110.0325,110.0,110.0,135.0,38.59,Moderate Risk
6.7,2,2,68.81,112.14,91.59,75.77,98.53200000000001,112.149,111.0,108.0,135.0,37.34,Moderate Risk
6.7,2,3,71.74,104.91,89.58,76.135,80.60549999999999,104.907,105.0,113.0,133.0,43.94,Moderate Risk
6.7,2,4,71.82,106.24,94.43,79.705,82.62,106.233,107.0,113.0,131.0,41.99,Moderate Risk
6.7,5,1,65.27,88.85,76.44,74.205,67.677,88.842,90.0,117.0,132.0,59.44,Moderate Risk
6.7,5,2,62.5,90.12,77.28,76.055,78.1575,90.117,91.0,114.0,132.0,57.87,Moderate Risk
6.7,5,3,68.19,90.3,75.67,70.15,62.4495,90.2955,92.0,116.0,134.0,57.31,Moderate Risk
6.7,5,4,64.99,90.22,76.16,73.28,71.298,90.219,91.0,115.0,133.0,58.06,Moderate Risk
6.7,10,1,62.34,82.57,65.85,65.21,62.475,82.56899999999999,84.0,116.0,135.0,65.18,Moderate Risk
6.7,10,2,61.66,80.05,65.92,66.95,58.599000000000004,80.0445,82.0,117.0,134.0,67.3,Moderate Risk
6.7,10,3,63.03,80.13,65.1,63.64,54.417,80.121,82.0,118.0,135.0,67.54,Moderate Risk
6.7,10,4,61.57,83.31,64.01,63.375,66.555,83.3085,84.0,115.0,136.0,65.06,Moderate Risk
6.7,15,1,57.79,74.74,66.06,74.64,57.834,74.74050000000001,76.0,119.0,131.0,73.55,Moderate Risk
6.7,15,2,56.27,75.31,62.43,69.71,64.46400000000001,75.3015,77.0,118.0,133.0,72.37,Moderate Risk
6.7,15,3,54.89,74.76,60.65,68.695,67.779,74.766,75.0,117.0,134.0,74.18,Moderate Risk
6.7,15,4,55.25,73.12,63.47,73.8,62.322,73.134,75.0,118.0,132.0,74.33,Moderate Risk
6.7,30,1,54.04,70.65,56.81,65.005,59.925,70.6605,71.0,118.0,134.0,78.29,Moderate Risk
6.7,30,2,56.05,66.0,56.34,60.875,38.454,65.994,68.0,122.0,133.0,82.01,Moderate Risk
6.7,30,3,56.81,66.42,55.32,55.99,42.585,66.42750000000001,68.0,122.0,133.0,82.01,Moderate Risk
6.7,30,4,52.16,69.97,55.56,65.735,64.923,69.972,70.0,118.0,134.0,79.27,Moderate Risk
6.7,45,1,55.07,65.64,55.59,61.495,41.0805,65.637,67.0,122.0,133.0,82.98,Moderate Risk
6.7,45,2,52.48,64.71,51.86,58.56,50.6175,64.71900000000001,66.0,120.0,134.0,83.57,Moderate Risk
6.7,45,3,53.55,64.96,51.48,55.405,52.912499999999994,64.9485,66.0,120.0,135.0,83.6,Moderate Risk
6.7,45,4,53.89,68.88,54.42,61.06,55.5135,68.8755,69.0,119.0,134.0,80.44,Moderate Risk
6.7,60,1,50.61,67.0,51.71,62.01,62.3985,67.014,68.0,117.0,136.0,81.15,Moderate Risk
6.7,60,2,49.2,62.59,50.7,63.355,54.5445,62.577000000000005,63.0,120.0,133.0,86.5,Moderate Risk
6.7,60,3,50.36,65.09,49.66,58.64,60.434999999999995,65.076,66.0,118.0,136.0,83.28,Moderate Risk
6.7,60,4,49.22,68.08,54.46,68.335,70.6605,68.08500000000001,69.0,117.0,134.0,80.09,Moderate Risk
6.7,90,1,51.56,61.9,48.28,52.77,56.1,61.8885,63.0,121.0,135.0,86.74,Moderate Risk
6.7,90,2,51.14,61.5,51.1,59.88,43.1205,61.506,63.0,122.0,133.0,86.89,Moderate Risk
6.7,90,3,51.23,63.77,49.98,57.29,55.1565,63.775499999999994,64.0,120.0,135.0,85.56,Moderate Risk
6.7,90,4,49.31,59.8,52.2,68.26,44.727,59.7975,61.0,122.0,131.0,88.85,Moderate Risk
6.7,120,1,53.7,62.88,50.69,52.595,49.4445,62.883,64.0,122.0,134.0,85.93,Moderate Risk
6.7,120,2,51.84,61.84,50.12,55.585,48.3225,61.8375,63.0,122.0,134.0,86.91,Moderate Risk
6.7,120,3,50.58,57.79,52.59,68.36,31.823999999999998,57.783,59.0,124.0,130.0,91.24,Moderate Risk
6.7,120,4,54.37,64.81,50.62,52.08,55.845,64.821,66.0,120.0,135.0,83.6,Moderate Risk
6.7,180,1,52.47,57.98,48.87,48.15,40.0605,57.986999999999995,59.0,124.0,133.0,91.22,Moderate Risk
6.7,180,2,50.87,64.73,50.46,59.135,56.202000000000005,64.71900000000001,65.0,119.0,135.0,84.4,Moderate Risk
6.7,180,3,53.03,58.74,50.14,49.91,37.332,58.7265,61.0,124.0,132.0,89.27,Moderate Risk
6.7,180,4,53.21,59.28,48.44,46.795,46.639500000000005,59.2875,61.0,123.0,134.0,89.07,Moderate Risk
6.7,240,1,47.61,62.95,45.59,56.52,70.3035,62.959500000000006,62.0,118.0,136.0,87.22,Moderate Risk
6.7,240,2,52.55,57.79,51.3,54.22,28.610999999999997,57.783,59.0,125.0,131.0,91.45,Moderate Risk
6.7,240,3,47.8,58.5,45.28,54.28,57.604499999999994,58.497,59.0,120.0,134.0,90.45,Moderate Risk
6.7,240,4,48.64,59.25,49.39,62.12,45.670500000000004,59.262,60.0,121.0,133.0,89.63,Moderate Risk
6.7,300,1,52.69,58.79,47.51,46.24,48.9345,58.803,60.0,123.0,134.0,90.05,Moderate Risk
6.7,300,2,50.05,56.24,48.88,55.23,33.354,56.2275,58.0,123.0,132.0,91.98,Moderate Risk
6.7,300,3,52.18,55.09,47.82,42.025,33.660000000000004,55.08,58.0,125.0,133.0,92.42,Moderate Risk
6.7,300,4,55.07,60.14,45.98,40.74,60.052499999999995,60.129000000000005,62.0,123.0,136.0,88.16,Moderate Risk
6.7,360,1,53.62,61.88,51.29,53.38,43.6305,61.863,63.0,123.0,133.0,87.1,Moderate Risk
6.7,360,2,51.99,57.91,43.88,42.645,61.7865,57.9105,58.0,123.0,136.0,92.07,Moderate Risk
6.7,360,3,49.45,60.45,45.32,51.82,63.8265,60.4605,61.0,120.0,136.0,88.55,Moderate Risk
6.7,360,4,48.15,57.26,44.82,51.955,55.4115,57.2475,58.0,121.0,135.0,91.64,Moderate Risk
6.7,480,1,47.6,59.56,49.95,65.895,51.204,59.568,60.0,121.0,133.0,89.63,Moderate Risk
6.7,480,2,47.18,55.66,44.37,52.525,51.714,55.6665,56.0,122.0,134.0,93.77,Moderate Risk
6.7,480,3,53.31,59.78,43.5,41.915,69.4365,59.772,61.0,122.0,137.0,88.98,Moderate Risk
6.7,480,4,52.23,59.95,43.39,43.99,70.45649999999999,59.9505,61.0,121.0,137.0,88.79,Moderate Risk
6.8,0,1,92.28,151.9,131.13,79.55,100.0875,151.9035,148.0,104.0,132.0,0.0,Moderate Risk
6.8,0,2,93.99,150.04,130.88,79.745,95.268,150.042,147.0,105.0,133.0,1.73,Moderate Risk
6.8,0,3,92.22,152.11,129.19,78.52,100.3935,152.10750000000002,149.0,103.0,134.0,2.45,Moderate Risk
6.8,0,4,94.61,151.88,130.79,78.95,96.135,151.87800000000001,148.0,104.0,133.0,1.0,Moderate Risk
6.8,1,1,77.97,124.14,101.97,75.595,94.86,124.134,123.0,106.0,136.0,25.4,Moderate Risk
6.8,1,2,77.45,120.54,104.12,78.57,91.137,120.5385,120.0,109.0,132.0,28.44,Moderate Risk
6.8,1,3,78.38,118.34,101.37,77.255,86.1135,118.3455,118.0,110.0,133.0,30.61,Moderate Risk
6.8,1,4,74.47,119.77,101.86,78.14,96.44099999999999,119.7735,119.0,108.0,133.0,29.29,Moderate Risk
6.8,2,1,71.46,104.96,91.67,78.1,81.396,104.958,105.0,113.0,131.0,43.94,Moderate Risk
6.8,2,2,74.65,104.14,91.37,77.01,72.21600000000001,104.142,106.0,114.0,132.0,43.17,Moderate Risk
6.8,2,3,72.09,108.87,93.81,77.715,86.139,108.8595,109.0,112.0,132.0,39.81,Moderate Risk
6.8,2,4,73.57,109.24,88.24,72.34,83.283,109.242,109.0,110.0,136.0,39.66,Moderate Risk
6.8,5,1,62.61,87.4,77.4,77.895,72.3435,87.414,88.0,116.0,131.0,61.2,Moderate Risk
6.8,5,2,64.93,87.69,80.57,80.61,66.198,87.69449999999999,89.0,118.0,129.0,60.71,Moderate Risk
6.8,5,3,67.0,91.61,74.35,68.96,68.493,91.6215,93.0,115.0,135.0,56.17,Moderate Risk
6.8,5,4,65.9,89.21,77.4,74.805,66.606,89.199,91.0,116.0,132.0,58.25,Moderate Risk
6.8,10,1,60.97,80.99,66.98,69.005,63.036,80.988,82.0,117.0,134.0,67.3,Moderate Risk
6.8,10,2,58.78,77.84,66.64,72.375,62.424,77.8515,79.0,118.0,132.0,70.41,Moderate Risk
6.8,10,3,60.52,79.03,68.88,73.55,59.721,79.0245,81.0,118.0,132.0,68.45,Moderate Risk
6.8,10,4,60.39,80.06,64.93,66.925,62.6535,80.07000000000001,82.0,117.0,135.0,67.33,Moderate Risk
6.8,15,1,58.21,72.81,60.39,64.48,51.127500000000005,72.8025,74.0,119.0,133.0,75.51,Moderate Risk
6.8,15,2,53.92,72.81,63.84,75.745,66.147,72.8025,73.0,119.0,131.0,76.49,Moderate Risk
6.8,15,3,57.72,75.8,60.76,65.055,60.843,75.8115,77.0,118.0,135.0,72.43,Moderate Risk
6.8,15,4,55.68,77.21,64.38,72.13,71.1195,77.214,78.0,117.0,133.0,71.2,Moderate Risk
6.8,30,1,54.26,67.74,55.16,61.99,50.7195,67.728,69.0,120.0,134.0,80.63,Moderate Risk
6.8,30,2,56.82,65.88,55.58,56.4,39.8565,65.89200000000001,68.0,122.0,133.0,82.01,Moderate Risk
6.8,30,3,51.41,65.79,54.57,66.59,55.742999999999995,65.79,66.0,120.0,133.0,83.55,Moderate Risk
6.8,30,4,57.99,68.58,54.79,53.05,51.2805,68.56949999999999,70.0,121.0,135.0,79.89,Moderate Risk
6.8,45,1,52.46,65.27,51.85,58.645,52.428000000000004,65.28,66.0,120.0,135.0,83.6,Moderate Risk
6.8,45,2,54.33,63.82,53.88,58.63,39.729,63.8265,65.0,122.0,133.0,84.94,Moderate Risk
6.8,45,3,52.85,64.99,52.37,58.865,49.521,64.9995,66.0,120.0,134.0,83.57,Moderate Risk
6.8,45,4,51.75,67.08,50.63,57.955,62.5515,67.0905,68.0,118.0,136.0,81.31,Moderate Risk
6.8,60,1,51.83,66.55,54.1,64.625,56.406,66.555,67.0,120.0,133.0,82.57,Moderate Risk
6.8,60,2,53.18,62.95,54.79,64.93,39.576,62.959500000000006,64.0,123.0,132.0,86.12,Moderate Risk
6.8,60,3,52.95,65.49,51.56,56.995,54.263999999999996,65.484,66.0,120.0,135.0,83.6,Moderate Risk
6.8,60,4,52.21,64.61,50.02,55.495,57.5535,64.617,66.0,119.0,135.0,83.41,Moderate Risk
6.8,90,1,48.57,62.37,49.27,61.51,56.4315,62.373000000000005,63.0,120.0,134.0,86.52,Moderate Risk
6.8,90,2,53.7,63.04,50.23,51.88,51.815999999999995,63.036,65.0,121.0,135.0,84.78,Moderate Risk
6.8,90,3,53.25,64.55,46.4,48.68,71.68050000000001,64.5405,66.0,119.0,138.0,83.58,Moderate Risk
6.8,90,4,49.75,61.86,48.64,57.475,54.4935,61.863,62.0,120.0,135.0,87.53,Moderate Risk
6.8,120,1,50.82,63.81,46.63,52.675,68.6715,63.800999999999995,64.0,119.0,137.0,85.48,Moderate Risk
6.8,120,2,50.42,58.29,51.22,63.05,34.4505,58.293,60.0,123.0,131.0,90.03,Moderate Risk
6.8,120,3,51.33,61.11,48.75,53.72,51.612,61.1235,63.0,121.0,135.0,86.74,Moderate Risk
6.8,120,4,51.72,59.96,49.11,52.785,46.155,59.976,61.0,122.0,133.0,88.85,Moderate Risk
6.8,180,1,52.01,60.82,46.13,48.005,61.582499999999996,60.817499999999995,62.0,122.0,136.0,87.95,Moderate Risk
6.8,180,2,48.58,60.41,48.73,60.375,49.929,60.4095,61.0,120.0,134.0,88.48,Moderate Risk
6.8,180,3,52.47,61.08,47.58,49.13,56.3805,61.0725,63.0,121.0,135.0,86.74,Moderate Risk
6.8,180,4,47.68,59.39,47.7,60.055,50.2605,59.3895,60.0,121.0,134.0,89.65,Moderate Risk
6.8,240,1,51.92,57.51,41.51,40.475,70.91550000000001,57.502500000000005,58.0,122.0,137.0,91.92,Moderate Risk
6.8,240,2,52.99,57.16,48.27,44.045,39.652499999999996,57.1455,59.0,124.0,133.0,91.22,Moderate Risk
6.8,240,3,48.55,59.81,48.38,59.565,48.705,59.823,60.0,121.0,133.0,89.63,Moderate Risk
6.8,240,4,51.3,59.3,45.94,47.97,57.426,59.2875,61.0,121.0,135.0,88.7,Moderate Risk
6.8,300,1,50.95,53.24,42.47,36.38,51.612,53.24400000000001,55.0,125.0,135.0,95.39,Moderate Risk
6.8,300,2,48.53,59.8,48.66,60.35,48.042,59.7975,60.0,121.0,133.0,89.63,Moderate Risk
6.8,300,3,51.45,61.17,43.35,46.35,74.2815,61.1745,62.0,120.0,138.0,87.68,Moderate Risk
6.8,300,4,49.77,56.8,43.71,46.105,58.7265,56.7885,58.0,122.0,135.0,91.83,Moderate Risk
6.8,360,1,51.86,54.94,46.33,40.725,39.984,54.9525,56.0,125.0,133.0,94.37,Moderate Risk
6.8,360,2,49.62,56.54,45.57,48.915,49.4955,56.533500000000004,58.0,123.0,134.0,92.01,Moderate Risk
6.8,360,3,49.09,58.79,45.79,52.375,56.406,58.803,59.0,121.0,135.0,90.66,Moderate Risk
6.8,360,4,50.48,60.46,50.49,60.02,42.075,60.4605,61.0,122.0,133.0,88.85,Moderate Risk
6.8,480,1,47.39,59.73,43.84,53.29,67.8555,59.721,60.0,119.0,136.0,89.36,Moderate Risk
6.8,480,2,50.96,58.46,44.81,46.49,59.516999999999996,58.446,59.0,121.0,136.0,90.7,Moderate Risk
6.8,480,3,47.44,58.35,49.68,66.15,47.6595,58.344,59.0,121.0,132.0,90.61,Moderate Risk
6.8,480,4,49.67,58.68,46.04,51.395,54.9015,58.6755,59.0,121.0,134.0,90.63,Moderate Risk
6.9,0,1,87.69,151.42,132.32,81.01,107.3295,151.419,148.0,103.0,132.0,1.0,Moderate Risk
6.9,0,2,92.2,149.19,133.24,81.605,97.41,149.17499999999998,147.0,105.0,131.0,1.73,Moderate Risk
6.9,0,3,95.9,154.77,133.92,79.375,97.00200000000001,154.785,151.0,104.0,133.0,3.16,Moderate Risk
6.9,0,4,92.67,151.7,133.03,80.51,99.2205,151.6995,148.0,105.0,131.0,1.41,Moderate Risk
6.9,1,1,76.72,120.33,103.55,78.455,92.412,120.33449999999999,120.0,109.0,133.0,28.46,Moderate Risk
6.9,1,2,78.53,118.32,104.08,79.265,85.7565,118.32000000000001,119.0,111.0,131.0,29.85,Moderate Risk
6.9,1,3,79.3,121.42,101.34,75.7,88.45949999999999,121.4055,121.0,109.0,134.0,27.53,Moderate Risk
6.9,1,4,80.92,116.09,102.17,78.125,77.265,116.1015,117.0,112.0,132.0,32.02,Moderate Risk
6.9,2,1,68.09,110.03,90.49,76.025,97.20599999999999,110.0325,110.0,109.0,135.0,38.44,Moderate Risk
6.9,2,2,70.61,102.92,86.68,74.92,80.0445,102.918,103.0,112.0,133.0,45.72,Moderate Risk
6.9,2,3,71.96,108.15,90.87,75.675,85.32300000000001,108.1455,108.0,111.0,134.0,40.66,Moderate Risk
6.9,2,4,72.83,103.68,90.73,77.41,75.88799999999999,103.683,104.0,114.0,132.0,45.12,Moderate Risk
6.9,5,1,59.97,88.89,73.45,73.98,82.977,88.893,89.0,113.0,133.0,59.69,Moderate Risk
6.9,5,2,62.12,89.41,75.74,74.97,77.82600000000001,89.403,90.0,115.0,133.0,59.04,Moderate Risk
6.9,5,3,63.13,87.22,78.3,78.89,70.431,87.21000000000001,89.0,117.0,130.0,60.45,Moderate Risk
6.9,5,4,65.02,85.4,74.73,74.29,60.8685,85.39949999999999,87.0,118.0,132.0,62.59,Moderate Risk
6.9,10,1,58.96,82.8,60.31,61.7,73.4145,82.79849999999999,83.0,113.0,138.0,65.89,Moderate Risk
6.9,10,2,60.81,80.29,64.18,65.195,61.863,80.29950000000001,82.0,117.0,135.0,67.33,Moderate Risk
6.9,10,3,58.24,75.35,64.14,70.335,57.885000000000005,75.35249999999999,77.0,118.0,132.0,72.37,Moderate Risk
6.9,10,4,57.92,82.17,64.96,68.705,75.25049999999999,82.161,83.0,114.0,135.0,65.83,Moderate Risk
6.9,15,1,56.68,74.89,59.53,64.69,62.016,74.8935,76.0,117.0,135.0,73.23,Moderate Risk
6.9,15,2,57.84,76.24,60.64,64.565,61.531499999999994,76.24499999999999,77.0,117.0,135.0,72.24,Moderate Risk
6.9,15,3,58.74,76.73,59.86,61.865,59.7975,76.7295,77.0,117.0,136.0,72.29,Moderate Risk
6.9,15,4,55.69,73.14,56.1,60.7,60.843,73.134,74.0,117.0,136.0,75.24,Moderate Risk
6.9,30,1,53.67,66.66,56.52,66.585,49.6995,66.65700000000001,68.0,120.0,132.0,81.58,Moderate Risk
6.9,30,2,54.53,68.14,53.53,57.95,54.672000000000004,68.136,70.0,119.0,135.0,79.49,Moderate Risk
6.9,30,3,54.42,71.79,54.03,59.355,63.061499999999995,71.7825,72.0,117.0,136.0,77.21,Moderate Risk
6.9,30,4,58.41,71.09,53.94,52.19,61.506,71.094,73.0,119.0,137.0,76.65,Moderate Risk
6.9,45,1,49.47,68.77,50.97,62.335,71.5785,68.7735,68.0,116.0,136.0,80.99,Moderate Risk
6.9,45,2,53.11,66.53,54.02,62.035,51.433499999999995,66.5295,68.0,120.0,134.0,81.61,Moderate Risk
6.9,45,3,55.02,66.06,51.3,52.44,56.9925,66.0705,68.0,120.0,136.0,81.68,Moderate Risk
6.9,45,4,51.44,61.16,53.2,65.42,40.5195,61.1745,63.0,122.0,132.0,86.88,Moderate Risk
6.9,60,1,52.32,64.89,49.67,54.765,59.823,64.89750000000001,66.0,119.0,136.0,83.46,Moderate Risk
6.9,60,2,52.78,65.57,52.08,58.44,52.4535,65.586,66.0,120.0,134.0,83.57,Moderate Risk
6.9,60,3,55.85,62.82,53.43,52.27,38.122499999999995,62.832,65.0,123.0,132.0,85.15,Moderate Risk
6.9,60,4,54.81,62.71,49.44,47.86,53.9325,62.7045,64.0,121.0,135.0,85.76,Moderate Risk
6.9,90,1,50.5,62.66,49.72,58.19,52.683,62.6535,63.0,120.0,134.0,86.52,Moderate Risk
6.9,90,2,51.72,59.53,49.71,53.835,42.075,59.516999999999996,61.0,122.0,133.0,88.85,Moderate Risk
6.9,90,3,51.62,64.5,49.23,55.305,60.3585,64.515,65.0,119.0,135.0,84.4,Moderate Risk
6.9,90,4,52.32,62.57,48.19,51.39,58.599000000000004,62.577000000000005,63.0,121.0,135.0,86.74,Moderate Risk
6.9,120,1,47.36,65.49,49.16,62.99,70.6095,65.484,65.0,117.0,135.0,84.07,Moderate Risk
6.9,120,2,49.83,63.66,50.27,60.945,55.386,63.647999999999996,64.0,120.0,134.0,85.53,Moderate Risk
6.9,120,3,55.1,61.87,49.04,45.835,52.887,61.863,63.0,123.0,134.0,87.12,Moderate Risk
6.9,120,4,50.87,63.21,49.98,57.975,53.397,63.2145,64.0,119.0,135.0,85.38,Moderate Risk
6.9,180,1,47.3,62.98,50.79,66.685,63.495,62.985,63.0,119.0,134.0,86.34,Moderate Risk
6.9,180,2,50.46,60.57,48.19,54.49,52.122,60.5625,61.0,121.0,134.0,88.67,Moderate Risk
6.9,180,3,50.84,57.75,47.77,50.75,44.0895,57.7575,58.0,123.0,133.0,91.99,Moderate Risk
6.9,180,4,49.45,59.08,49.65,60.605,41.565000000000005,59.0835,61.0,121.0,133.0,88.65,Moderate Risk
6.9,240,1,47.2,57.09,47.79,61.795,44.191500000000005,57.0945,58.0,121.0,133.0,91.6,Moderate Risk
6.9,240,2,51.28,58.81,47.85,50.6,47.532000000000004,58.803,60.0,123.0,134.0,90.05,Moderate Risk
6.9,240,3,47.9,59.78,43.27,51.59,70.431,59.772,60.0,119.0,136.0,89.36,Moderate Risk
6.9,240,4,50.18,61.43,42.03,47.39,80.5545,61.4295,62.0,119.0,138.0,87.5,Moderate Risk
6.9,300,1,49.43,55.39,49.22,58.975,28.407,55.386,57.0,124.0,131.0,93.18,Moderate Risk
6.9,300,2,50.35,57.73,46.86,50.385,47.991,57.732,58.0,123.0,134.0,92.01,Moderate Risk
6.9,300,3,47.99,59.2,47.28,58.23,51.357,59.211,60.0,121.0,134.0,89.65,Moderate Risk
6.9,300,4,49.9,57.35,48.27,54.59,40.392,57.3495,58.0,123.0,132.0,91.98,Moderate Risk
6.9,360,1,47.71,56.52,49.56,66.275,39.729,56.533500000000004,58.0,123.0,131.0,91.99,Moderate Risk
6.9,360,2,46.82,56.9,45.32,56.125,51.867,56.890499999999996,57.0,121.0,134.0,92.6,Moderate Risk
6.9,360,3,47.28,58.98,45.9,56.815,56.559,58.981500000000004,59.0,120.0,134.0,90.45,Moderate Risk
6.9,360,4,49.01,56.14,47.01,53.425,41.4885,56.151,58.0,123.0,133.0,91.99,Moderate Risk
6.9,480,1,47.63,54.66,47.99,61.535,32.7675,54.646499999999996,55.0,123.0,131.0,94.93,Moderate Risk
6.9,480,2,52.4,61.26,47.51,49.335,57.221999999999994,61.251,63.0,121.0,135.0,86.74,Moderate Risk
6.9,480,3,48.82,59.42,44.2,50.9,65.3055,59.415000000000006,60.0,120.0,136.0,89.53,Moderate Risk
6.9,480,4,49.66,58.97,45.61,50.905,57.783,58.981500000000004,59.0,121.0,135.0,90.66,Moderate Risk
7.0,0,1,92.1,148.82,129.33,79.69,97.1805,148.818,146.0,105.0,132.0,2.24,Moderate Risk
7.0,0,2,90.31,154.71,131.51,79.195,106.131,154.70850000000002,150.0,102.0,134.0,3.46,Moderate Risk
7.0,0,3,93.19,153.34,126.74,76.735,100.03649999999999,153.33149999999998,150.0,102.0,136.0,4.9,Moderate Risk
7.0,0,4,91.89,149.88,135.51,82.565,98.65950000000001,149.889,147.0,106.0,129.0,3.74,Moderate Risk
7.0,1,1,73.76,119.24,105.78,81.12,97.257,119.238,119.0,109.0,131.0,29.44,Moderate Risk
7.0,1,2,75.44,122.46,101.2,76.43,97.89450000000001,122.45100000000001,121.0,107.0,135.0,27.33,Moderate Risk
7.0,1,3,82.48,116.63,101.6,76.8,74.664,116.63699999999999,117.0,112.0,132.0,32.02,Moderate Risk
7.0,1,4,78.72,118.68,99.97,75.95,85.8585,118.67699999999999,118.0,109.0,134.0,30.48,Moderate Risk
7.0,2,1,72.03,104.17,90.4,77.15,78.6675,104.16749999999999,105.0,113.0,132.0,43.93,Moderate Risk
7.0,2,2,73.23,104.94,90.83,76.65,77.0355,104.93249999999999,105.0,113.0,132.0,43.93,Moderate Risk
7.0,2,3,74.04,104.36,91.28,77.06,74.10300000000001,104.3715,106.0,114.0,132.0,43.17,Moderate Risk
7.0,2,4,70.68,110.69,89.46,74.08,92.157,110.6955,110.0,109.0,135.0,38.44,Moderate Risk
7.0,5,1,63.15,87.01,73.1,72.51,69.921,87.006,88.0,116.0,133.0,61.2,Moderate Risk
7.0,5,2,63.86,89.25,74.25,72.28,72.5475,89.25,90.0,115.0,134.0,59.07,Moderate Risk
7.0,5,3,64.2,87.75,75.88,74.875,68.4165,87.7455,89.0,117.0,132.0,60.42,Moderate Risk
7.0,5,4,61.82,86.3,72.28,72.81,72.318,86.292,87.0,115.0,133.0,61.99,Moderate Risk
7.0,10,1,58.54,79.78,64.34,68.195,67.881,79.76400000000001,80.0,116.0,134.0,69.08,Moderate Risk
7.0,10,2,56.69,78.88,62.93,68.435,71.75699999999999,78.87150000000001,79.0,116.0,135.0,70.1,Moderate Risk
7.0,10,3,61.37,79.19,66.48,68.595,57.375,79.203,81.0,117.0,134.0,68.28,Moderate Risk
7.0,10,4,57.99,75.7,66.56,74.52,59.67,75.7095,77.0,118.0,131.0,72.37,Moderate Risk
7.0,15,1,56.01,73.43,57.69,62.895,60.486,73.44,74.0,118.0,135.0,75.37,Moderate Risk
7.0,15,2,53.69,75.88,63.56,73.34,74.562,75.88799999999999,76.0,116.0,133.0,73.0,Moderate Risk
7.0,15,3,56.21,73.3,63.58,72.945,59.4405,73.28699999999999,75.0,118.0,132.0,74.33,Moderate Risk
7.0,15,4,52.27,71.45,61.83,74.945,68.4675,71.45100000000001,72.0,118.0,132.0,77.28,Moderate Risk
7.0,30,1,56.14,71.8,55.26,58.415,58.7265,71.808,73.0,118.0,136.0,76.4,Moderate Risk
7.0,30,2,55.62,70.53,54.65,58.165,57.4005,70.533,71.0,118.0,136.0,78.36,Moderate Risk
7.0,30,3,53.79,67.44,55.66,64.105,51.612,67.4475,69.0,120.0,133.0,80.61,Moderate Risk
7.0,30,4,52.75,66.63,57.2,69.63,53.1165,66.63149999999999,68.0,120.0,132.0,81.58,Moderate Risk
7.0,45,1,53.61,66.08,50.75,54.4,59.160000000000004,66.0705,68.0,119.0,136.0,81.49,Moderate Risk
7.0,45,2,54.9,63.45,51.69,51.795,47.277,63.443999999999996,65.0,121.0,134.0,84.75,Moderate Risk
7.0,45,3,52.78,64.77,54.13,63.375,47.2005,64.77,66.0,121.0,133.0,83.75,Moderate Risk
7.0,45,4,53.91,65.97,51.55,55.09,55.7175,65.96849999999999,67.0,120.0,135.0,82.62,Moderate Risk
7.0,60,1,57.51,62.53,51.26,43.38,45.951,62.526,65.0,123.0,134.0,85.17,Moderate Risk
7.0,60,2,51.0,62.24,51.12,60.33,46.053000000000004,62.2455,63.0,121.0,133.0,86.69,Moderate Risk
7.0,60,3,50.87,61.32,51.47,61.74,43.452,61.3275,63.0,121.0,133.0,86.69,Moderate Risk
7.0,60,4,51.21,65.0,47.72,53.93,67.8045,64.9995,66.0,118.0,137.0,83.34,Moderate Risk
7.0,90,1,52.41,59.76,49.17,50.835,45.186,59.772,61.0,123.0,133.0,89.06,Moderate Risk
7.0,90,2,52.78,62.59,50.15,53.66,50.694,62.6025,64.0,121.0,134.0,85.73,Moderate Risk
7.0,90,3,52.07,62.18,50.46,55.855,48.0675,62.169,64.0,121.0,134.0,85.73,Moderate Risk
7.0,90,4,50.83,61.42,45.93,50.51,64.3365,61.4295,62.0,120.0,136.0,87.57,Moderate Risk
7.0,120,1,49.31,62.22,50.62,63.045,52.887,62.22,63.0,120.0,133.0,86.5,Moderate Risk
7.0,120,2,50.5,60.19,45.08,49.25,64.005,60.2055,61.0,120.0,136.0,88.55,Moderate Risk
7.0,120,3,51.1,60.24,46.94,50.61,56.3295,60.2565,61.0,122.0,135.0,88.89,Moderate Risk
7.0,120,4,51.38,61.04,49.48,55.075,48.271499999999996,61.047,63.0,121.0,134.0,86.71,Moderate Risk
7.0,180,1,51.8,60.02,50.41,55.66,40.851,60.027,62.0,122.0,133.0,87.87,Moderate Risk
7.0,180,2,53.13,61.39,47.96,48.45,55.7685,61.3785,63.0,121.0,136.0,86.78,Moderate Risk
7.0,180,3,48.06,60.67,49.8,64.135,52.989000000000004,60.6645,61.0,121.0,133.0,88.65,Moderate Risk
7.0,180,4,53.74,60.86,48.68,47.535,51.050999999999995,60.8685,62.0,122.0,135.0,87.91,Moderate Risk
7.0,240,1,49.06,59.02,45.9,52.775,56.661,59.007,60.0,121.0,135.0,89.68,Moderate Risk
7.0,240,2,52.95,54.9,46.27,36.78,40.086,54.9015,57.0,125.0,133.0,93.4,Moderate Risk
7.0,240,3,50.3,57.21,46.67,49.675,47.022000000000006,57.221999999999994,58.0,123.0,134.0,92.01,Moderate Risk
7.0,240,4,49.48,57.46,47.45,53.93,44.421,57.4515,58.0,123.0,133.0,91.99,Moderate Risk
7.0,300,1,49.32,56.07,48.67,57.4,33.634499999999996,56.0745,58.0,123.0,132.0,91.98,Moderate Risk
7.0,300,2,51.27,57.64,45.99,46.425,51.5355,57.655499999999996,59.0,123.0,135.0,91.05,Moderate Risk
7.0,300,3,49.17,56.85,43.6,47.4,59.4405,56.865,58.0,122.0,135.0,91.83,Moderate Risk
7.0,300,4,53.04,58.44,43.01,40.51,67.3455,58.446,60.0,122.0,137.0,89.96,Moderate Risk
7.0,360,1,50.25,56.53,47.44,50.72,41.0295,56.533500000000004,58.0,123.0,133.0,91.99,Moderate Risk
7.0,360,2,48.3,58.55,44.23,51.46,62.373000000000005,58.548,59.0,120.0,135.0,90.48,Moderate Risk
7.0,360,3,49.33,59.62,46.35,53.265,56.7885,59.619,60.0,121.0,134.0,89.65,Moderate Risk
7.0,360,4,50.89,56.43,42.14,41.63,64.5405,56.4315,58.0,123.0,136.0,92.07,Moderate Risk
7.0,480,1,52.73,56.49,46.91,41.765,43.2735,56.4825,58.0,124.0,134.0,92.22,Moderate Risk
7.0,480,2,45.97,55.24,44.01,54.77,51.815999999999995,55.233,56.0,121.0,134.0,93.58,Moderate Risk
7.0,480,3,46.67,62.8,46.01,58.82,68.18700000000001,62.8065,62.0,118.0,136.0,87.22,Moderate Risk
7.0,480,4,49.03,56.7,46.57,52.695,45.5685,56.6865,58.0,123.0,133.0,91.99,Moderate Risk
7.1,0,1,90.26,150.62,131.08,80.29,102.204,150.6285,147.0,104.0,132.0,1.0,Moderate Risk
7.1,0,2,88.98,151.59,133.41,81.285,105.315,151.5975,148.0,103.0,131.0,1.41,Moderate Risk
7.1,0,3,94.03,151.04,129.59,78.715,96.2625,151.03650000000002,148.0,104.0,134.0,2.0,Moderate Risk
7.1,0,4,93.72,152.64,132.34,79.66,98.43,152.643,149.0,104.0,133.0,1.41,Moderate Risk
7.1,1,1,75.32,117.19,97.21,75.68,91.1115,117.19800000000001,117.0,108.0,134.0,31.32,Moderate Risk
7.1,1,2,79.07,117.5,101.46,77.48,83.4105,117.50399999999999,118.0,111.0,133.0,30.82,Moderate Risk
7.1,1,3,75.67,119.48,99.58,76.37,93.50850000000001,119.4675,119.0,108.0,134.0,29.34,Moderate Risk
7.1,1,4,75.54,119.76,100.4,76.87,94.17150000000001,119.748,119.0,108.0,134.0,29.34,Moderate Risk
7.1,2,1,72.19,105.79,91.31,77.07,80.988,105.7995,106.0,113.0,132.0,42.95,Moderate Risk
7.1,2,2,67.3,105.03,86.29,75.1,91.596,105.0345,105.0,110.0,134.0,43.46,Moderate Risk
7.1,2,3,74.62,105.35,90.17,75.19,74.3835,105.3405,106.0,113.0,133.0,42.97,Moderate Risk
7.1,2,4,72.21,105.82,87.51,73.655,80.988,105.82499999999999,106.0,112.0,134.0,42.8,Moderate Risk
7.1,5,1,62.58,89.32,74.08,72.9,76.3215,89.3265,90.0,114.0,134.0,58.89,Moderate Risk
7.1,5,2,65.98,85.96,71.42,68.165,59.262,85.9605,87.0,117.0,134.0,62.4,Moderate Risk
7.1,5,3,62.81,86.85,73.86,73.79,70.584,86.85300000000001,88.0,116.0,133.0,61.2,Moderate Risk
7.1,5,4,62.06,92.01,74.25,72.21,83.0025,92.004,93.0,112.0,135.0,55.66,Moderate Risk
7.1,10,1,60.88,75.42,67.27,73.175,49.164,75.429,78.0,120.0,131.0,71.81,Moderate Risk
7.1,10,2,59.24,78.84,61.88,64.04,63.4185,78.84599999999999,80.0,116.0,136.0,69.17,Moderate Risk
7.1,10,3,58.7,74.23,62.91,68.14,53.346,74.2305,76.0,119.0,133.0,73.55,Moderate Risk
7.1,10,4,60.6,75.84,66.58,71.76,51.255,75.837,78.0,119.0,132.0,71.59,Moderate Risk
7.1,15,1,56.51,77.82,56.4,59.845,70.2015,77.82600000000001,78.0,115.0,138.0,71.11,Moderate Risk
7.1,15,2,53.69,73.51,61.45,71.74,68.748,73.5165,74.0,117.0,133.0,75.14,Moderate Risk
7.1,15,3,56.67,71.71,61.9,70.44,53.4735,71.706,73.0,120.0,132.0,76.69,Moderate Risk
7.1,15,4,58.17,77.16,58.16,59.98,62.8065,77.163,78.0,116.0,137.0,71.2,Moderate Risk
7.1,30,1,53.21,66.82,54.0,61.755,51.969,66.8355,68.0,120.0,134.0,81.61,Moderate Risk
7.1,30,2,54.21,64.67,53.64,58.45,43.503,64.66799999999999,66.0,121.0,133.0,83.75,Moderate Risk
7.1,30,3,54.86,66.45,58.15,68.53,44.4465,66.453,68.0,121.0,131.0,81.79,Moderate Risk
7.1,30,4,51.6,67.81,54.78,65.885,60.9705,67.8045,68.0,118.0,134.0,81.24,Moderate Risk
7.1,45,1,52.13,61.67,52.93,62.515,39.4485,61.6845,63.0,122.0,132.0,86.88,Moderate Risk
7.1,45,2,51.59,66.65,50.92,58.72,60.18,66.65700000000001,67.0,118.0,136.0,82.3,Moderate Risk
7.1,45,3,54.05,65.68,52.34,56.155,51.7905,65.688,67.0,120.0,135.0,82.62,Moderate Risk
7.1,45,4,53.96,62.57,51.04,52.425,46.971000000000004,62.577000000000005,64.0,121.0,134.0,85.73,Moderate Risk
7.1,60,1,51.58,61.96,48.57,53.265,55.1055,61.964999999999996,63.0,121.0,135.0,86.74,Moderate Risk
7.1,60,2,50.64,63.62,47.12,53.61,66.1215,63.6225,64.0,119.0,136.0,85.42,Moderate Risk
7.1,60,3,52.1,66.69,49.56,55.55,65.484,66.6825,67.0,118.0,137.0,82.35,Moderate Risk
7.1,60,4,50.79,67.75,50.3,59.15,65.7135,67.7535,68.0,117.0,136.0,81.15,Moderate Risk
7.1,90,1,48.89,65.47,45.9,55.415,76.2195,65.4585,65.0,116.0,138.0,84.08,Moderate Risk
7.1,90,2,54.77,60.43,49.46,45.465,46.257000000000005,60.434999999999995,62.0,123.0,134.0,88.1,Moderate Risk
7.1,90,3,50.77,59.99,48.91,54.965,47.123999999999995,60.0015,61.0,121.0,134.0,88.67,Moderate Risk
7.1,90,4,51.62,59.45,52.48,63.32,33.5835,59.4405,61.0,123.0,131.0,89.06,Moderate Risk
7.1,120,1,52.58,62.99,49.45,53.07,54.7995,62.985,64.0,120.0,135.0,85.56,Moderate Risk
7.1,120,2,48.75,60.93,49.9,62.825,50.949,60.9195,61.0,121.0,133.0,88.65,Moderate Risk
7.1,120,3,50.54,57.76,45.35,47.46,54.7995,57.7575,58.0,123.0,134.0,92.01,Moderate Risk
7.1,120,4,49.96,57.22,48.7,55.56,37.995,57.221999999999994,58.0,123.0,132.0,91.98,Moderate Risk
7.1,180,1,49.63,60.72,46.1,52.75,61.4295,60.7155,61.0,121.0,135.0,88.7,Moderate Risk
7.1,180,2,49.09,59.22,44.7,50.925,62.526,59.211,60.0,121.0,136.0,89.72,Moderate Risk
7.1,180,3,52.27,59.23,50.59,54.155,37.2045,59.2365,61.0,123.0,132.0,89.05,Moderate Risk
7.1,180,4,48.21,58.48,47.22,57.345,49.113,58.4715,59.0,121.0,133.0,90.61,Moderate Risk
7.1,240,1,51.4,58.83,46.11,47.54,55.131,58.8285,60.0,122.0,135.0,89.87,Moderate Risk
7.1,240,2,48.43,63.19,48.07,59.285,60.996,63.189,63.0,118.0,135.0,86.2,Moderate Risk
7.1,240,3,50.28,57.26,49.68,57.66,33.762,57.272999999999996,59.0,123.0,132.0,91.01,Moderate Risk
7.1,240,4,51.2,56.22,48.03,48.405,37.1535,56.2275,58.0,124.0,133.0,92.2,Moderate Risk
7.1,300,1,48.54,55.36,46.39,52.805,41.335499999999996,55.360499999999995,57.0,123.0,133.0,92.97,Moderate Risk
7.1,300,2,47.11,56.41,44.18,52.805,55.284,56.406,57.0,121.0,135.0,92.62,Moderate Risk
7.1,300,3,48.98,56.66,44.68,49.245,53.907000000000004,56.661,57.0,122.0,135.0,92.81,Moderate Risk
7.1,300,4,52.95,57.36,47.1,42.89,45.593999999999994,57.3495,59.0,124.0,133.0,91.22,Moderate Risk
7.1,360,1,49.47,60.35,46.71,53.94,57.63,60.3585,61.0,121.0,135.0,88.7,Moderate Risk
7.1,360,2,48.62,54.28,46.29,51.25,37.536,54.289500000000004,55.0,124.0,132.0,95.13,Moderate Risk
7.1,360,3,48.99,55.44,46.2,50.925,42.5085,55.437000000000005,57.0,123.0,133.0,92.97,Moderate Risk
7.1,360,4,50.09,56.19,43.42,44.325,57.936,56.202000000000005,58.0,123.0,135.0,92.03,Moderate Risk
7.1,480,1,50.45,54.79,47.66,48.255,33.1755,54.774,56.0,124.0,132.0,94.15,Moderate Risk
7.1,480,2,48.12,60.55,45.63,55.0,62.832,60.537,61.0,120.0,135.0,88.51,Moderate Risk
7.1,480,3,48.15,58.35,48.1,59.84,44.829,58.344,59.0,121.0,133.0,90.61,Moderate Risk
7.1,480,4,49.08,57.06,45.56,50.815,51.357,57.0435,58.0,122.0,134.0,91.8,Moderate Risk
7.2,0,1,94.23,152.19,135.67,81.45,97.10400000000001,152.184,150.0,105.0,131.0,2.45,Moderate Risk
7.2,0,2,95.58,150.61,132.74,80.26,93.177,150.603,148.0,106.0,132.0,2.0,Moderate Risk
7.2,0,3,93.0,147.82,133.24,82.025,94.554,147.8235,145.0,106.0,130.0,4.12,Moderate Risk
7.2,0,4,85.4,153.02,132.5,80.895,112.6845,153.0255,149.0,101.0,132.0,3.16,Moderate Risk
7.2,1,1,75.12,116.46,100.27,78.25,90.52499999999999,116.4585,116.0,110.0,132.0,32.56,Moderate Risk
7.2,1,2,77.92,121.33,97.0,73.185,91.239,121.329,120.0,107.0,136.0,28.44,Moderate Risk
7.2,1,3,76.43,119.47,104.07,79.265,91.87650000000001,119.4675,119.0,109.0,132.0,29.43,Moderate Risk
7.2,1,4,73.73,114.25,100.31,79.68,90.44850000000001,114.24000000000001,114.0,110.0,131.0,34.54,Moderate Risk
7.2,2,1,73.3,106.5,90.51,75.55,79.48349999999999,106.51350000000001,107.0,112.0,133.0,41.79,Moderate Risk
7.2,2,2,68.64,103.83,88.12,76.61,86.44500000000001,103.836,104.0,112.0,133.0,44.73,Moderate Risk
7.2,2,3,72.15,104.41,89.63,76.25,78.795,104.4225,105.0,113.0,133.0,43.94,Moderate Risk
7.2,2,4,68.82,104.98,88.83,76.605,87.822,104.9835,104.0,111.0,133.0,44.56,Moderate Risk
7.2,5,1,63.64,89.04,72.16,70.055,72.726,89.046,90.0,114.0,135.0,58.93,Moderate Risk
7.2,5,2,64.26,89.71,73.18,70.52,72.3435,89.709,90.0,115.0,134.0,59.07,Moderate Risk
7.2,5,3,61.62,91.34,72.63,71.12,82.977,91.34100000000001,91.0,112.0,135.0,57.64,Moderate Risk
7.2,5,4,62.87,90.57,71.24,69.07,77.979,90.57600000000001,91.0,113.0,136.0,57.84,Moderate Risk
7.2,10,1,60.65,74.86,65.31,69.835,48.4245,74.86800000000001,77.0,120.0,131.0,72.79,Moderate Risk
7.2,10,2,54.28,80.46,63.74,70.845,82.977,80.4525,81.0,113.0,135.0,67.67,Moderate Risk
7.2,10,3,54.14,79.14,64.39,72.3,80.5545,79.12650000000001,80.0,115.0,134.0,68.91,Moderate Risk
7.2,10,4,56.86,78.48,62.41,67.705,70.25250000000001,78.489,79.0,116.0,135.0,70.1,Moderate Risk
7.2,15,1,54.27,73.21,59.33,68.015,65.96849999999999,73.21050000000001,74.0,117.0,134.0,75.16,Moderate Risk
7.2,15,2,53.45,70.8,61.25,73.495,62.475,70.788,72.0,119.0,131.0,77.47,Moderate Risk
7.2,15,3,54.34,73.55,59.92,68.72,66.606,73.542,74.0,117.0,134.0,75.16,Moderate Risk
7.2,15,4,55.17,75.18,60.1,67.385,67.881,75.174,76.0,116.0,135.0,73.05,Moderate Risk
7.2,30,1,50.28,66.08,50.17,59.785,61.403999999999996,66.0705,67.0,118.0,136.0,82.3,Moderate Risk
7.2,30,2,48.25,66.28,51.9,66.075,69.36,66.2745,66.0,117.0,135.0,83.08,Moderate Risk
7.2,30,3,52.6,64.84,54.66,65.05,48.144,64.8465,66.0,121.0,133.0,83.75,Moderate Risk
7.2,30,4,53.31,67.03,53.28,59.95,52.3005,67.0395,69.0,119.0,135.0,80.47,Moderate Risk
7.2,45,1,55.21,64.15,51.02,50.425,52.173,64.158,66.0,121.0,135.0,83.8,Moderate Risk
7.2,45,2,53.43,64.21,54.88,64.035,42.814499999999995,64.209,66.0,121.0,133.0,83.75,Moderate Risk
7.2,45,3,53.79,61.77,48.47,48.005,54.927,61.761,63.0,122.0,135.0,86.94,Moderate Risk
7.2,45,4,51.96,62.05,53.99,66.04,41.4375,62.0415,64.0,121.0,132.0,85.7,Moderate Risk
7.2,60,1,51.95,66.88,54.98,66.095,56.916000000000004,66.8865,67.0,120.0,133.0,82.57,Moderate Risk
7.2,60,2,51.84,61.06,48.77,52.515,51.3315,61.047,63.0,121.0,135.0,86.74,Moderate Risk
7.2,60,3,51.74,63.82,52.02,60.71,48.271499999999996,63.8265,65.0,121.0,133.0,84.73,Moderate Risk
7.2,60,4,53.6,60.58,52.35,55.43,34.6545,60.588,62.0,124.0,132.0,88.29,Moderate Risk
7.2,90,1,53.31,59.76,50.62,51.17,39.015,59.772,61.0,124.0,133.0,89.27,Moderate Risk
7.2,90,2,51.81,60.93,46.39,48.825,60.843,60.945,61.0,122.0,135.0,88.89,Moderate Risk
7.2,90,3,51.67,62.47,48.35,52.955,57.604499999999994,62.475,63.0,120.0,135.0,86.54,Moderate Risk
7.2,90,4,50.26,60.38,45.75,50.745,61.7865,60.384,61.0,120.0,136.0,88.55,Moderate Risk
7.2,120,1,48.21,59.96,48.98,61.965,49.980000000000004,59.9505,60.0,121.0,133.0,89.63,Moderate Risk
7.2,120,2,50.5,58.77,51.29,62.855,35.904,58.7775,60.0,123.0,131.0,90.03,Moderate Risk
7.2,120,3,49.78,62.4,46.87,54.365,63.495,62.3985,63.0,119.0,136.0,86.41,Moderate Risk
7.2,120,4,48.86,60.77,46.81,55.605,58.573499999999996,60.7665,61.0,119.0,135.0,88.33,Moderate Risk
7.2,180,1,51.2,57.82,48.6,51.525,40.647,57.8085,59.0,124.0,133.0,91.22,Moderate Risk
7.2,180,2,47.9,59.83,45.96,55.795,59.134499999999996,59.823,60.0,120.0,135.0,89.49,Moderate Risk
7.2,180,3,48.31,59.39,48.82,61.39,47.583,59.3895,60.0,121.0,133.0,89.63,Moderate Risk
7.2,180,4,49.01,58.66,47.03,54.91,50.541,58.650000000000006,59.0,122.0,134.0,90.82,Moderate Risk
7.2,240,1,48.29,57.32,44.57,51.245,56.711999999999996,57.324,58.0,121.0,135.0,91.64,Moderate Risk
7.2,240,2,47.33,59.29,43.3,52.45,68.748,59.2875,60.0,119.0,136.0,89.36,Moderate Risk
7.2,240,3,48.9,58.1,47.11,55.135,48.220499999999994,58.089,59.0,121.0,133.0,90.61,Moderate Risk
7.2,240,4,50.18,58.89,45.21,49.095,59.211,58.8795,59.0,122.0,135.0,90.85,Moderate Risk
7.2,300,1,49.64,56.86,45.74,49.485,49.9035,56.865,58.0,123.0,134.0,92.01,Moderate Risk
7.2,300,2,51.14,56.26,49.24,51.855,31.823999999999998,56.253,58.0,124.0,132.0,92.2,Moderate Risk
7.2,300,3,50.79,57.63,44.71,45.875,57.1455,57.63,58.0,122.0,135.0,91.83,Moderate Risk
7.2,300,4,51.91,60.71,44.59,46.37,67.677,60.7155,61.0,121.0,137.0,88.79,Moderate Risk
7.2,360,1,50.0,56.65,45.57,48.01,49.9035,56.661,58.0,123.0,134.0,92.01,Moderate Risk
7.2,360,2,47.52,61.1,45.28,55.745,66.045,61.098,61.0,119.0,136.0,88.37,Moderate Risk
7.2,360,3,48.59,55.46,47.55,56.09,36.363,55.4625,57.0,123.0,132.0,92.96,Moderate Risk
7.2,360,4,44.34,57.61,47.07,66.175,58.751999999999995,57.604499999999994,57.0,120.0,132.0,92.4,Moderate Risk
7.2,480,1,47.48,55.8,46.75,57.57,41.3865,55.794,56.0,122.0,133.0,93.75,Moderate Risk
7.2,480,2,51.57,55.11,43.98,39.53,51.4845,55.1055,57.0,123.0,135.0,93.01,Moderate Risk
7.2,480,3,51.22,54.35,45.85,41.045,39.8565,54.340500000000006,56.0,125.0,133.0,94.37,Moderate Risk
7.2,480,4,49.87,55.12,44.47,44.775,49.266000000000005,55.1055,57.0,123.0,134.0,92.98,Moderate Risk
7.3,0,1,92.27,148.12,129.61,80.06,96.135,148.12949999999998,146.0,105.0,132.0,2.24,Moderate Risk
7.3,0,2,96.21,154.43,132.05,78.47,96.135,154.428,151.0,104.0,134.0,3.61,Moderate Risk
7.3,0,3,92.75,152.5,132.69,80.055,99.90899999999999,152.48999999999998,149.0,104.0,132.0,1.0,Moderate Risk
7.3,0,4,91.98,149.39,132.66,81.255,97.9965,149.40449999999998,147.0,105.0,131.0,1.73,Moderate Risk
7.3,1,1,78.06,117.7,102.07,78.17,85.884,117.708,117.0,111.0,132.0,31.78,Moderate Risk
7.3,1,2,77.97,119.67,98.33,74.645,88.86749999999999,119.6715,119.0,108.0,135.0,29.43,Moderate Risk
7.3,1,3,76.11,118.69,100.96,77.505,91.4685,118.7025,118.0,109.0,133.0,30.43,Moderate Risk
7.3,1,4,78.51,119.95,99.55,75.23,88.077,119.952,119.0,109.0,134.0,29.5,Moderate Risk
7.3,2,1,71.52,104.57,90.96,77.645,80.60549999999999,104.5755,105.0,113.0,132.0,43.93,Moderate Risk
7.3,2,2,70.49,101.26,91.47,80.45,77.4945,101.26050000000001,102.0,114.0,130.0,47.12,Moderate Risk
7.3,2,3,69.63,101.33,90.34,79.6,79.7895,101.33699999999999,102.0,114.0,130.0,47.12,Moderate Risk
7.3,2,4,70.39,103.5,87.74,75.725,81.54899999999999,103.5045,104.0,112.0,133.0,44.73,Moderate Risk
7.3,5,1,62.13,88.43,70.24,69.255,75.837,88.434,89.0,114.0,135.0,59.92,Moderate Risk
7.3,5,2,62.93,86.98,73.93,73.725,70.50750000000001,86.9805,88.0,116.0,133.0,61.2,Moderate Risk
7.3,5,3,64.32,88.86,73.12,70.755,70.431,88.86749999999999,89.0,116.0,134.0,60.24,Moderate Risk
7.3,5,4,63.44,88.99,74.32,72.78,73.21050000000001,88.99499999999999,89.0,115.0,133.0,60.02,Moderate Risk
7.3,10,1,60.31,81.79,62.19,62.63,66.9885,81.80399999999999,82.0,115.0,137.0,67.1,Moderate Risk
7.3,10,2,59.08,80.24,62.16,64.36,67.2435,80.24849999999999,81.0,116.0,136.0,68.18,Moderate Risk
7.3,10,3,58.71,76.19,63.21,67.725,58.5225,76.194,78.0,118.0,133.0,71.39,Moderate Risk
7.3,10,4,59.31,75.65,65.19,70.785,55.08,75.6585,77.0,119.0,132.0,72.57,Moderate Risk
7.3,15,1,58.34,70.32,57.99,59.145,44.7015,70.329,72.0,120.0,134.0,77.69,Moderate Risk
7.3,15,2,55.84,74.21,59.84,66.545,63.138,74.205,75.0,117.0,135.0,74.21,Moderate Risk
7.3,15,3,56.71,74.03,60.41,66.41,59.67,74.0265,76.0,117.0,134.0,73.19,Moderate Risk
7.3,15,4,54.08,75.21,62.72,72.275,71.655,75.1995,76.0,116.0,133.0,73.0,Moderate Risk
7.3,30,1,54.21,67.57,55.83,63.65,50.439,67.575,69.0,120.0,134.0,80.63,Moderate Risk
7.3,30,2,53.32,66.59,53.3,59.965,50.8725,66.5805,68.0,120.0,134.0,81.61,Moderate Risk
7.3,30,3,54.13,67.91,52.0,55.985,59.721,67.9065,69.0,119.0,135.0,80.47,Moderate Risk
7.3,30,4,50.37,63.05,52.42,64.855,51.2805,63.061499999999995,64.0,120.0,133.0,85.52,Moderate Risk
7.3,45,1,52.96,64.92,50.25,54.465,57.604499999999994,64.923,66.0,119.0,135.0,83.41,Moderate Risk
7.3,45,2,51.96,64.13,54.03,65.1,48.399,64.13250000000001,66.0,120.0,133.0,83.55,Moderate Risk
7.3,45,3,53.87,63.79,48.68,49.695,60.4095,63.800999999999995,65.0,121.0,136.0,84.82,Moderate Risk
7.3,45,4,51.21,63.77,49.61,56.61,56.6355,63.775499999999994,64.0,120.0,135.0,85.56,Moderate Risk
7.3,60,1,51.97,60.84,48.29,51.205,52.632,60.843,62.0,122.0,134.0,87.89,Moderate Risk
7.3,60,2,55.45,63.1,49.06,46.345,56.711999999999996,63.1125,65.0,122.0,135.0,84.98,Moderate Risk
7.3,60,3,49.68,61.12,48.59,57.385,52.3005,61.1235,62.0,120.0,135.0,87.53,Moderate Risk
7.3,60,4,52.3,64.46,47.84,51.95,65.7645,64.46400000000001,65.0,119.0,137.0,84.49,Moderate Risk
7.3,90,1,54.57,59.69,47.69,42.815,51.2805,59.6955,61.0,123.0,135.0,89.1,Moderate Risk
7.3,90,2,54.89,65.74,49.14,49.605,64.3875,65.73899999999999,67.0,120.0,136.0,82.66,Moderate Risk
7.3,90,3,51.69,63.98,51.45,59.435,49.929,63.9795,65.0,120.0,134.0,84.55,Moderate Risk
7.3,90,4,53.95,64.5,53.69,59.27,42.76349999999999,64.515,66.0,121.0,133.0,83.75,Moderate Risk
7.3,120,1,48.61,61.03,44.5,52.53,69.0795,61.0215,61.0,119.0,137.0,88.43,Moderate Risk
7.3,120,2,48.36,63.93,45.33,55.12,74.1795,63.92849999999999,63.0,117.0,137.0,86.13,Moderate Risk
7.3,120,3,48.01,57.05,46.97,56.905,45.084,57.0435,58.0,122.0,133.0,91.79,Moderate Risk
7.3,120,4,49.28,61.73,48.83,58.955,53.3205,61.7355,62.0,120.0,135.0,87.53,Moderate Risk
7.3,180,1,49.98,60.02,46.58,52.41,57.0945,60.027,61.0,121.0,135.0,88.7,Moderate Risk
7.3,180,2,50.91,58.89,47.35,50.73,49.980000000000004,58.8795,60.0,122.0,134.0,89.84,Moderate Risk
7.3,180,3,48.21,57.57,47.3,57.33,45.492,57.5535,58.0,122.0,133.0,91.79,Moderate Risk
7.3,180,4,49.69,57.44,45.95,50.24,51.0,57.4515,58.0,122.0,134.0,91.8,Moderate Risk
7.3,240,1,47.7,57.91,45.84,55.385,53.142,57.9105,58.0,121.0,134.0,91.61,Moderate Risk
7.3,240,2,49.2,58.07,50.73,65.17,38.9385,58.063500000000005,60.0,122.0,132.0,89.82,Moderate Risk
7.3,240,3,48.79,60.1,43.68,50.655,69.666,60.1035,61.0,119.0,137.0,88.43,Moderate Risk
7.3,240,4,51.2,62.0,45.33,49.44,68.544,61.990500000000004,62.0,120.0,136.0,87.57,Moderate Risk
7.3,300,1,44.13,56.61,47.52,68.14,56.2275,56.61,57.0,121.0,132.0,92.57,Moderate Risk
7.3,300,2,46.2,57.13,45.11,57.295,53.6265,57.120000000000005,58.0,121.0,134.0,91.61,Moderate Risk
7.3,300,3,50.66,56.62,49.28,54.365,33.047999999999995,56.61,58.0,124.0,131.0,92.2,Moderate Risk
7.3,300,4,45.26,58.77,42.94,55.6,68.69699999999999,58.7775,58.0,120.0,136.0,91.5,Moderate Risk
7.3,360,1,48.41,56.39,44.42,50.0,54.111,56.3805,57.0,122.0,135.0,92.81,Moderate Risk
7.3,360,2,52.37,57.2,43.78,40.785,59.823,57.1965,59.0,123.0,136.0,91.09,Moderate Risk
7.3,360,3,50.95,60.13,43.21,46.275,71.75699999999999,60.129000000000005,61.0,120.0,137.0,88.6,Moderate Risk
7.3,360,4,47.92,55.72,47.18,57.4,39.066,55.7175,56.0,123.0,132.0,93.94,Moderate Risk
7.3,480,1,50.21,60.93,43.06,48.0,74.766,60.9195,61.0,120.0,137.0,88.6,Moderate Risk
7.3,480,2,49.97,59.56,45.16,49.985,61.608000000000004,59.542500000000004,60.0,121.0,135.0,89.68,Moderate Risk
7.3,480,3,48.26,59.25,46.27,55.4,55.8705,59.262,60.0,121.0,134.0,89.65,Moderate Risk
7.3,480,4,50.39,59.88,43.4,47.26,70.2015,59.874,60.0,121.0,137.0,89.77,Moderate Risk
7.4,0,1,92.67,155.04,132.9,79.35,102.5865,155.04,151.0,102.0,134.0,4.12,Moderate Risk
7.4,0,2,94.14,149.35,132.71,80.955,94.2735,149.3535,147.0,106.0,131.0,2.45,Moderate Risk
7.4,0,3,92.76,148.77,130.56,80.25,96.00750000000001,148.767,146.0,105.0,132.0,2.24,Moderate Risk
7.4,0,4,92.15,148.08,135.24,83.115,96.31349999999999,148.0785,146.0,107.0,129.0,4.69,Moderate Risk
7.4,1,1,73.79,113.27,103.97,82.93,88.86749999999999,113.271,114.0,111.0,129.0,34.84,Moderate Risk
7.4,1,2,78.77,119.73,102.1,77.09,87.2355,119.7225,119.0,110.0,133.0,29.63,Moderate Risk
7.4,1,3,71.21,118.0,99.08,77.87,101.1075,118.014,117.0,108.0,133.0,31.27,Moderate Risk
7.4,1,4,76.4,118.88,97.77,75.09,91.1115,118.881,118.0,108.0,135.0,30.41,Moderate Risk
7.4,2,1,71.8,106.65,85.11,71.46,83.33399999999999,106.641,106.0,111.0,136.0,42.77,Moderate Risk
7.4,2,2,64.58,108.11,89.81,77.39,102.663,108.11999999999999,107.0,108.0,134.0,41.24,Moderate Risk
7.4,2,3,68.53,104.51,84.29,73.145,87.7965,104.499,104.0,110.0,135.0,44.51,Moderate Risk
7.4,2,4,67.84,105.44,87.56,75.73,90.93299999999999,105.4425,105.0,110.0,134.0,43.46,Moderate Risk
7.4,5,1,62.83,84.88,75.16,76.775,66.249,84.8895,86.0,117.0,131.0,63.36,Moderate Risk
7.4,5,2,63.63,90.53,74.17,71.765,75.7605,90.52499999999999,91.0,114.0,134.0,57.91,Moderate Risk
7.4,5,3,63.59,86.53,72.49,71.64,67.6005,86.5215,88.0,116.0,133.0,61.2,Moderate Risk
7.4,5,4,62.49,88.76,73.02,72.03,75.47999999999999,88.7655,89.0,114.0,134.0,59.87,Moderate Risk
7.4,10,1,56.68,76.0,60.1,65.32,64.8465,76.01549999999999,77.0,117.0,135.0,72.24,Moderate Risk
7.4,10,2,54.97,76.2,59.89,66.95,71.043,76.194,77.0,116.0,135.0,72.07,Moderate Risk
7.4,10,3,58.6,75.09,65.92,73.315,56.0235,75.0975,77.0,119.0,132.0,72.57,Moderate Risk
7.4,10,4,60.91,73.09,64.22,68.15,42.5085,73.083,76.0,121.0,132.0,73.98,Moderate Risk
7.4,15,1,54.9,68.59,59.39,69.825,50.898,68.595,70.0,120.0,132.0,79.62,Moderate Risk
7.4,15,2,58.97,74.18,57.18,56.83,58.446,74.1795,76.0,118.0,136.0,73.46,Moderate Risk
7.4,15,3,58.59,73.84,56.27,56.03,60.69,73.84800000000001,75.0,118.0,136.0,74.44,Moderate Risk
7.4,15,4,54.17,76.0,61.67,70.31,73.2615,75.99,77.0,116.0,134.0,72.03,Moderate Risk
7.4,30,1,55.9,68.64,56.14,60.575,47.327999999999996,68.646,70.0,120.0,134.0,79.65,Moderate Risk
7.4,30,2,50.58,64.08,53.28,65.995,53.7285,64.0815,65.0,120.0,133.0,84.53,Moderate Risk
7.4,30,3,50.77,68.09,51.46,61.195,64.8465,68.08500000000001,69.0,117.0,136.0,80.16,Moderate Risk
7.4,30,4,54.32,65.04,54.87,61.535,41.9985,65.0505,67.0,120.0,133.0,82.57,Moderate Risk
7.4,45,1,52.89,65.99,51.95,57.975,54.263999999999996,65.994,66.0,120.0,135.0,83.6,Moderate Risk
7.4,45,2,53.87,64.68,52.73,57.13,47.0985,64.66799999999999,66.0,120.0,134.0,83.57,Moderate Risk
7.4,45,3,51.94,67.96,50.45,57.445,65.688,67.95750000000001,68.0,118.0,136.0,81.31,Moderate Risk
7.4,45,4,54.47,65.13,50.17,51.39,58.548,65.12700000000001,67.0,120.0,136.0,82.66,Moderate Risk
7.4,60,1,50.66,60.39,52.57,65.865,41.0805,60.384,62.0,122.0,132.0,87.86,Moderate Risk
7.4,60,2,54.26,63.18,51.23,52.385,48.246,63.189,65.0,121.0,134.0,84.75,Moderate Risk
7.4,60,3,52.09,63.2,50.31,55.86,52.019999999999996,63.189,65.0,121.0,135.0,84.78,Moderate Risk
7.4,60,4,51.53,61.6,50.99,58.495,43.911,61.608000000000004,63.0,122.0,134.0,86.91,Moderate Risk
7.4,90,1,49.31,60.16,46.15,53.24,59.338499999999996,60.1545,61.0,121.0,135.0,88.7,Moderate Risk
7.4,90,2,48.37,60.21,48.64,60.675,50.1075,60.2055,61.0,120.0,134.0,88.48,Moderate Risk
7.4,90,3,49.82,60.81,49.29,58.61,48.3225,60.817499999999995,61.0,121.0,133.0,88.65,Moderate Risk
7.4,90,4,51.68,60.83,49.34,53.885,48.169500000000006,60.817499999999995,62.0,122.0,134.0,87.89,Moderate Risk
7.4,120,1,50.15,62.76,48.35,56.265,58.548,62.755500000000005,63.0,120.0,135.0,86.54,Moderate Risk
7.4,120,2,48.14,61.65,47.79,59.245,57.298500000000004,61.6335,62.0,119.0,135.0,87.35,Moderate Risk
7.4,120,3,49.04,61.86,40.47,47.98,88.179,61.863,61.0,119.0,139.0,88.56,Moderate Risk
7.4,120,4,50.3,58.59,43.84,46.87,64.1835,58.599000000000004,59.0,121.0,136.0,90.7,Moderate Risk
7.4,180,1,49.99,58.35,45.98,50.275,54.0345,58.344,59.0,121.0,135.0,90.66,Moderate Risk
7.4,180,2,46.91,58.71,46.3,58.525,53.881499999999996,58.70099999999999,58.0,120.0,134.0,91.43,Moderate Risk
7.4,180,3,48.23,60.95,45.5,54.7,64.66799999999999,60.945,61.0,120.0,135.0,88.51,Moderate Risk
7.4,180,4,51.45,56.74,46.08,44.88,47.888999999999996,56.737500000000004,58.0,124.0,133.0,92.2,Moderate Risk
7.4,240,1,51.53,59.92,47.86,50.865,51.357,59.925,61.0,122.0,134.0,88.87,Moderate Risk
7.4,240,2,53.13,58.64,45.92,43.005,55.335,58.650000000000006,60.0,123.0,135.0,90.08,Moderate Risk
7.4,240,3,50.34,59.47,49.41,57.225,43.146,59.466,61.0,122.0,133.0,88.85,Moderate Risk
7.4,240,4,49.31,58.84,48.06,56.52,46.716,58.854,59.0,122.0,133.0,90.81,Moderate Risk
7.4,300,1,49.25,61.24,44.51,51.485,69.666,61.251,62.0,119.0,137.0,87.44,Moderate Risk
7.4,300,2,46.79,59.05,46.18,58.56,55.589999999999996,59.058,60.0,119.0,134.0,89.29,Moderate Risk
7.4,300,3,48.81,55.73,44.8,48.97,50.0055,55.7175,56.0,122.0,134.0,93.77,Moderate Risk
7.4,300,4,47.11,57.67,46.57,58.53,49.113,57.681000000000004,58.0,121.0,133.0,91.6,Moderate Risk
7.4,360,1,50.89,57.08,45.82,46.505,50.285999999999994,57.0945,58.0,123.0,134.0,92.01,Moderate Risk
7.4,360,2,48.17,56.29,44.48,50.625,53.5245,56.304,57.0,122.0,135.0,92.81,Moderate Risk
7.4,360,3,52.87,57.64,43.38,40.035,63.087,57.63,59.0,123.0,136.0,91.09,Moderate Risk
7.4,360,4,48.59,58.82,44.73,51.775,61.098,58.8285,59.0,120.0,135.0,90.48,Moderate Risk
7.4,480,1,48.07,54.75,44.76,50.08,46.5375,54.7485,55.0,123.0,133.0,94.93,Moderate Risk
7.4,480,2,47.34,57.27,43.74,52.02,60.231,57.272999999999996,58.0,121.0,135.0,91.64,Moderate Risk
7.4,480,3,46.45,55.67,45.83,58.12,45.0585,55.6665,56.0,122.0,133.0,93.75,Moderate Risk
7.4,480,4,48.8,59.38,45.54,52.935,59.4405,59.3895,60.0,121.0,135.0,89.68,Moderate Risk
7.5,0,1,93.75,149.41,131.09,80.125,95.01299999999999,149.40449999999998,147.0,105.0,132.0,1.41,Moderate Risk
7.5,0,2,89.97,152.75,130.98,79.6,104.80499999999999,152.745,149.0,102.0,133.0,2.45,Moderate Risk
7.5,0,3,92.21,149.39,135.63,82.78,97.61399999999999,149.379,147.0,106.0,129.0,3.74,Moderate Risk
7.5,0,4,89.73,151.91,134.82,81.755,104.3715,151.9035,148.0,104.0,131.0,1.0,Moderate Risk
7.5,1,1,74.65,114.4,104.13,82.255,88.587,114.393,115.0,112.0,129.0,34.09,Moderate Risk
7.5,1,2,77.83,114.76,100.31,78.255,82.059,114.75,115.0,112.0,132.0,33.96,Moderate Risk
7.5,1,3,75.13,115.74,101.12,79.2,89.4795,115.7445,115.0,110.0,131.0,33.56,Moderate Risk
7.5,1,4,75.59,114.17,102.5,80.925,86.16449999999999,114.1635,115.0,112.0,130.0,34.01,Moderate Risk
7.5,2,1,72.07,107.53,85.16,71.075,84.09899999999999,107.5335,107.0,110.0,136.0,41.63,Moderate Risk
7.5,2,2,70.65,106.16,88.51,75.095,85.2975,106.1565,106.0,111.0,134.0,42.63,Moderate Risk
7.5,2,3,71.57,105.43,87.91,74.485,81.90599999999999,105.417,106.0,112.0,134.0,42.8,Moderate Risk
7.5,2,4,70.54,102.78,88.24,76.47,79.9935,102.79050000000001,103.0,113.0,132.0,45.89,Moderate Risk
7.5,5,1,62.01,85.07,71.79,72.735,69.1305,85.068,86.0,116.0,133.0,63.16,Moderate Risk
7.5,5,2,61.57,85.98,76.08,77.83,72.3945,85.986,87.0,117.0,130.0,62.4,Moderate Risk
7.5,5,3,59.98,83.88,72.16,75.29,72.6495,83.89500000000001,84.0,116.0,131.0,65.12,Moderate Risk
7.5,5,4,61.89,87.42,69.05,68.415,74.4855,87.414,88.0,114.0,135.0,60.9,Moderate Risk
7.5,10,1,60.5,77.58,59.44,58.245,59.6445,77.5965,79.0,117.0,136.0,70.33,Moderate Risk
7.5,10,2,55.19,73.21,62.78,72.645,62.755500000000005,73.21050000000001,75.0,118.0,132.0,74.33,Moderate Risk
7.5,10,3,59.33,75.18,62.28,65.575,53.7285,75.174,77.0,118.0,134.0,72.39,Moderate Risk
7.5,10,4,60.54,75.37,62.45,63.865,50.158500000000004,75.378,77.0,119.0,134.0,72.59,Moderate Risk
7.5,15,1,51.15,69.45,59.32,73.4,67.19250000000001,69.46199999999999,70.0,119.0,132.0,79.43,Moderate Risk
7.5,15,2,57.44,74.73,60.04,64.515,58.981500000000004,74.74050000000001,76.0,118.0,134.0,73.38,Moderate Risk
7.5,15,3,57.6,71.45,58.77,62.54,49.4445,71.45100000000001,73.0,119.0,134.0,76.51,Moderate Risk
7.5,15,4,54.09,72.66,57.81,66.01,65.178,72.6495,73.0,117.0,135.0,76.18,Moderate Risk
7.5,30,1,51.39,68.24,54.15,64.915,62.985,68.238,69.0,118.0,134.0,80.26,Moderate Risk
7.5,30,2,53.57,65.36,52.63,57.8,49.648500000000006,65.3565,67.0,120.0,135.0,82.62,Moderate Risk
7.5,30,3,51.91,66.91,50.54,57.495,62.373000000000005,66.912,67.0,118.0,136.0,82.3,Moderate Risk
7.5,30,4,53.99,65.42,54.66,61.775,44.5485,65.4075,67.0,121.0,133.0,82.77,Moderate Risk
7.5,45,1,51.33,61.42,51.58,60.73,41.871,61.4295,63.0,122.0,133.0,86.89,Moderate Risk
7.5,45,2,52.14,64.06,53.52,63.47,47.43,64.056,66.0,121.0,133.0,83.75,Moderate Risk
7.5,45,3,48.47,63.4,48.05,59.18,61.7355,63.392999999999994,63.0,118.0,135.0,86.2,Moderate Risk
7.5,45,4,49.33,61.53,47.71,56.485,57.272999999999996,61.531499999999994,62.0,120.0,135.0,87.53,Moderate Risk
7.5,60,1,56.91,62.15,49.29,42.23,52.7595,62.1435,65.0,123.0,135.0,85.2,Moderate Risk
7.5,60,2,54.57,59.36,47.98,42.635,48.883500000000005,59.364000000000004,61.0,123.0,135.0,89.1,Moderate Risk
7.5,60,3,51.24,63.01,50.82,58.96,49.3425,63.01049999999999,64.0,121.0,134.0,85.73,Moderate Risk
7.5,60,4,51.86,63.91,51.92,60.14,48.092999999999996,63.903,65.0,120.0,134.0,84.55,Moderate Risk
7.5,90,1,51.76,58.41,47.8,48.8,46.3335,58.4205,60.0,123.0,134.0,90.05,Moderate Risk
7.5,90,2,50.88,58.5,48.52,52.91,43.503,58.497,60.0,122.0,133.0,89.83,Moderate Risk
7.5,90,3,49.81,62.11,48.99,58.115,53.881499999999996,62.118,63.0,120.0,135.0,86.54,Moderate Risk
7.5,90,4,51.87,63.12,47.04,50.98,64.9485,63.1125,64.0,120.0,136.0,85.6,Moderate Risk
7.5,120,1,51.64,64.76,46.94,52.085,70.176,64.77,65.0,119.0,137.0,84.49,Moderate Risk
7.5,120,2,50.82,60.45,47.82,52.89,53.2695,60.4605,61.0,121.0,135.0,88.7,Moderate Risk
7.5,120,3,50.0,60.98,48.44,56.275,52.402499999999996,60.9705,61.0,121.0,134.0,88.67,Moderate Risk
7.5,120,4,50.21,59.37,52.05,66.04,39.3465,59.364000000000004,61.0,122.0,131.0,88.85,Moderate Risk
7.5,180,1,48.45,61.43,45.45,54.365,66.351,61.4295,62.0,119.0,136.0,87.39,Moderate Risk
7.5,180,2,47.86,60.82,44.34,53.59,69.105,60.817499999999995,61.0,118.0,136.0,88.21,Moderate Risk
7.5,180,3,48.61,57.85,48.29,58.975,42.1515,57.8595,58.0,123.0,132.0,91.98,Moderate Risk
7.5,180,4,52.54,58.31,50.04,50.955,36.159,58.31849999999999,60.0,124.0,132.0,90.24,Moderate Risk
7.5,240,1,48.58,56.74,43.39,48.34,60.0015,56.737500000000004,57.0,122.0,135.0,92.81,Moderate Risk
7.5,240,2,47.21,60.59,46.28,58.05,60.231,60.588,61.0,119.0,135.0,88.33,Moderate Risk
7.5,240,3,50.96,56.2,44.1,42.995,54.927,56.202000000000005,58.0,123.0,135.0,92.03,Moderate Risk
7.5,240,4,50.96,57.71,44.92,45.85,56.507999999999996,57.7065,58.0,122.0,135.0,91.83,Moderate Risk
7.5,300,1,51.82,58.53,43.22,43.14,66.708,58.5225,59.0,122.0,136.0,90.89,Moderate Risk
7.5,300,2,48.7,60.9,44.33,52.085,69.36,60.894000000000005,61.0,119.0,136.0,88.37,Moderate Risk
7.5,300,3,47.39,57.9,44.35,53.285,59.67,57.9105,58.0,121.0,135.0,91.64,Moderate Risk
7.5,300,4,45.93,55.93,45.17,57.89,49.011,55.9215,56.0,122.0,133.0,93.75,Moderate Risk
7.5,360,1,51.5,57.9,45.41,45.385,55.0035,57.9105,59.0,123.0,135.0,91.05,Moderate Risk
7.5,360,2,52.73,58.17,47.64,45.49,46.1805,58.1655,60.0,123.0,134.0,90.05,Moderate Risk
7.5,360,3,47.51,57.45,46.8,58.0,47.277,57.4515,58.0,121.0,133.0,91.6,Moderate Risk
7.5,360,4,47.01,58.02,47.17,60.425,48.3735,58.0125,59.0,121.0,133.0,90.61,Moderate Risk
7.5,480,1,49.7,60.19,44.46,50.005,66.63149999999999,60.18,61.0,120.0,136.0,88.55,Moderate Risk
7.5,480,2,48.81,58.14,42.09,47.435,70.4055,58.14,59.0,120.0,137.0,90.56,Moderate Risk
7.5,480,3,44.78,56.53,45.59,62.07,52.989000000000004,56.533500000000004,57.0,120.0,133.0,92.4,Moderate Risk
7.5,480,4,49.35,56.47,47.46,53.71,40.6725,56.457,58.0,123.0,133.0,91.99,Moderate Risk
7.6,0,1,92.82,149.01,132.86,81.38,96.1605,148.9965,147.0,105.0,131.0,1.73,Moderate Risk
7.6,0,2,93.22,153.5,131.6,79.1,100.1385,153.51,150.0,103.0,133.0,2.45,Moderate Risk
7.6,0,3,90.06,148.67,130.76,80.835,100.521,148.665,146.0,105.0,132.0,2.24,Moderate Risk
7.6,0,4,91.46,151.72,134.43,81.39,101.286,151.725,148.0,104.0,131.0,1.0,Moderate Risk
7.6,1,1,75.48,115.13,99.47,78.15,87.822,115.13250000000001,115.0,110.0,132.0,33.54,Moderate Risk
7.6,1,2,77.72,117.63,99.76,76.57,86.5215,117.6315,117.0,110.0,133.0,31.59,Moderate Risk
7.6,1,3,77.12,117.08,100.72,77.72,87.0315,117.0705,117.0,110.0,133.0,31.59,Moderate Risk
7.6,1,4,76.3,119.07,101.79,77.88,91.596,119.0595,119.0,109.0,133.0,29.44,Moderate Risk
7.6,2,1,67.44,105.89,86.01,74.49,92.59049999999999,105.9015,105.0,110.0,134.0,43.46,Moderate Risk
7.6,2,2,72.23,106.58,87.45,73.29,82.161,106.58999999999999,107.0,111.0,135.0,41.7,Moderate Risk
7.6,2,3,71.59,102.19,86.21,74.33,76.347,102.204,103.0,113.0,133.0,45.9,Moderate Risk
7.6,2,4,65.09,102.96,85.77,76.385,93.789,102.969,102.0,111.0,133.0,46.54,Moderate Risk
7.6,5,1,59.14,87.68,72.08,73.6,82.977,87.669,88.0,114.0,133.0,60.84,Moderate Risk
7.6,5,2,64.73,85.28,71.33,69.645,61.455,85.27199999999999,87.0,117.0,133.0,62.38,Moderate Risk
7.6,5,3,63.54,86.93,72.84,71.925,68.595,86.92949999999999,88.0,116.0,133.0,61.2,Moderate Risk
7.6,5,4,62.62,85.6,72.05,72.32,68.4675,85.6035,87.0,116.0,133.0,62.18,Moderate Risk
7.6,10,1,60.81,78.58,65.91,68.61,57.681000000000004,78.591,80.0,118.0,133.0,69.43,Moderate Risk
7.6,10,2,60.89,78.21,60.84,59.905,56.6355,78.20849999999999,80.0,117.0,136.0,69.35,Moderate Risk
7.6,10,3,57.04,74.09,63.35,71.1,58.6755,74.0775,76.0,119.0,132.0,73.55,Moderate Risk
7.6,10,4,56.08,79.56,63.91,70.005,75.25049999999999,79.56,80.0,115.0,135.0,68.95,Moderate Risk
7.6,15,1,54.74,70.66,61.12,72.02,57.4515,70.6605,72.0,120.0,131.0,77.67,Moderate Risk
7.6,15,2,56.27,70.76,59.04,65.74,52.224000000000004,70.7625,72.0,120.0,133.0,77.67,Moderate Risk
7.6,15,3,56.51,71.82,54.92,57.18,60.0015,71.8335,73.0,118.0,136.0,76.4,Moderate Risk
7.6,15,4,59.61,72.42,59.31,59.305,46.155,72.41999999999999,74.0,120.0,134.0,75.74,Moderate Risk
7.6,30,1,52.8,67.72,53.82,62.065,56.202000000000005,67.728,68.0,118.0,134.0,81.24,Moderate Risk
7.6,30,2,52.63,63.81,47.39,50.43,65.61149999999999,63.800999999999995,64.0,120.0,136.0,85.6,Moderate Risk
7.6,30,3,52.91,62.87,54.71,65.41,40.392,62.8575,64.0,122.0,132.0,85.91,Moderate Risk
7.6,30,4,51.49,67.82,53.63,63.925,61.3785,67.83,68.0,118.0,134.0,81.24,Moderate Risk
7.6,45,1,49.16,63.99,48.63,58.98,61.199999999999996,63.9795,64.0,119.0,135.0,85.38,Moderate Risk
7.6,45,2,50.12,61.16,51.14,62.79,46.027499999999996,61.149,63.0,121.0,133.0,86.69,Moderate Risk
7.6,45,3,49.77,62.23,51.49,64.145,51.050999999999995,62.22,63.0,120.0,133.0,86.5,Moderate Risk
7.6,45,4,52.12,63.65,53.48,63.53,46.1805,63.647999999999996,65.0,121.0,132.0,84.72,Moderate Risk
7.6,60,1,49.94,61.93,49.78,59.615,50.0055,61.9395,62.0,120.0,134.0,87.5,Moderate Risk
7.6,60,2,51.4,62.19,46.28,50.335,65.22900000000001,62.194500000000005,63.0,120.0,136.0,86.59,Moderate Risk
7.6,60,3,54.08,60.03,51.48,50.87,36.286500000000004,60.027,63.0,123.0,133.0,87.1,Moderate Risk
7.6,60,4,49.9,60.49,52.05,66.105,44.6505,60.486,61.0,122.0,131.0,88.85,Moderate Risk
7.6,90,1,49.24,66.86,46.76,56.305,76.65299999999999,66.86099999999999,66.0,117.0,138.0,83.24,Moderate Risk
7.6,90,2,47.64,62.55,50.09,64.945,60.792,62.5515,63.0,119.0,134.0,86.34,Moderate Risk
7.6,90,3,49.51,59.33,45.76,51.715,58.293,59.338499999999996,60.0,121.0,135.0,89.68,Moderate Risk
7.6,90,4,49.38,63.85,45.52,53.685,73.21050000000001,63.852000000000004,64.0,118.0,137.0,85.31,Moderate Risk
7.6,120,1,50.22,58.42,44.42,47.57,61.149,58.4205,59.0,121.0,136.0,90.7,Moderate Risk
7.6,120,2,49.32,58.41,49.66,61.11,39.678,58.395,59.0,123.0,132.0,91.01,Moderate Risk
7.6,120,3,52.38,60.23,49.76,52.505,44.3445,60.231,62.0,122.0,134.0,87.89,Moderate Risk
7.6,120,4,43.95,58.84,47.39,66.925,64.515,58.854,58.0,120.0,133.0,91.42,Moderate Risk
7.6,180,1,52.47,60.3,46.66,47.225,57.7065,60.3075,62.0,122.0,136.0,87.95,Moderate Risk
7.6,180,2,48.34,56.3,46.31,53.925,45.237,56.304,58.0,122.0,133.0,91.79,Moderate Risk
7.6,180,3,47.89,59.72,44.15,52.8,66.50399999999999,59.721,60.0,119.0,136.0,89.36,Moderate Risk
7.6,180,4,51.62,57.34,44.41,43.285,57.528,57.3495,58.0,123.0,135.0,92.03,Moderate Risk
7.6,240,1,50.11,57.05,47.65,52.145,42.024,57.0435,58.0,123.0,133.0,91.99,Moderate Risk
7.6,240,2,47.82,54.48,48.18,61.59,31.161,54.4935,55.0,124.0,131.0,95.13,Moderate Risk
7.6,240,3,52.27,59.24,45.36,45.065,59.772,59.2365,61.0,122.0,135.0,88.89,Moderate Risk
7.6,240,4,48.89,61.99,46.57,55.475,63.443999999999996,61.990500000000004,62.0,119.0,136.0,87.39,Moderate Risk
7.6,300,1,48.36,56.45,44.18,49.785,55.437000000000005,56.457,57.0,122.0,135.0,92.81,Moderate Risk
7.6,300,2,47.2,59.42,46.72,58.87,54.4935,59.415000000000006,60.0,120.0,134.0,89.47,Moderate Risk
7.6,300,3,49.61,59.03,42.6,47.215,70.9665,59.032500000000006,60.0,121.0,137.0,89.77,Moderate Risk
7.6,300,4,53.27,57.35,47.57,42.52,43.503,57.3495,59.0,124.0,134.0,91.24,Moderate Risk
7.6,360,1,50.28,61.95,45.43,51.195,68.0085,61.9395,62.0,120.0,136.0,87.57,Moderate Risk
7.6,360,2,49.01,55.44,46.6,51.83,40.647,55.437000000000005,57.0,123.0,133.0,92.97,Moderate Risk
7.6,360,3,46.32,60.68,46.3,59.955,60.434999999999995,60.69,61.0,119.0,135.0,88.33,Moderate Risk
7.6,360,4,45.79,58.59,42.24,53.49,71.1705,58.599000000000004,58.0,120.0,136.0,91.5,Moderate Risk
7.6,480,1,49.82,63.65,45.01,52.255,74.664,63.647999999999996,64.0,118.0,137.0,85.31,Moderate Risk
7.6,480,2,47.44,58.15,49.23,65.015,46.971000000000004,58.14,59.0,121.0,132.0,90.61,Moderate Risk
7.6,480,3,50.22,56.98,42.42,43.935,65.178,56.9925,58.0,123.0,136.0,92.07,Moderate Risk
7.6,480,4,46.99,52.62,41.87,45.695,52.0965,52.606500000000004,53.0,123.0,134.0,96.9,Moderate Risk
7.7,0,1,93.47,151.89,131.19,79.37,98.073,151.9035,148.0,104.0,133.0,1.0,Moderate Risk
7.7,0,2,92.88,152.95,130.28,78.675,100.1385,152.949,149.0,103.0,134.0,2.45,Moderate Risk
7.7,0,3,92.48,149.48,131.21,80.385,97.2315,149.48100000000002,147.0,105.0,132.0,1.41,Moderate Risk
7.7,0,4,90.85,152.98,132.29,80.01,103.55550000000001,152.9745,149.0,103.0,132.0,1.41,Moderate Risk
7.7,1,1,80.36,114.07,101.01,78.37,75.35249999999999,114.0615,115.0,113.0,131.0,34.22,Moderate Risk
7.7,1,2,73.77,115.37,101.05,79.675,91.95299999999999,115.36200000000001,115.0,110.0,131.0,33.56,Moderate Risk
7.7,1,3,78.85,115.6,99.13,76.55,81.09,115.5915,116.0,111.0,133.0,32.77,Moderate Risk
7.7,1,4,75.85,114.67,99.14,78.0,86.31750000000001,114.67349999999999,114.0,111.0,132.0,34.71,Moderate Risk
7.7,2,1,68.71,99.54,87.82,78.595,78.97349999999999,99.552,100.0,114.0,131.0,49.04,Moderate Risk
7.7,2,2,72.47,103.94,86.38,73.265,77.214,103.938,104.0,113.0,134.0,44.96,Moderate Risk
7.7,2,3,69.19,105.25,87.27,75.04,87.363,105.264,105.0,111.0,134.0,43.61,Moderate Risk
7.7,2,4,68.99,100.41,88.2,78.335,79.7895,100.419,101.0,114.0,131.0,48.06,Moderate Risk
7.7,5,1,63.25,85.79,74.41,74.85,66.9885,85.782,87.0,117.0,132.0,62.37,Moderate Risk
7.7,5,2,59.66,86.57,73.92,75.9,79.2795,86.5725,87.0,115.0,132.0,61.98,Moderate Risk
7.7,5,3,63.37,88.11,73.47,72.25,71.604,88.10249999999999,89.0,115.0,134.0,60.05,Moderate Risk
7.7,5,4,63.91,84.84,71.66,71.115,62.908500000000004,84.8385,86.0,117.0,133.0,63.36,Moderate Risk
7.7,10,1,57.39,76.27,64.39,71.12,63.138,76.2705,77.0,118.0,133.0,72.37,Moderate Risk
7.7,10,2,59.86,73.73,64.58,70.2,47.9655,73.74600000000001,76.0,120.0,132.0,73.76,Moderate Risk
7.7,10,3,57.99,79.68,60.93,64.07,69.4365,79.6875,80.0,115.0,137.0,69.07,Moderate Risk
7.7,10,4,58.46,75.29,62.13,66.55,57.018,75.3015,77.0,118.0,134.0,72.39,Moderate Risk
7.7,15,1,58.81,72.16,55.47,53.995,58.981500000000004,72.16499999999999,74.0,119.0,136.0,75.61,Moderate Risk
7.7,15,2,52.47,69.37,58.47,70.65,62.1435,69.36,70.0,118.0,132.0,79.25,Moderate Risk
7.7,15,3,55.87,71.11,58.44,65.065,54.672000000000004,71.1195,73.0,119.0,134.0,76.51,Moderate Risk
7.7,15,4,56.86,74.0,58.76,63.325,59.058,74.001,75.0,118.0,135.0,74.39,Moderate Risk
7.7,30,1,51.1,63.51,54.72,68.765,49.8525,63.5205,65.0,121.0,132.0,84.72,Moderate Risk
7.7,30,2,55.23,66.2,53.39,55.705,49.3425,66.198,68.0,120.0,134.0,81.61,Moderate Risk
7.7,30,3,54.39,66.99,52.4,55.9,55.5645,66.9885,68.0,120.0,135.0,81.64,Moderate Risk
7.7,30,4,48.8,66.69,52.37,65.99,68.391,66.6825,66.0,117.0,134.0,83.05,Moderate Risk
7.7,45,1,56.24,63.35,47.45,43.43,64.005,63.342000000000006,65.0,121.0,137.0,84.87,Moderate Risk
7.7,45,2,53.4,63.72,50.67,53.735,52.224000000000004,63.724500000000006,65.0,121.0,135.0,84.78,Moderate Risk
7.7,45,3,49.15,63.24,50.42,62.695,56.814,63.24,64.0,120.0,134.0,85.53,Moderate Risk
7.7,45,4,52.11,63.23,48.27,52.295,60.3075,63.24,64.0,121.0,136.0,85.8,Moderate Risk
7.7,60,1,55.94,61.28,49.3,43.365,49.827,61.276500000000006,63.0,123.0,134.0,87.12,Moderate Risk
7.7,60,2,51.74,60.35,50.29,55.67,42.483,60.333,62.0,122.0,133.0,87.87,Moderate Risk
7.7,60,3,54.77,61.62,51.77,50.865,40.749,61.6335,63.0,123.0,133.0,87.1,Moderate Risk
7.7,60,4,48.58,62.9,49.22,61.345,58.089,62.908500000000004,63.0,120.0,134.0,86.52,Moderate Risk
7.7,90,1,52.22,60.2,49.36,52.07,45.951,60.2055,62.0,122.0,134.0,87.89,Moderate Risk
7.7,90,2,50.15,61.43,49.26,57.81,50.5155,61.4295,62.0,121.0,134.0,87.69,Moderate Risk
7.7,90,3,50.71,61.44,47.12,52.475,59.4405,61.4295,62.0,120.0,135.0,87.53,Moderate Risk
7.7,90,4,49.14,59.93,48.4,58.07,49.0365,59.925,60.0,121.0,133.0,89.63,Moderate Risk
7.7,120,1,49.26,55.8,48.02,55.215,35.572500000000005,55.794,57.0,123.0,132.0,92.96,Moderate Risk
7.7,120,2,51.14,59.97,48.54,53.17,48.602999999999994,59.976,61.0,122.0,134.0,88.87,Moderate Risk
7.7,120,3,47.56,60.15,50.57,67.17,53.371500000000005,60.1545,61.0,120.0,132.0,88.46,Moderate Risk
7.7,120,4,46.04,59.81,46.49,60.98,58.70099999999999,59.7975,60.0,119.0,134.0,89.29,Moderate Risk
7.7,180,1,50.26,57.39,47.89,52.51,42.2025,57.4005,58.0,123.0,133.0,91.99,Moderate Risk
7.7,180,2,48.82,56.54,45.54,51.075,49.623,56.533500000000004,58.0,122.0,134.0,91.8,Moderate Risk
7.7,180,3,49.56,59.73,47.64,55.24,51.612,59.721,60.0,121.0,134.0,89.65,Moderate Risk
7.7,180,4,48.43,56.23,46.26,53.485,45.186,56.2275,58.0,122.0,133.0,91.79,Moderate Risk
7.7,240,1,50.64,60.2,46.18,50.465,59.3895,60.2055,61.0,120.0,135.0,88.51,Moderate Risk
7.7,240,2,47.86,61.94,44.08,53.655,73.491,61.9395,61.0,119.0,137.0,88.43,Moderate Risk
7.7,240,3,50.19,53.7,44.65,41.625,42.9675,53.703,55.0,124.0,133.0,95.13,Moderate Risk
7.7,240,4,47.68,59.41,44.12,53.005,65.61149999999999,59.415000000000006,60.0,119.0,136.0,89.36,Moderate Risk
7.7,300,1,49.93,55.8,45.09,46.44,48.9345,55.794,57.0,123.0,133.0,92.97,Moderate Risk
7.7,300,2,48.09,58.74,44.78,52.875,60.639,58.751999999999995,59.0,120.0,135.0,90.48,Moderate Risk
7.7,300,3,47.45,56.22,46.69,57.605,43.248,56.2275,57.0,122.0,133.0,92.77,Moderate Risk
7.7,300,4,49.63,60.29,42.21,47.685,76.4745,60.282,61.0,119.0,138.0,88.49,Moderate Risk
7.7,360,1,47.86,54.07,47.42,57.985,31.365,54.059999999999995,55.0,123.0,131.0,94.93,Moderate Risk
7.7,360,2,50.52,59.48,43.55,46.88,68.2635,59.466,60.0,121.0,137.0,89.77,Moderate Risk
7.7,360,3,50.66,56.29,47.1,48.38,41.6415,56.304,58.0,123.0,133.0,91.99,Moderate Risk
7.7,360,4,49.53,53.32,44.57,42.995,41.871,53.3205,55.0,124.0,133.0,95.13,Moderate Risk
7.7,480,1,48.08,56.8,46.09,54.4,48.092999999999996,56.7885,58.0,122.0,133.0,91.79,Moderate Risk
7.7,480,2,43.78,58.78,47.95,68.335,65.076,58.7775,58.0,120.0,133.0,91.42,Moderate Risk
7.7,480,3,50.6,57.44,44.45,45.78,57.681000000000004,57.426,58.0,122.0,135.0,91.83,Moderate Risk
7.7,480,4,47.72,58.63,47.32,58.95,49.215,58.6245,59.0,121.0,133.0,90.61,Moderate Risk
7.8,0,1,91.06,150.06,133.35,81.5,100.266,150.0675,147.0,105.0,131.0,1.73,Moderate Risk
7.8,0,2,91.33,147.12,130.97,81.315,96.696,147.135,145.0,105.0,131.0,3.32,Moderate Risk
7.8,0,3,88.86,148.61,128.77,80.04,102.51,148.614,145.0,104.0,132.0,3.0,Moderate Risk
7.8,0,4,91.84,149.71,129.66,79.61,98.583,149.7105,146.0,104.0,133.0,2.24,Moderate Risk
7.8,1,1,77.58,115.21,97.5,75.885,83.3085,115.20899999999999,115.0,110.0,134.0,33.6,Moderate Risk
7.8,1,2,77.07,117.24,103.28,79.575,87.363,117.2235,117.0,111.0,131.0,31.8,Moderate Risk
7.8,1,3,72.68,116.38,101.93,80.08,95.7525,116.38199999999999,116.0,109.0,131.0,32.4,Moderate Risk
7.8,1,4,75.88,115.8,98.81,77.235,87.8985,115.7955,115.0,110.0,133.0,33.56,Moderate Risk
7.8,2,1,67.26,100.98,86.3,76.94,85.1445,100.98,101.0,113.0,132.0,47.85,Moderate Risk
7.8,2,2,67.74,106.16,87.04,75.07,92.2845,106.1565,106.0,109.0,134.0,42.34,Moderate Risk
7.8,2,3,70.97,103.06,84.72,72.855,79.407,103.071,104.0,112.0,135.0,44.82,Moderate Risk
7.8,2,4,69.49,100.96,86.64,76.345,79.48349999999999,100.9545,101.0,113.0,132.0,47.85,Moderate Risk
7.8,5,1,60.76,84.63,72.37,74.595,71.91,84.63449999999999,86.0,116.0,132.0,63.15,Moderate Risk
7.8,5,2,64.14,86.73,72.56,71.185,66.402,86.7255,88.0,116.0,134.0,61.22,Moderate Risk
7.8,5,3,61.71,83.51,70.57,72.19,66.555,83.5125,85.0,116.0,133.0,64.14,Moderate Risk
7.8,5,4,61.97,90.69,70.84,69.26,80.7585,90.7035,91.0,112.0,136.0,57.7,Moderate Risk
7.8,10,1,57.66,77.72,58.07,60.61,65.841,77.724,78.0,116.0,137.0,71.2,Moderate Risk
7.8,10,2,56.93,73.15,60.74,67.04,56.533500000000004,73.1595,75.0,118.0,134.0,74.36,Moderate Risk
7.8,10,3,56.14,73.7,62.15,70.28,60.7665,73.695,75.0,118.0,133.0,74.34,Moderate Risk
7.8,10,4,57.95,76.55,62.61,67.515,61.964999999999996,76.551,77.0,117.0,134.0,72.21,Moderate Risk
7.8,15,1,55.6,71.95,56.1,60.905,57.936,71.9355,73.0,118.0,135.0,76.35,Moderate Risk
7.8,15,2,53.95,71.11,54.7,61.3,61.506,71.094,72.0,117.0,136.0,77.21,Moderate Risk
7.8,15,3,57.17,68.86,55.46,56.175,49.597500000000004,68.85000000000001,70.0,120.0,135.0,79.68,Moderate Risk
7.8,15,4,54.42,71.74,58.04,66.27,61.582499999999996,71.7315,72.0,118.0,134.0,77.3,Moderate Risk
7.8,30,1,52.43,66.6,54.53,64.45,54.2385,66.606,68.0,119.0,134.0,81.42,Moderate Risk
7.8,30,2,51.99,63.83,52.33,60.865,47.3025,63.8265,65.0,121.0,133.0,84.73,Moderate Risk
7.8,30,3,54.9,64.32,49.4,48.935,59.160000000000004,64.31099999999999,66.0,120.0,136.0,83.64,Moderate Risk
7.8,30,4,51.89,62.19,52.96,63.115,42.228,62.194500000000005,64.0,121.0,133.0,85.71,Moderate Risk
7.8,45,1,52.19,61.68,50.14,54.67,47.710499999999996,61.6845,63.0,121.0,134.0,86.71,Moderate Risk
7.8,45,2,50.91,59.95,52.18,64.19,38.4285,59.9505,61.0,122.0,131.0,88.85,Moderate Risk
7.8,45,3,52.69,65.33,51.89,58.22,52.4535,65.33099999999999,66.0,120.0,135.0,83.6,Moderate Risk
7.8,45,4,51.44,60.63,51.37,59.795,38.913000000000004,60.6135,62.0,122.0,132.0,87.86,Moderate Risk
7.8,60,1,49.53,60.81,47.66,55.74,55.131,60.817499999999995,61.0,121.0,134.0,88.67,Moderate Risk
7.8,60,2,49.94,62.21,49.79,59.635,50.8725,62.194500000000005,63.0,120.0,134.0,86.52,Moderate Risk
7.8,60,3,53.67,63.36,47.16,47.935,65.20349999999999,63.3675,65.0,121.0,136.0,84.82,Moderate Risk
7.8,60,4,47.89,60.7,45.55,55.36,63.647999999999996,60.7155,61.0,119.0,135.0,88.33,Moderate Risk
7.8,90,1,51.78,61.33,49.37,53.94,49.725,61.3275,63.0,121.0,134.0,86.71,Moderate Risk
7.8,90,2,53.99,53.51,44.67,28.455,44.0385,53.9835,56.0,126.0,134.0,94.62,Moderate Risk
7.8,90,3,50.39,60.85,51.24,62.445,43.8345,60.843,62.0,122.0,132.0,87.86,Moderate Risk
7.8,90,4,53.37,64.65,48.53,50.985,63.597,64.6425,66.0,120.0,137.0,83.7,Moderate Risk
7.8,120,1,49.69,63.84,45.34,52.945,73.899,63.852000000000004,64.0,118.0,137.0,85.31,Moderate Risk
7.8,120,2,47.92,60.11,43.81,52.43,69.105,60.1035,61.0,118.0,137.0,88.26,Moderate Risk
7.8,120,3,52.82,60.76,49.08,50.405,48.985499999999995,60.7665,62.0,122.0,134.0,87.89,Moderate Risk
7.8,120,4,45.4,57.04,47.46,65.295,52.045500000000004,57.0435,58.0,121.0,132.0,91.59,Moderate Risk
7.8,180,1,51.99,59.38,47.06,47.99,52.938,59.3895,61.0,122.0,134.0,88.87,Moderate Risk
7.8,180,2,53.89,55.89,47.12,36.835,40.0095,55.896,58.0,126.0,133.0,92.66,Moderate Risk
7.8,180,3,45.98,58.59,47.39,63.355,54.9015,58.599000000000004,58.0,120.0,133.0,91.42,Moderate Risk
7.8,180,4,47.02,56.85,49.66,68.06,44.064,56.839499999999994,58.0,123.0,131.0,91.99,Moderate Risk
7.8,240,1,46.6,59.88,47.4,61.805,56.559,59.874,60.0,120.0,134.0,89.47,Moderate Risk
7.8,240,2,47.73,56.01,44.85,52.265,50.8215,56.0235,57.0,121.0,135.0,92.62,Moderate Risk
7.8,240,3,48.89,58.34,46.49,53.94,51.7905,58.344,59.0,121.0,134.0,90.63,Moderate Risk
7.8,240,4,47.11,56.76,47.02,59.7,43.7835,56.763,57.0,123.0,132.0,92.96,Moderate Risk
7.8,300,1,50.16,56.94,46.79,50.06,45.466499999999996,56.9415,58.0,123.0,133.0,91.99,Moderate Risk
7.8,300,2,48.67,59.13,47.14,56.17,51.714,59.134499999999996,60.0,121.0,134.0,89.65,Moderate Risk
7.8,300,3,45.88,55.54,44.31,55.79,51.5865,55.539,56.0,121.0,134.0,93.58,Moderate Risk
7.8,300,4,48.8,61.62,46.09,54.78,64.26,61.608000000000004,62.0,119.0,136.0,87.39,Moderate Risk
7.8,360,1,47.35,55.18,45.45,54.155,44.956500000000005,55.182,56.0,122.0,133.0,93.75,Moderate Risk
7.8,360,2,49.68,59.37,45.61,51.12,59.109,59.364000000000004,60.0,121.0,135.0,89.68,Moderate Risk
7.8,360,3,48.8,57.8,41.05,46.12,73.899,57.8085,58.0,121.0,137.0,91.73,Moderate Risk
7.8,360,4,47.66,56.99,43.65,50.99,59.6955,56.9925,57.0,121.0,135.0,92.62,Moderate Risk
7.8,480,1,45.56,55.68,47.18,64.805,46.358999999999995,55.692,56.0,122.0,132.0,93.74,Moderate Risk
7.8,480,2,48.2,60.18,43.26,51.24,71.706,60.18,61.0,119.0,137.0,88.43,Moderate Risk
7.8,480,3,49.67,56.75,45.39,48.695,51.0765,56.737500000000004,58.0,123.0,134.0,92.01,Moderate Risk
7.8,480,4,46.16,57.7,43.56,54.49,62.475,57.7065,58.0,120.0,135.0,91.46,Moderate Risk
7.9,0,1,93.82,153.03,135.66,81.2,98.65950000000001,153.0255,150.0,104.0,131.0,2.24,Moderate Risk
7.9,0,2,93.58,150.88,130.55,79.35,96.849,150.8835,147.0,105.0,133.0,1.73,Moderate Risk
7.9,0,3,90.97,149.12,132.9,81.63,99.45,149.124,147.0,105.0,131.0,1.73,Moderate Risk
7.9,0,4,91.31,150.52,128.84,79.015,100.31700000000001,150.5265,147.0,103.0,134.0,2.45,Moderate Risk
7.9,1,1,75.57,114.31,99.43,78.48,86.4195,114.31649999999999,114.0,111.0,132.0,34.71,Moderate Risk
7.9,1,2,75.2,113.68,98.94,78.505,86.31750000000001,113.67899999999999,114.0,111.0,132.0,34.71,Moderate Risk
7.9,1,3,74.96,118.73,98.85,76.37,93.993,118.72800000000001,117.0,108.0,134.0,31.32,Moderate Risk
7.9,1,4,71.59,114.17,96.83,77.785,95.115,114.1635,114.0,109.0,133.0,34.38,Moderate Risk
7.9,2,1,67.62,96.16,83.91,77.125,75.684,96.1605,97.0,114.0,132.0,51.97,Moderate Risk
7.9,2,2,70.63,102.39,82.78,71.47,79.101,102.38250000000001,103.0,112.0,136.0,45.88,Moderate Risk
7.9,2,3,70.19,101.33,86.62,75.83,78.3615,101.33699999999999,102.0,113.0,133.0,46.88,Moderate Risk
7.9,2,4,73.68,96.78,86.38,76.495,60.8685,96.77250000000001,99.0,117.0,131.0,50.71,Moderate Risk
7.9,5,1,64.67,84.98,72.61,71.735,60.945,84.966,86.0,118.0,132.0,63.56,Moderate Risk
7.9,5,2,58.26,83.78,70.59,74.5,77.69850000000001,83.793,84.0,115.0,132.0,64.94,Moderate Risk
7.9,5,3,59.35,84.5,73.09,76.385,75.9135,84.50699999999999,85.0,116.0,131.0,64.14,Moderate Risk
7.9,5,4,61.83,84.25,69.91,70.815,67.8555,84.25200000000001,85.0,116.0,134.0,64.16,Moderate Risk
7.9,10,1,51.69,72.1,61.08,73.8,72.21600000000001,72.114,73.0,117.0,132.0,76.12,Moderate Risk
7.9,10,2,55.87,73.2,59.49,66.255,60.3585,73.21050000000001,74.0,118.0,134.0,75.34,Moderate Risk
7.9,10,3,56.56,72.54,60.69,67.755,56.1765,72.5475,74.0,119.0,133.0,75.51,Moderate Risk
7.9,10,4,53.23,75.1,61.71,71.63,74.256,75.0975,76.0,116.0,134.0,73.02,Moderate Risk
7.9,15,1,54.89,75.54,57.09,63.19,69.717,75.531,76.0,115.0,136.0,72.95,Moderate Risk
7.9,15,2,53.18,72.02,56.0,64.495,66.708,72.012,73.0,117.0,135.0,76.18,Moderate Risk
7.9,15,3,55.15,68.96,58.84,68.01,51.050999999999995,68.952,70.0,121.0,132.0,79.83,Moderate Risk
7.9,15,4,58.39,67.0,57.79,58.025,35.0625,66.9885,69.0,122.0,133.0,81.03,Moderate Risk
7.9,30,1,54.97,67.16,52.15,54.365,56.9925,67.167,69.0,119.0,135.0,80.47,Moderate Risk
7.9,30,2,53.76,64.04,51.94,55.5,48.169500000000006,64.0305,66.0,120.0,135.0,83.6,Moderate Risk
7.9,30,3,48.87,63.29,50.21,62.795,58.1145,63.291000000000004,64.0,118.0,134.0,85.18,Moderate Risk
7.9,30,4,50.61,67.96,48.88,57.275,71.604,67.95750000000001,68.0,117.0,137.0,81.2,Moderate Risk
7.9,45,1,55.42,63.12,47.63,44.915,62.577000000000005,63.1125,65.0,121.0,137.0,84.87,Moderate Risk
7.9,45,2,56.02,64.01,48.41,45.365,62.1435,64.005,66.0,121.0,137.0,83.89,Moderate Risk
7.9,45,3,50.3,64.07,52.03,63.77,54.7995,64.0815,65.0,119.0,133.0,84.35,Moderate Risk
7.9,45,4,51.8,62.39,53.2,63.96,43.2735,62.3985,64.0,121.0,132.0,85.7,Moderate Risk
7.9,60,1,49.05,64.28,52.22,66.24,60.434999999999995,64.2855,65.0,119.0,133.0,84.35,Moderate Risk
7.9,60,2,50.03,59.59,46.4,51.74,56.457,59.5935,61.0,121.0,135.0,88.7,Moderate Risk
7.9,60,3,52.45,64.85,48.46,52.695,64.43849999999999,64.8465,65.0,119.0,136.0,84.44,Moderate Risk
7.9,60,4,51.28,60.71,47.07,50.735,57.298500000000004,60.7155,61.0,122.0,135.0,88.89,Moderate Risk
7.9,90,1,52.44,60.51,47.18,48.165,56.1765,60.511500000000005,62.0,122.0,135.0,87.91,Moderate Risk
7.9,90,2,53.04,61.95,47.39,48.35,59.925,61.9395,63.0,121.0,136.0,86.78,Moderate Risk
7.9,90,3,52.21,58.18,44.63,43.225,59.364000000000004,58.1655,60.0,122.0,136.0,89.91,Moderate Risk
7.9,90,4,54.28,58.38,46.49,40.35,51.918,58.369499999999995,60.0,124.0,134.0,90.27,Moderate Risk
7.9,120,1,50.28,59.99,48.1,54.495,50.541,59.976,61.0,121.0,134.0,88.67,Moderate Risk
7.9,120,2,47.98,60.64,44.41,53.41,68.238,60.639,61.0,118.0,136.0,88.21,Moderate Risk
7.9,120,3,51.67,62.26,46.5,50.165,64.56599999999999,62.271,63.0,120.0,136.0,86.59,Moderate Risk
7.9,120,4,50.06,58.65,49.75,58.955,38.6835,58.650000000000006,60.0,123.0,132.0,90.03,Moderate Risk
7.9,180,1,48.31,59.2,44.34,51.995,63.9795,59.211,60.0,120.0,136.0,89.53,Moderate Risk
7.9,180,2,47.91,59.96,46.87,57.61,55.692,59.9505,60.0,120.0,134.0,89.47,Moderate Risk
7.9,180,3,48.17,58.02,45.18,53.02,56.457,58.0125,59.0,121.0,134.0,90.63,Moderate Risk
7.9,180,4,49.69,58.99,47.08,53.435,51.459,58.981500000000004,59.0,122.0,134.0,90.82,Moderate Risk
7.9,240,1,45.79,56.39,44.79,57.425,52.428000000000004,56.3805,57.0,121.0,134.0,92.6,Moderate Risk
7.9,240,2,50.08,54.74,48.07,50.975,31.0845,54.7485,56.0,125.0,131.0,94.37,Moderate Risk
7.9,240,3,50.3,61.59,46.84,52.95,61.0725,61.582499999999996,62.0,120.0,136.0,87.57,Moderate Risk
7.9,240,4,48.76,58.59,47.13,55.735,49.878,58.599000000000004,59.0,121.0,133.0,90.61,Moderate Risk
7.9,300,1,47.16,59.61,44.11,54.085,66.3255,59.619,60.0,119.0,136.0,89.36,Moderate Risk
7.9,300,2,52.34,58.59,44.78,43.575,60.1035,58.599000000000004,60.0,122.0,136.0,89.91,Moderate Risk
7.9,300,3,45.9,54.91,47.49,65.315,41.8455,54.9015,55.0,123.0,131.0,94.93,Moderate Risk
7.9,300,4,46.55,60.15,42.49,53.11,74.86800000000001,60.1545,60.0,118.0,137.0,89.25,Moderate Risk
7.9,360,1,49.78,56.11,44.33,46.115,53.5245,56.1,58.0,122.0,135.0,91.83,Moderate Risk
7.9,360,2,48.67,56.25,45.68,51.505,47.94,56.253,58.0,122.0,134.0,91.8,Moderate Risk
7.9,360,3,53.31,57.96,46.61,42.28,49.954499999999996,57.9615,59.0,124.0,134.0,91.24,Moderate Risk
7.9,360,4,49.43,56.01,44.84,47.675,50.847,56.0235,58.0,122.0,135.0,91.83,Moderate Risk
7.9,480,1,49.06,56.84,45.65,50.845,50.2095,56.839499999999994,58.0,123.0,134.0,92.01,Moderate Risk
7.9,480,2,48.65,55.33,44.96,49.33,47.8125,55.335,56.0,122.0,134.0,93.77,Moderate Risk
7.9,480,3,51.22,58.32,45.48,46.58,56.151,58.31849999999999,60.0,122.0,135.0,89.87,Moderate Risk
7.9,480,4,50.89,54.71,42.11,39.085,58.7265,54.6975,56.0,123.0,135.0,93.99,Moderate Risk
8.0,0,1,90.61,151.07,132.32,80.7,102.051,151.062,148.0,104.0,132.0,0.0,Moderate Risk
8.0,0,2,89.58,151.27,132.48,80.86,104.0145,151.266,148.0,103.0,132.0,1.0,Moderate Risk
8.0,0,3,92.52,150.8,131.71,80.175,98.5575,150.80700000000002,147.0,105.0,132.0,1.41,Moderate Risk
8.0,0,4,91.6,154.17,134.97,80.795,103.479,154.173,151.0,103.0,132.0,3.16,Moderate Risk
8.0,1,1,80.02,118.72,98.37,74.225,83.13000000000001,118.72800000000001,118.0,110.0,135.0,30.74,Moderate Risk
8.0,1,2,74.96,115.57,95.49,75.165,89.607,115.566,115.0,109.0,135.0,33.51,Moderate Risk
8.0,1,3,78.38,117.35,98.51,75.495,84.66000000000001,117.351,117.0,110.0,134.0,31.64,Moderate Risk
8.0,1,4,74.63,115.39,99.05,77.97,90.066,115.3875,115.0,110.0,132.0,33.54,Moderate Risk
8.0,2,1,70.46,103.82,86.64,74.555,81.9315,103.8105,104.0,112.0,134.0,44.77,Moderate Risk
8.0,2,2,72.47,99.19,89.0,78.555,68.69699999999999,99.19500000000001,101.0,115.0,131.0,48.28,Moderate Risk
8.0,2,3,69.11,102.77,87.63,76.505,83.538,102.765,103.0,112.0,133.0,45.72,Moderate Risk
8.0,2,4,70.18,98.79,86.48,77.095,73.84800000000001,98.787,100.0,115.0,131.0,49.25,Moderate Risk
8.0,5,1,60.97,82.96,69.98,72.3,67.6005,82.9515,83.0,117.0,133.0,66.29,Moderate Risk
8.0,5,2,62.63,86.87,70.11,69.255,71.1705,86.8785,87.0,115.0,134.0,62.02,Moderate Risk
8.0,5,3,64.19,85.57,69.01,66.75,63.699,85.578,87.0,116.0,135.0,62.24,Moderate Risk
8.0,5,4,64.77,81.87,66.11,62.35,53.24400000000001,81.8805,83.0,118.0,135.0,66.56,Moderate Risk
8.0,10,1,58.73,71.21,63.3,70.985,44.7015,71.196,74.0,121.0,131.0,75.93,Moderate Risk
8.0,10,2,62.22,71.96,61.58,58.155,36.771,71.961,74.0,122.0,133.0,76.16,Moderate Risk
8.0,10,3,58.54,74.93,59.05,60.93,55.7685,74.919,76.0,118.0,135.0,73.41,Moderate Risk
8.0,10,4,56.55,74.37,60.06,65.91,61.1235,74.3835,76.0,117.0,134.0,73.19,Moderate Risk
8.0,15,1,55.21,72.53,63.39,74.17,60.894000000000005,72.52199999999999,74.0,119.0,131.0,75.51,Moderate Risk
8.0,15,2,53.92,67.12,54.99,62.435,50.158500000000004,67.116,69.0,119.0,134.0,80.44,Moderate Risk
8.0,15,3,58.61,66.78,56.17,53.105,40.5195,66.78450000000001,69.0,122.0,133.0,81.03,Moderate Risk
8.0,15,4,53.71,69.39,59.91,71.855,57.604499999999994,69.38550000000001,70.0,120.0,132.0,79.62,Moderate Risk
8.0,30,1,52.45,65.61,50.7,56.475,57.9615,65.61149999999999,66.0,119.0,135.0,83.41,Moderate Risk
8.0,30,2,55.36,64.42,53.77,55.52,42.1515,64.413,66.0,122.0,133.0,83.96,Moderate Risk
8.0,30,3,50.8,66.87,52.48,63.14,61.302,66.86099999999999,67.0,118.0,135.0,82.26,Moderate Risk
8.0,30,4,50.52,62.71,52.25,64.26,49.597500000000004,62.7045,63.0,120.0,133.0,86.5,Moderate Risk
8.0,45,1,51.95,61.08,49.76,54.195,47.277,61.0725,63.0,121.0,134.0,86.71,Moderate Risk
8.0,45,2,54.27,61.48,46.49,44.435,62.194500000000005,61.4805,63.0,122.0,136.0,86.98,Moderate Risk
8.0,45,3,53.26,66.99,50.01,54.26,64.617,66.9885,68.0,119.0,136.0,81.49,Moderate Risk
8.0,45,4,51.16,66.93,49.9,57.77,64.89750000000001,66.9375,67.0,118.0,136.0,82.3,Moderate Risk
8.0,60,1,56.15,62.62,50.27,45.725,50.3115,62.628,65.0,123.0,135.0,85.2,Moderate Risk
8.0,60,2,50.87,62.23,48.85,55.455,54.824999999999996,62.22,63.0,120.0,135.0,86.54,Moderate Risk
8.0,60,3,49.03,64.44,48.15,58.39,64.46400000000001,64.43849999999999,65.0,118.0,136.0,84.27,Moderate Risk
8.0,60,4,50.3,60.31,47.32,53.125,54.9015,60.3075,61.0,121.0,135.0,88.7,Moderate Risk
8.0,90,1,49.71,61.66,44.52,50.91,70.89,61.659,62.0,119.0,137.0,87.44,Moderate Risk
8.0,90,2,49.91,60.71,50.44,61.47,45.3645,60.7155,61.0,121.0,133.0,88.65,Moderate Risk
8.0,90,3,49.99,62.43,47.35,54.745,61.582499999999996,62.424,63.0,119.0,136.0,86.41,Moderate Risk
8.0,90,4,50.21,58.23,49.23,56.75,39.3975,58.242,60.0,123.0,132.0,90.03,Moderate Risk
8.0,120,1,47.43,58.68,44.47,53.75,61.7355,58.6755,59.0,120.0,135.0,90.48,Moderate Risk
8.0,120,2,48.62,57.98,46.0,53.435,52.7085,57.986999999999995,58.0,122.0,134.0,91.8,Moderate Risk
8.0,120,3,48.34,61.97,47.5,58.255,59.542500000000004,61.964999999999996,62.0,119.0,135.0,87.35,Moderate Risk
8.0,120,4,49.45,60.96,48.66,58.065,51.459,60.9705,61.0,120.0,134.0,88.48,Moderate Risk
8.0,180,1,48.15,58.43,45.07,53.09,58.31849999999999,58.4205,59.0,121.0,134.0,90.63,Moderate Risk
8.0,180,2,46.55,58.37,43.6,54.01,64.515,58.369499999999995,58.0,120.0,136.0,91.5,Moderate Risk
8.0,180,3,49.77,58.09,47.2,52.92,47.787000000000006,58.089,59.0,122.0,134.0,90.82,Moderate Risk
8.0,180,4,52.37,56.64,44.06,40.18,56.6355,56.6355,58.0,124.0,135.0,92.24,Moderate Risk
8.0,240,1,49.86,57.03,44.33,46.94,56.7885,57.0435,58.0,122.0,135.0,91.83,Moderate Risk
8.0,240,2,47.99,55.99,45.46,52.8,47.94,55.998,56.0,122.0,133.0,93.75,Moderate Risk
8.0,240,3,49.04,57.26,43.43,47.825,61.582499999999996,57.2475,58.0,122.0,136.0,91.87,Moderate Risk
8.0,240,4,48.16,58.42,46.4,55.61,52.479,58.4205,59.0,121.0,134.0,90.63,Moderate Risk
8.0,300,1,48.42,53.65,43.13,44.905,49.980000000000004,53.652,55.0,123.0,134.0,94.94,Moderate Risk
8.0,300,2,50.93,59.26,46.07,48.945,56.763,59.262,61.0,121.0,135.0,88.7,Moderate Risk
8.0,300,3,50.4,51.05,46.28,34.11,23.817,51.050999999999995,54.0,126.0,131.0,96.55,Moderate Risk
8.0,300,4,47.15,57.76,45.36,55.655,54.7485,57.7575,58.0,121.0,134.0,91.61,Moderate Risk
8.0,360,1,51.61,57.12,43.08,41.78,62.7045,57.120000000000005,58.0,123.0,136.0,92.07,Moderate Risk
8.0,360,2,48.57,54.32,39.96,42.01,67.42200000000001,54.315,55.0,122.0,137.0,94.86,Moderate Risk
8.0,360,3,49.99,52.42,44.54,39.235,38.326499999999996,52.428000000000004,54.0,125.0,133.0,96.32,Moderate Risk
8.0,360,4,48.54,56.96,46.28,53.65,47.837999999999994,56.967,58.0,122.0,133.0,91.79,Moderate Risk
8.0,480,1,45.62,57.81,46.82,62.945,53.7285,57.8085,58.0,120.0,133.0,91.42,Moderate Risk
8.0,480,2,51.52,56.73,47.9,47.705,39.729,56.737500000000004,58.0,124.0,133.0,92.2,Moderate Risk
8.0,480,3,47.09,54.16,45.47,54.395,40.9275,54.162,55.0,123.0,133.0,94.93,Moderate Risk
8.0,480,4,46.61,57.9,45.43,57.155,54.927,57.9105,58.0,121.0,134.0,91.61,Moderate Risk
8.1,0,1,91.87,154.25,133.28,79.915,103.122,154.2495,151.0,103.0,133.0,3.32,Moderate Risk
8.1,0,2,92.93,151.28,133.12,80.665,98.3535,151.266,148.0,105.0,131.0,1.41,Moderate Risk
8.1,0,3,93.46,151.91,134.12,80.87,98.124,151.9035,149.0,105.0,131.0,1.73,Moderate Risk
8.1,0,4,93.22,150.46,131.1,79.855,97.0275,150.45,148.0,105.0,132.0,1.0,Moderate Risk
8.1,1,1,73.19,113.8,96.79,77.43,90.984,113.8065,113.0,110.0,133.0,35.52,Moderate Risk
8.1,1,2,76.77,114.29,100.1,78.65,83.7165,114.291,115.0,111.0,131.0,33.75,Moderate Risk
8.1,1,3,78.37,115.09,97.43,75.575,81.37049999999999,115.08149999999999,116.0,110.0,134.0,32.62,Moderate Risk
8.1,1,4,73.78,118.66,100.55,77.895,96.44099999999999,118.6515,117.0,108.0,133.0,31.27,Moderate Risk
8.1,2,1,71.39,99.5,87.04,76.695,72.063,99.501,101.0,115.0,132.0,48.27,Moderate Risk
8.1,2,2,68.01,101.67,85.28,75.395,84.4305,101.6685,102.0,112.0,133.0,46.7,Moderate Risk
8.1,2,3,69.5,100.79,84.81,74.68,79.152,100.776,101.0,113.0,133.0,47.86,Moderate Risk
8.1,2,4,73.73,104.81,88.85,74.595,75.6075,104.80499999999999,105.0,113.0,133.0,43.94,Moderate Risk
8.1,5,1,61.95,82.85,68.7,69.69,64.3365,82.8495,84.0,116.0,134.0,65.15,Moderate Risk
8.1,5,2,61.14,83.98,71.53,73.65,69.36,83.997,85.0,117.0,132.0,64.33,Moderate Risk
8.1,5,3,59.83,83.03,72.87,76.855,71.27250000000001,83.028,84.0,116.0,131.0,65.12,Moderate Risk
8.1,5,4,63.27,83.14,71.15,71.895,60.945,83.1555,85.0,118.0,132.0,64.54,Moderate Risk
8.1,10,1,57.17,76.06,60.48,65.255,63.342000000000006,76.0665,77.0,117.0,135.0,72.24,Moderate Risk
8.1,10,2,55.7,72.06,55.7,60.01,57.9105,72.063,73.0,117.0,136.0,76.22,Moderate Risk
8.1,10,3,55.89,75.52,58.26,63.62,66.2745,75.531,76.0,116.0,136.0,73.1,Moderate Risk
8.1,10,4,55.0,71.99,59.01,67.08,60.18,71.98649999999999,73.0,118.0,133.0,76.3,Moderate Risk
8.1,15,1,54.73,67.82,60.69,73.65,49.189499999999995,67.8045,69.0,121.0,131.0,80.81,Moderate Risk
8.1,15,2,55.01,72.64,54.58,59.285,63.3675,72.624,73.0,117.0,137.0,76.28,Moderate Risk
8.1,15,3,55.43,68.79,51.4,53.05,64.46400000000001,68.7735,70.0,119.0,136.0,79.53,Moderate Risk
8.1,15,4,56.94,72.63,58.2,62.41,55.1055,72.624,74.0,118.0,134.0,75.34,Moderate Risk
8.1,30,1,52.58,63.38,50.84,55.845,50.439,63.392999999999994,65.0,121.0,135.0,84.78,Moderate Risk
8.1,30,2,53.59,66.97,48.97,52.295,68.56949999999999,66.963,67.0,119.0,137.0,82.53,Moderate Risk
8.1,30,3,51.01,67.27,50.31,58.755,64.2855,67.26899999999999,68.0,118.0,136.0,81.31,Moderate Risk
8.1,30,4,50.64,66.08,48.88,56.92,66.3765,66.0705,67.0,117.0,137.0,82.19,Moderate Risk
8.1,45,1,51.62,62.22,48.52,53.22,56.151,62.22,63.0,120.0,135.0,86.54,Moderate Risk
8.1,45,2,50.87,59.98,47.33,51.585,53.805,59.976,61.0,121.0,134.0,88.67,Moderate Risk
8.1,45,3,56.31,63.06,49.79,45.27,53.677499999999995,63.061499999999995,65.0,122.0,136.0,85.02,Moderate Risk
8.1,45,4,50.99,62.0,53.34,66.395,45.262499999999996,61.990500000000004,63.0,122.0,131.0,86.89,Moderate Risk
8.1,60,1,51.74,58.67,46.19,46.65,54.2385,58.6755,60.0,122.0,135.0,89.87,Moderate Risk
8.1,60,2,50.13,61.79,47.52,54.53,58.8795,61.7865,62.0,120.0,135.0,87.53,Moderate Risk
8.1,60,3,50.91,62.42,46.65,51.9,64.43849999999999,62.424,63.0,120.0,136.0,86.59,Moderate Risk
8.1,60,4,48.14,59.2,54.4,76.975,47.634,59.1855,61.0,122.0,130.0,88.87,Moderate Risk
8.1,90,1,49.89,58.64,47.43,53.41,48.756,58.650000000000006,59.0,122.0,134.0,90.82,Moderate Risk
8.1,90,2,51.19,61.63,47.06,51.485,60.282,61.6335,63.0,120.0,135.0,86.54,Moderate Risk
8.1,90,3,49.8,58.9,48.42,56.065,45.3645,58.905,59.0,122.0,133.0,90.81,Moderate Risk
8.1,90,4,50.09,61.34,46.02,52.03,63.699,61.353,62.0,120.0,136.0,87.57,Moderate Risk
8.1,120,1,45.58,57.82,48.67,67.56,53.9835,57.834,58.0,121.0,132.0,91.59,Moderate Risk
8.1,120,2,51.39,58.66,44.04,44.915,63.546,58.650000000000006,60.0,122.0,136.0,89.91,Moderate Risk
8.1,120,3,50.61,57.27,47.11,49.68,45.2115,57.272999999999996,58.0,123.0,133.0,91.99,Moderate Risk
8.1,120,4,49.04,59.28,48.38,58.185,46.8945,59.2875,60.0,121.0,133.0,89.63,Moderate Risk
8.1,180,1,45.1,58.46,46.09,62.225,58.242,58.446,58.0,120.0,134.0,91.43,Moderate Risk
8.1,180,2,50.72,55.08,43.65,41.455,52.912499999999994,55.08,57.0,123.0,135.0,93.01,Moderate Risk
8.1,180,3,45.12,59.32,46.58,63.08,60.996,59.313,59.0,120.0,134.0,90.45,Moderate Risk
8.1,180,4,52.64,59.68,42.81,42.51,72.063,59.67,61.0,121.0,138.0,88.85,Moderate Risk
8.1,240,1,50.23,58.16,40.16,43.22,78.897,58.1655,59.0,121.0,138.0,90.81,Moderate Risk
8.1,240,2,51.92,57.4,45.28,43.58,53.8305,57.4005,59.0,123.0,135.0,91.05,Moderate Risk
8.1,240,3,45.81,55.5,46.78,63.005,44.497499999999995,55.488,56.0,122.0,132.0,93.74,Moderate Risk
8.1,240,4,46.67,55.25,47.85,64.105,39.5505,55.233,56.0,122.0,132.0,93.74,Moderate Risk
8.1,300,1,47.84,56.65,45.87,54.525,48.501000000000005,56.661,57.0,122.0,134.0,92.78,Moderate Risk
8.1,300,2,50.07,55.15,46.27,47.155,41.055,55.1565,57.0,123.0,133.0,92.97,Moderate Risk
8.1,300,3,50.75,57.91,43.82,45.245,62.0415,57.9105,58.0,122.0,136.0,91.87,Moderate Risk
8.1,300,4,50.84,59.79,41.58,44.755,77.6475,59.7975,60.0,120.0,138.0,89.64,Moderate Risk
8.1,360,1,47.93,58.43,45.88,55.1,54.774,58.446,59.0,120.0,134.0,90.45,Moderate Risk
8.1,360,2,50.32,54.67,40.89,39.475,64.26,54.672000000000004,56.0,123.0,136.0,94.03,Moderate Risk
8.1,360,3,51.52,59.08,45.69,46.95,57.8085,59.0835,61.0,121.0,135.0,88.7,Moderate Risk
8.1,360,4,45.56,58.19,44.44,57.56,60.231,58.190999999999995,58.0,119.0,135.0,91.29,Moderate Risk
8.1,480,1,50.73,58.8,47.49,51.42,49.062,58.803,60.0,122.0,134.0,89.84,Moderate Risk
8.1,480,2,49.82,58.73,42.22,46.185,71.655,58.7265,59.0,121.0,137.0,90.75,Moderate Risk
8.1,480,3,47.07,53.87,48.71,67.23,32.181000000000004,53.881499999999996,55.0,124.0,131.0,95.13,Moderate Risk
8.1,480,4,46.36,54.86,42.39,50.465,57.9615,54.850500000000004,55.0,121.0,135.0,94.59,Moderate Risk
8.2,0,1,92.86,151.18,131.46,79.855,98.37899999999999,151.1895,148.0,104.0,132.0,0.0,Moderate Risk
8.2,0,2,94.4,149.8,133.35,81.095,94.299,149.787,147.0,106.0,131.0,2.45,Moderate Risk
8.2,0,3,93.61,151.96,133.56,80.54,97.92,151.9545,148.0,105.0,132.0,1.0,Moderate Risk
8.2,0,4,91.15,149.78,134.37,82.115,99.807,149.787,147.0,105.0,130.0,2.45,Moderate Risk
8.2,1,1,75.64,115.48,98.01,76.845,87.975,115.4895,115.0,110.0,133.0,33.56,Moderate Risk
8.2,1,2,74.64,116.16,97.26,76.34,91.137,116.1525,116.0,109.0,134.0,32.45,Moderate Risk
8.2,1,3,73.18,117.47,97.58,76.525,96.135,117.4785,116.0,108.0,134.0,32.31,Moderate Risk
8.2,1,4,75.57,115.42,98.96,77.605,88.0515,115.413,115.0,110.0,133.0,33.56,Moderate Risk
8.2,2,1,67.36,98.04,82.11,74.425,79.815,98.0475,99.0,113.0,134.0,49.86,Moderate Risk
8.2,2,2,71.81,100.79,83.74,72.35,73.3125,100.776,101.0,113.0,134.0,47.9,Moderate Risk
8.2,2,3,67.02,102.73,87.47,77.175,88.6635,102.73949999999999,103.0,112.0,133.0,45.72,Moderate Risk
8.2,2,4,70.27,100.47,82.13,71.78,76.65299999999999,100.47,101.0,113.0,135.0,47.95,Moderate Risk
8.2,5,1,58.07,82.12,72.78,78.355,74.6895,82.11,83.0,116.0,131.0,66.11,Moderate Risk
8.2,5,2,54.16,83.69,71.12,77.23,89.98949999999999,83.691,83.0,114.0,131.0,65.77,Moderate Risk
8.2,5,3,63.48,85.88,69.94,68.65,66.50399999999999,85.884,87.0,115.0,135.0,62.06,Moderate Risk
8.2,5,4,64.28,84.3,72.27,71.97,60.5625,84.303,86.0,118.0,132.0,63.56,Moderate Risk
8.2,10,1,55.22,70.82,58.99,67.265,56.1765,70.8135,72.0,119.0,133.0,77.47,Moderate Risk
8.2,10,2,57.22,70.98,60.19,66.49,49.4445,70.99199999999999,72.0,120.0,133.0,77.67,Moderate Risk
8.2,10,3,54.63,72.31,55.32,61.175,62.3475,72.318,73.0,117.0,136.0,76.22,Moderate Risk
8.2,10,4,60.15,74.76,61.15,62.055,49.827,74.766,77.0,119.0,134.0,72.59,Moderate Risk
8.2,15,1,57.5,67.8,57.47,59.9,38.862,67.8045,70.0,121.0,133.0,79.84,Moderate Risk
8.2,15,2,56.17,68.81,58.35,65.155,46.8435,68.82449999999999,70.0,121.0,133.0,79.84,Moderate Risk
8.2,15,3,53.29,68.63,58.61,70.39,56.9925,68.6205,70.0,119.0,132.0,79.43,Moderate Risk
8.2,15,4,51.64,69.4,53.55,63.225,65.25450000000001,69.411,70.0,117.0,135.0,79.13,Moderate Risk
8.2,30,1,53.78,65.37,50.32,53.1,58.70099999999999,65.3565,66.0,120.0,135.0,83.6,Moderate Risk
8.2,30,2,48.46,65.79,55.39,71.99,67.167,65.79,66.0,118.0,132.0,83.19,Moderate Risk
8.2,30,3,50.27,64.02,54.43,69.07,54.7485,64.0305,65.0,120.0,132.0,84.53,Moderate Risk
8.2,30,4,52.15,60.13,49.8,53.18,43.7835,60.129000000000005,62.0,122.0,134.0,87.89,Moderate Risk
8.2,45,1,49.34,59.85,49.46,60.335,44.7525,59.8485,61.0,121.0,133.0,88.65,Moderate Risk
8.2,45,2,50.9,59.48,53.76,69.99,36.771,59.4915,61.0,123.0,130.0,89.07,Moderate Risk
8.2,45,3,49.54,65.48,50.23,61.29,62.067,65.484,66.0,118.0,135.0,83.24,Moderate Risk
8.2,45,4,54.44,62.16,50.69,50.195,47.0475,62.169,64.0,122.0,134.0,85.93,Moderate Risk
8.2,60,1,53.92,60.72,49.02,47.435,49.1385,60.7155,62.0,122.0,134.0,87.89,Moderate Risk
8.2,60,2,50.42,59.75,51.59,63.76,39.78,59.746500000000005,61.0,123.0,132.0,89.05,Moderate Risk
8.2,60,3,48.98,62.56,47.14,56.415,62.883,62.5515,63.0,119.0,135.0,86.37,Moderate Risk
8.2,60,4,53.68,60.95,49.35,48.81,48.501000000000005,60.945,62.0,122.0,134.0,87.89,Moderate Risk
8.2,90,1,51.07,60.23,46.79,50.445,56.916000000000004,60.231,61.0,122.0,135.0,88.89,Moderate Risk
8.2,90,2,52.19,62.08,48.96,52.615,53.907000000000004,62.0925,63.0,121.0,135.0,86.74,Moderate Risk
8.2,90,3,50.8,61.35,52.75,65.565,43.86,61.353,63.0,121.0,132.0,86.68,Moderate Risk
8.2,90,4,48.32,58.23,43.91,50.75,62.73,58.242,59.0,120.0,136.0,90.52,Moderate Risk
8.2,120,1,51.49,58.7,45.17,45.995,58.7775,58.70099999999999,60.0,122.0,135.0,89.87,Moderate Risk
8.2,120,2,47.47,61.35,49.84,65.11,57.681000000000004,61.353,62.0,119.0,134.0,87.32,Moderate Risk
8.2,120,3,47.37,59.43,47.87,61.23,51.7395,59.4405,60.0,121.0,134.0,89.65,Moderate Risk
8.2,120,4,48.21,58.71,46.95,56.79,51.0765,58.70099999999999,59.0,121.0,134.0,90.63,Moderate Risk
8.2,180,1,48.47,55.82,46.83,54.54,41.0805,55.819500000000005,57.0,123.0,133.0,92.97,Moderate Risk
8.2,180,2,46.76,57.88,45.38,56.7,55.08,57.885000000000005,58.0,121.0,134.0,91.61,Moderate Risk
8.2,180,3,51.32,60.26,39.58,42.965,87.5415,60.2565,61.0,120.0,140.0,88.82,Moderate Risk
8.2,180,4,50.62,57.15,44.23,45.155,57.681000000000004,57.1455,58.0,122.0,135.0,91.83,Moderate Risk
8.2,240,1,47.61,60.99,41.16,50.235,82.9515,60.996,60.0,118.0,138.0,89.31,Moderate Risk
8.2,240,2,48.97,60.2,46.38,54.375,58.5225,60.2055,61.0,119.0,135.0,88.33,Moderate Risk
8.2,240,3,48.38,57.8,46.78,55.65,48.6285,57.8085,58.0,122.0,133.0,91.79,Moderate Risk
8.2,240,4,53.85,53.15,41.58,28.29,58.1145,53.856,56.0,126.0,136.0,94.68,Moderate Risk
8.2,300,1,48.16,57.36,44.04,50.715,59.211,57.3495,58.0,121.0,135.0,91.64,Moderate Risk
8.2,300,2,46.16,56.98,44.01,55.015,58.038,56.967,57.0,120.0,135.0,92.44,Moderate Risk
8.2,300,3,47.35,58.92,44.4,53.9,62.8575,58.905,59.0,120.0,135.0,90.48,Moderate Risk
8.2,300,4,45.58,56.35,45.21,58.98,50.439,56.355000000000004,57.0,121.0,133.0,92.58,Moderate Risk
8.2,360,1,48.67,55.85,42.72,46.4,59.976,55.845,56.0,122.0,135.0,93.79,Moderate Risk
8.2,360,2,49.3,57.84,43.77,48.195,62.067,57.834,58.0,122.0,136.0,91.87,Moderate Risk
8.2,360,3,50.05,56.93,48.84,55.535,36.2355,56.9415,58.0,123.0,132.0,91.98,Moderate Risk
8.2,360,4,50.71,56.57,44.05,44.05,56.4315,56.559,58.0,123.0,135.0,92.03,Moderate Risk
8.2,480,1,49.04,56.42,46.05,51.34,46.8435,56.406,58.0,123.0,133.0,91.99,Moderate Risk
8.2,480,2,48.64,53.62,45.81,49.155,37.128,53.6265,55.0,124.0,132.0,95.13,Moderate Risk
8.2,480,3,48.88,54.93,43.31,45.61,53.907000000000004,54.927,55.0,123.0,134.0,94.94,Moderate Risk
8.2,480,4,49.93,59.98,44.16,49.06,67.2435,59.976,60.0,121.0,136.0,89.72,Moderate Risk
8.3,0,1,91.47,151.4,132.38,80.475,100.929,151.3935,148.0,104.0,132.0,0.0,Moderate Risk
8.3,0,2,97.01,149.59,133.99,81.1,89.6325,149.583,147.0,107.0,131.0,3.32,Moderate Risk
8.3,0,3,93.81,149.82,129.46,79.1,95.3445,149.8125,147.0,105.0,133.0,1.73,Moderate Risk
8.3,0,4,88.77,145.36,129.06,81.36,99.27149999999999,145.35,143.0,105.0,131.0,5.2,Moderate Risk
8.3,1,1,78.16,113.23,97.36,76.43,78.99900000000001,113.22,114.0,111.0,133.0,34.73,Moderate Risk
8.3,1,2,75.23,113.95,100.86,79.86,86.649,113.934,114.0,112.0,131.0,34.94,Moderate Risk
8.3,1,3,73.04,115.24,98.73,78.27,93.381,115.23450000000001,115.0,109.0,133.0,33.39,Moderate Risk
8.3,1,4,71.98,113.74,98.78,79.255,93.6105,113.73,113.0,110.0,132.0,35.51,Moderate Risk
8.3,2,1,72.12,97.43,89.47,80.565,66.2235,97.4355,99.0,117.0,129.0,50.78,Moderate Risk
8.3,2,2,70.71,103.72,85.18,73.15,81.16650000000001,103.734,104.0,112.0,134.0,44.77,Moderate Risk
8.3,2,3,66.48,102.41,86.45,76.67,89.454,102.408,102.0,111.0,133.0,46.54,Moderate Risk
8.3,2,4,68.97,100.25,82.13,72.62,79.56,100.266,101.0,112.0,134.0,47.72,Moderate Risk
8.3,5,1,63.03,84.99,66.82,65.175,65.89200000000001,84.9915,86.0,116.0,136.0,63.28,Moderate Risk
8.3,5,2,62.91,83.29,68.76,68.61,62.3985,83.283,85.0,116.0,134.0,64.16,Moderate Risk
8.3,5,3,61.08,85.89,73.0,74.405,73.644,85.884,86.0,116.0,133.0,63.16,Moderate Risk
8.3,5,4,59.48,80.53,69.68,74.535,66.63149999999999,80.52900000000001,82.0,117.0,132.0,67.27,Moderate Risk
8.3,10,1,56.45,73.11,62.56,70.99,58.1145,73.1085,75.0,118.0,133.0,74.34,Moderate Risk
8.3,10,2,53.31,75.55,60.69,69.945,75.072,75.5565,76.0,116.0,134.0,73.02,Moderate Risk
8.3,10,3,57.67,73.31,63.85,71.855,54.417,73.3125,75.0,119.0,132.0,74.53,Moderate Risk
8.3,10,4,56.88,73.62,60.11,65.785,57.986999999999995,73.6185,75.0,118.0,134.0,74.36,Moderate Risk
8.3,15,1,54.06,68.73,58.35,68.77,54.442499999999995,68.72250000000001,70.0,119.0,132.0,79.43,Moderate Risk
8.3,15,2,54.99,69.58,55.67,61.39,53.4735,69.58949999999999,70.0,119.0,134.0,79.45,Moderate Risk
8.3,15,3,53.19,67.33,51.57,56.91,59.721,67.3455,69.0,119.0,136.0,80.51,Moderate Risk
8.3,15,4,52.38,65.85,54.05,63.725,52.173,65.841,67.0,120.0,133.0,82.57,Moderate Risk
8.3,30,1,49.08,67.51,49.95,61.415,69.61500000000001,67.49849999999999,68.0,117.0,137.0,81.2,Moderate Risk
8.3,30,2,52.07,62.46,52.74,61.93,42.431999999999995,62.475,64.0,122.0,133.0,85.91,Moderate Risk
8.3,30,3,51.43,65.51,47.6,53.575,69.717,65.5095,66.0,118.0,137.0,83.34,Moderate Risk
8.3,30,4,52.47,62.35,52.15,59.05,41.717999999999996,62.3475,64.0,122.0,133.0,85.91,Moderate Risk
8.3,45,1,52.67,60.83,50.07,52.735,45.1095,60.817499999999995,62.0,122.0,133.0,87.87,Moderate Risk
8.3,45,2,52.96,62.18,48.28,49.905,56.967,62.169,63.0,121.0,135.0,86.74,Moderate Risk
8.3,45,3,49.54,63.53,51.35,63.875,56.125499999999995,63.5205,64.0,119.0,133.0,85.33,Moderate Risk
8.3,45,4,52.45,59.2,49.85,51.67,40.264500000000005,59.211,61.0,123.0,133.0,89.06,Moderate Risk
8.3,60,1,45.44,62.66,47.34,63.305,70.09949999999999,62.6535,62.0,117.0,135.0,87.03,Moderate Risk
8.3,60,2,47.06,59.35,45.87,57.355,57.9105,59.338499999999996,60.0,120.0,135.0,89.49,Moderate Risk
8.3,60,3,49.31,60.5,52.7,69.065,47.175,60.511500000000005,61.0,122.0,131.0,88.85,Moderate Risk
8.3,60,4,48.94,61.1,43.99,51.32,71.4,61.098,61.0,119.0,137.0,88.43,Moderate Risk
8.3,90,1,51.97,56.96,47.09,45.165,44.191500000000005,56.967,58.0,124.0,133.0,92.2,Moderate Risk
8.3,90,2,50.33,61.21,48.27,55.215,53.9325,61.199999999999996,62.0,120.0,135.0,87.53,Moderate Risk
8.3,90,3,49.31,60.95,49.02,59.26,49.929,60.945,61.0,121.0,133.0,88.65,Moderate Risk
8.3,90,4,51.25,58.83,46.81,48.92,52.122,58.8285,60.0,122.0,135.0,89.87,Moderate Risk
8.3,120,1,48.62,60.5,47.1,56.6,56.457,60.511500000000005,61.0,120.0,134.0,88.48,Moderate Risk
8.3,120,2,51.44,57.33,44.23,43.485,58.242,57.324,58.0,123.0,135.0,92.03,Moderate Risk
8.3,120,3,49.82,55.52,46.21,48.38,42.76349999999999,55.5135,57.0,123.0,133.0,92.97,Moderate Risk
8.3,120,4,45.79,57.21,48.49,67.075,50.898,57.221999999999994,58.0,121.0,132.0,91.59,Moderate Risk
8.3,180,1,49.98,59.45,46.09,51.275,57.272999999999996,59.4405,60.0,121.0,134.0,89.65,Moderate Risk
8.3,180,2,50.56,58.34,43.68,45.925,64.056,58.344,59.0,121.0,136.0,90.7,Moderate Risk
8.3,180,3,49.63,55.72,45.8,48.43,45.39,55.7175,57.0,123.0,133.0,92.97,Moderate Risk
8.3,180,4,48.48,56.67,44.48,50.155,54.850500000000004,56.661,57.0,122.0,135.0,92.81,Moderate Risk
8.3,240,1,49.71,58.69,43.29,47.49,66.912,58.70099999999999,59.0,121.0,136.0,90.7,Moderate Risk
8.3,240,2,52.96,58.13,47.08,44.05,48.4755,58.14,60.0,123.0,134.0,90.05,Moderate Risk
8.3,240,3,49.38,60.33,44.94,51.335,65.025,60.333,61.0,120.0,136.0,88.55,Moderate Risk
8.3,240,4,49.73,55.38,45.38,46.935,46.027499999999996,55.386,57.0,123.0,133.0,92.97,Moderate Risk
8.3,300,1,48.68,54.8,42.95,45.505,55.1565,54.7995,55.0,122.0,135.0,94.77,Moderate Risk
8.3,300,2,46.07,55.8,47.64,64.845,44.472,55.794,56.0,122.0,132.0,93.74,Moderate Risk
8.3,300,3,50.41,54.04,43.34,40.185,50.5155,54.0345,56.0,124.0,134.0,94.17,Moderate Risk
8.3,300,4,46.56,56.77,47.45,62.615,45.8745,56.763,57.0,122.0,132.0,92.76,Moderate Risk
8.3,360,1,49.85,57.93,45.35,49.275,55.386,57.936,58.0,122.0,134.0,91.8,Moderate Risk
8.3,360,2,44.44,59.71,43.69,58.59,68.44200000000001,59.721,59.0,118.0,136.0,90.18,Moderate Risk
8.3,360,3,48.94,55.41,43.99,47.0,52.5555,55.4115,56.0,122.0,135.0,93.79,Moderate Risk
8.3,360,4,45.98,58.61,46.51,61.245,54.927,58.599000000000004,58.0,120.0,134.0,91.43,Moderate Risk
8.3,480,1,48.82,57.84,42.66,47.82,66.9375,57.834,58.0,120.0,136.0,91.5,Moderate Risk
8.3,480,2,49.57,55.22,44.59,45.94,49.0875,55.233,57.0,123.0,134.0,92.98,Moderate Risk
8.3,480,3,48.47,61.18,42.75,50.685,76.8315,61.1745,61.0,119.0,138.0,88.49,Moderate Risk
8.3,480,4,47.35,57.55,43.32,51.485,63.061499999999995,57.5535,58.0,121.0,135.0,91.64,Moderate Risk
8.4,0,1,88.62,149.2,133.12,82.035,103.55550000000001,149.20049999999998,146.0,104.0,130.0,2.83,Moderate Risk
8.4,0,2,91.37,153.68,132.16,79.64,103.4025,153.6885,150.0,103.0,133.0,2.45,Moderate Risk
8.4,0,3,90.58,149.27,128.33,79.295,100.266,149.27700000000002,146.0,104.0,133.0,2.24,Moderate Risk
8.4,0,4,92.59,146.88,132.23,81.905,94.24799999999999,146.88,144.0,107.0,130.0,5.39,Moderate Risk
8.4,1,1,75.35,116.82,97.66,76.14,90.52499999999999,116.8155,116.0,109.0,134.0,32.45,Moderate Risk
8.4,1,2,74.67,114.02,95.85,76.15,88.0005,114.0105,114.0,109.0,134.0,34.42,Moderate Risk
8.4,1,3,75.74,115.87,98.1,76.71,88.332,115.872,115.0,110.0,133.0,33.56,Moderate Risk
8.4,1,4,74.52,113.39,101.2,80.595,87.414,113.3985,114.0,111.0,130.0,34.77,Moderate Risk
8.4,2,1,71.23,99.38,87.08,76.88,72.21600000000001,99.37349999999999,101.0,115.0,132.0,48.27,Moderate Risk
8.4,2,2,69.6,100.15,82.27,72.45,77.8005,100.1385,101.0,112.0,135.0,47.77,Moderate Risk
8.4,2,3,70.26,98.5,84.9,75.55,73.1085,98.50649999999999,100.0,114.0,133.0,49.04,Moderate Risk
8.4,2,4,68.66,96.71,84.57,77.02,73.97550000000001,96.696,98.0,115.0,132.0,51.2,Moderate Risk
8.4,5,1,63.05,80.82,66.1,65.14,56.049,80.8095,82.0,118.0,134.0,67.5,Moderate Risk
8.4,5,2,60.85,83.19,67.92,69.5,68.493,83.181,84.0,115.0,135.0,65.01,Moderate Risk
8.4,5,3,63.66,82.91,67.62,66.165,59.1855,82.9005,84.0,117.0,134.0,65.34,Moderate Risk
8.4,5,4,62.49,81.08,72.14,75.57,58.4715,81.09,83.0,118.0,131.0,66.5,Moderate Risk
8.4,10,1,53.62,69.16,62.14,76.44,57.272999999999996,69.156,71.0,120.0,130.0,78.67,Moderate Risk
8.4,10,2,56.61,69.78,62.64,73.735,48.144,69.768,71.0,121.0,131.0,78.86,Moderate Risk
8.4,10,3,57.07,74.11,59.09,63.565,58.650000000000006,74.10300000000001,76.0,118.0,135.0,73.41,Moderate Risk
8.4,10,4,56.13,70.07,60.57,69.555,50.745000000000005,70.074,72.0,120.0,132.0,77.67,Moderate Risk
8.4,15,1,54.01,67.76,52.98,57.9,55.641,67.7535,69.0,119.0,135.0,80.47,Moderate Risk
8.4,15,2,57.71,67.86,51.25,48.34,62.424,67.8555,69.0,120.0,136.0,80.7,Moderate Risk
8.4,15,3,56.37,69.34,53.83,55.09,57.018,69.33449999999999,71.0,120.0,136.0,78.75,Moderate Risk
8.4,15,4,57.34,68.62,54.55,54.06,52.3005,68.6205,70.0,121.0,135.0,79.89,Moderate Risk
8.4,30,1,49.6,62.65,48.79,58.24,56.406,62.6535,63.0,120.0,135.0,86.54,Moderate Risk
8.4,30,2,51.87,66.22,51.44,59.14,56.916000000000004,66.2235,67.0,118.0,135.0,82.26,Moderate Risk
8.4,30,3,52.99,65.11,52.19,58.135,50.6175,65.1015,66.0,120.0,134.0,83.57,Moderate Risk
8.4,30,4,51.14,61.93,52.03,62.475,44.4465,61.9395,63.0,122.0,132.0,86.88,Moderate Risk
8.4,45,1,52.58,61.63,47.82,49.66,57.120000000000005,61.6335,63.0,121.0,135.0,86.74,Moderate Risk
8.4,45,2,53.69,61.44,49.97,50.27,47.6085,61.455,63.0,122.0,134.0,86.91,Moderate Risk
8.4,45,3,49.08,59.91,47.96,57.2,50.8725,59.925,60.0,121.0,134.0,89.65,Moderate Risk
8.4,45,4,50.71,58.61,49.26,55.35,40.6725,58.599000000000004,60.0,123.0,132.0,90.03,Moderate Risk
8.4,60,1,50.2,60.96,45.92,51.46,62.908500000000004,60.9705,61.0,120.0,136.0,88.55,Moderate Risk
8.4,60,2,53.73,60.74,48.15,46.7,52.836,60.741,62.0,122.0,135.0,87.91,Moderate Risk
8.4,60,3,47.93,58.2,46.53,56.4,51.127500000000005,58.190999999999995,59.0,120.0,134.0,90.45,Moderate Risk
8.4,60,4,52.67,60.43,51.31,55.54,38.4795,60.434999999999995,62.0,122.0,132.0,87.86,Moderate Risk
8.4,90,1,51.41,57.34,50.75,57.02,29.274,57.3495,59.0,124.0,132.0,91.22,Moderate Risk
8.4,90,2,48.65,58.48,45.98,53.58,54.519,58.4715,59.0,121.0,134.0,90.63,Moderate Risk
8.4,90,3,50.85,57.53,49.86,56.105,34.016999999999996,57.528,59.0,123.0,132.0,91.01,Moderate Risk
8.4,90,4,50.37,59.93,46.95,52.1,55.233,59.925,61.0,121.0,135.0,88.7,Moderate Risk
8.4,120,1,53.46,57.92,42.08,38.445,69.7425,57.9105,59.0,124.0,137.0,91.36,Moderate Risk
8.4,120,2,50.83,56.29,47.54,48.71,39.627,56.2785,58.0,123.0,133.0,91.99,Moderate Risk
8.4,120,3,50.52,60.25,46.48,51.195,58.267500000000005,60.2565,61.0,120.0,135.0,88.51,Moderate Risk
8.4,120,4,49.01,56.42,46.14,51.63,46.4865,56.4315,58.0,123.0,133.0,91.99,Moderate Risk
8.4,180,1,50.57,58.98,46.48,50.18,54.0345,58.981500000000004,59.0,122.0,134.0,90.82,Moderate Risk
8.4,180,2,47.73,60.34,41.3,49.865,80.478,60.333,60.0,118.0,138.0,89.31,Moderate Risk
8.4,180,3,46.04,57.79,43.02,53.875,65.178,57.783,58.0,120.0,135.0,91.46,Moderate Risk
8.4,180,4,47.54,59.81,47.96,61.04,52.326,59.823,60.0,121.0,134.0,89.65,Moderate Risk
8.4,240,1,48.88,55.42,43.77,46.83,53.601,55.4115,56.0,122.0,135.0,93.79,Moderate Risk
8.4,240,2,48.67,56.22,44.28,48.975,54.162,56.2275,57.0,122.0,135.0,92.81,Moderate Risk
8.4,240,3,49.18,57.57,43.59,48.01,61.913999999999994,57.5535,58.0,122.0,136.0,91.87,Moderate Risk
8.4,240,4,50.47,60.01,44.31,48.225,66.6825,60.0015,61.0,120.0,136.0,88.55,Moderate Risk
8.4,300,1,47.53,59.76,49.48,64.78,52.198499999999996,59.772,60.0,121.0,133.0,89.63,Moderate Risk
8.4,300,2,48.86,58.89,49.46,61.78,43.426500000000004,58.905,59.0,121.0,132.0,90.61,Moderate Risk
8.4,300,3,48.28,57.47,45.95,53.94,51.127500000000005,57.477,58.0,122.0,134.0,91.8,Moderate Risk
8.4,300,4,46.21,53.87,45.79,58.43,38.25,53.881499999999996,54.0,123.0,132.0,95.9,Moderate Risk
8.4,360,1,49.8,56.55,41.59,43.525,67.473,56.559,58.0,121.0,137.0,91.73,Moderate Risk
8.4,360,2,50.06,53.5,45.85,43.5,36.464999999999996,53.498999999999995,55.0,125.0,133.0,95.35,Moderate Risk
8.4,360,3,45.87,55.74,44.82,57.14,49.929,55.742999999999995,56.0,121.0,134.0,93.58,Moderate Risk
8.4,360,4,49.43,56.91,42.16,45.225,66.09599999999999,56.916000000000004,58.0,122.0,136.0,91.87,Moderate Risk
8.4,480,1,50.22,51.84,44.36,36.48,36.7965,51.8415,54.0,126.0,132.0,96.54,Moderate Risk
8.4,480,2,48.67,56.65,41.0,45.295,70.431,56.661,57.0,121.0,137.0,92.71,Moderate Risk
8.4,480,3,50.03,53.91,45.28,43.505,40.851,53.907000000000004,55.0,125.0,133.0,95.35,Moderate Risk
8.4,480,4,48.18,55.1,41.92,45.755,60.9705,55.1055,56.0,122.0,136.0,93.83,Moderate Risk
8.5,0,1,93.36,149.03,128.87,79.135,95.24249999999999,149.0475,147.0,105.0,133.0,1.73,Moderate Risk
8.5,0,2,92.16,152.75,129.34,78.41,101.133,152.745,149.0,103.0,134.0,2.45,Moderate Risk
8.5,0,3,95.5,151.52,131.54,79.3,94.2735,151.521,149.0,105.0,133.0,1.73,Moderate Risk
8.5,0,4,89.63,146.96,127.36,79.745,99.4755,146.9565,144.0,105.0,132.0,4.12,Moderate Risk
8.5,1,1,75.04,112.59,99.44,79.495,85.0425,112.5825,113.0,112.0,131.0,35.92,Moderate Risk
8.5,1,2,75.66,115.32,99.49,78.025,87.69449999999999,115.31099999999999,115.0,110.0,132.0,33.54,Moderate Risk
8.5,1,3,77.17,115.51,94.35,73.445,84.63449999999999,115.515,115.0,109.0,135.0,33.51,Moderate Risk
8.5,1,4,72.67,116.82,96.38,76.11,96.39,116.8155,115.0,108.0,134.0,33.3,Moderate Risk
8.5,2,1,70.9,98.42,83.08,73.27,71.298,98.43,99.0,114.0,133.0,50.02,Moderate Risk
8.5,2,2,71.92,98.86,84.17,73.64,69.48750000000001,98.8635,100.0,115.0,133.0,49.25,Moderate Risk
8.5,2,3,68.31,100.54,85.98,76.45,81.753,100.5465,101.0,113.0,133.0,47.86,Moderate Risk
8.5,2,4,65.9,100.59,83.14,74.915,87.9495,100.59750000000001,101.0,111.0,134.0,47.56,Moderate Risk
8.5,5,1,62.65,78.52,69.84,73.585,51.5355,78.5145,80.0,120.0,131.0,69.86,Moderate Risk
8.5,5,2,57.82,79.59,63.9,68.385,69.7425,79.5855,80.0,115.0,135.0,68.95,Moderate Risk
8.5,5,3,58.84,80.8,67.35,71.62,69.2835,80.8095,82.0,116.0,133.0,67.09,Moderate Risk
8.5,5,4,63.82,83.43,64.68,61.315,59.9505,83.43599999999999,85.0,116.0,136.0,64.26,Moderate Risk
8.5,10,1,54.74,73.94,56.54,62.82,66.249,73.94999999999999,74.0,116.0,136.0,75.07,Moderate Risk
8.5,10,2,57.29,69.98,60.78,68.24,46.2315,69.972,71.0,121.0,132.0,78.85,Moderate Risk
8.5,10,3,57.53,76.43,60.92,65.395,63.087,76.4235,77.0,117.0,135.0,72.24,Moderate Risk
8.5,10,4,54.33,71.39,60.3,70.505,60.945,71.4,73.0,119.0,132.0,76.49,Moderate Risk
8.5,15,1,51.94,67.39,54.15,64.295,58.446,67.39649999999999,68.0,118.0,134.0,81.24,Moderate Risk
8.5,15,2,52.6,69.03,56.02,66.245,60.69,69.0285,70.0,118.0,134.0,79.27,Moderate Risk
8.5,15,3,51.32,62.92,55.64,71.155,46.971000000000004,62.908500000000004,64.0,122.0,131.0,85.91,Moderate Risk
8.5,15,4,52.32,65.84,57.38,71.225,52.3515,65.841,67.0,121.0,131.0,82.77,Moderate Risk
8.5,30,1,51.44,65.76,50.23,57.675,60.2055,65.7645,66.0,119.0,135.0,83.41,Moderate Risk
8.5,30,2,52.67,62.73,51.12,55.995,47.2005,62.73,64.0,121.0,133.0,85.71,Moderate Risk
8.5,30,3,50.85,62.98,50.92,60.185,49.1385,62.985,63.0,120.0,134.0,86.52,Moderate Risk
8.5,30,4,51.01,65.3,52.7,63.565,55.819500000000005,65.3055,66.0,119.0,134.0,83.38,Moderate Risk
8.5,45,1,51.01,61.39,45.49,49.58,66.0705,61.3785,62.0,120.0,136.0,87.57,Moderate Risk
8.5,45,2,51.11,62.82,49.25,55.89,55.08,62.832,63.0,120.0,134.0,86.52,Moderate Risk
8.5,45,3,52.12,57.39,48.24,47.27,40.6215,57.375,59.0,124.0,133.0,91.22,Moderate Risk
8.5,45,4,51.5,61.73,50.69,57.81,45.593999999999994,61.7355,63.0,122.0,134.0,86.91,Moderate Risk
8.5,60,1,46.11,57.18,47.05,62.535,49.367999999999995,57.171,58.0,122.0,132.0,91.78,Moderate Risk
8.5,60,2,52.72,60.67,46.81,47.21,58.267500000000005,60.6645,62.0,122.0,136.0,87.95,Moderate Risk
8.5,60,3,48.55,59.71,47.94,58.455,50.285999999999994,59.721,60.0,121.0,134.0,89.65,Moderate Risk
8.5,60,4,50.23,60.25,47.63,53.81,53.4225,60.2565,61.0,121.0,135.0,88.7,Moderate Risk
8.5,90,1,50.7,60.64,47.8,53.24,54.009,60.639,61.0,121.0,135.0,88.7,Moderate Risk
8.5,90,2,47.54,60.52,48.62,62.495,54.6975,60.511500000000005,61.0,120.0,134.0,88.48,Moderate Risk
8.5,90,3,49.35,60.61,46.78,54.425,58.190999999999995,60.6135,61.0,121.0,135.0,88.7,Moderate Risk
8.5,90,4,48.33,59.77,45.76,54.49,59.772,59.772,60.0,121.0,135.0,89.68,Moderate Risk
8.5,120,1,48.52,60.43,45.05,53.23,64.872,60.434999999999995,61.0,120.0,135.0,88.51,Moderate Risk
8.5,120,2,55.59,60.96,46.88,41.445,58.9305,60.9705,62.0,123.0,136.0,88.16,Moderate Risk
8.5,120,3,51.43,60.28,44.53,46.86,66.606,60.282,61.0,121.0,137.0,88.79,Moderate Risk
8.5,120,4,49.83,58.02,45.81,50.135,53.677499999999995,58.0125,59.0,121.0,135.0,90.66,Moderate Risk
8.5,180,1,47.87,53.73,44.92,49.975,41.82,53.7285,54.0,123.0,133.0,95.91,Moderate Risk
8.5,180,2,52.69,56.44,43.97,39.02,56.304,56.4315,58.0,123.0,136.0,92.07,Moderate Risk
8.5,180,3,50.24,56.39,45.92,47.605,47.353500000000004,56.3805,58.0,123.0,134.0,92.01,Moderate Risk
8.5,180,4,50.92,57.79,46.36,48.04,50.4645,57.783,58.0,123.0,134.0,92.01,Moderate Risk
8.5,240,1,49.88,57.76,45.1,48.67,55.9215,57.7575,58.0,122.0,134.0,91.8,Moderate Risk
8.5,240,2,45.61,56.88,47.64,65.385,50.5155,56.890499999999996,57.0,121.0,132.0,92.57,Moderate Risk
8.5,240,3,51.37,56.13,45.58,43.55,47.94,56.125499999999995,58.0,123.0,134.0,92.01,Moderate Risk
8.5,240,4,48.6,58.46,43.32,49.545,66.045,58.4715,59.0,120.0,136.0,90.52,Moderate Risk
8.5,300,1,47.27,56.55,42.47,49.78,63.469500000000004,56.559,57.0,121.0,136.0,92.66,Moderate Risk
8.5,300,2,51.15,55.87,43.96,41.88,54.366,55.8705,57.0,123.0,135.0,93.01,Moderate Risk
8.5,300,3,48.48,59.38,44.17,51.5,65.33099999999999,59.3895,60.0,120.0,136.0,89.53,Moderate Risk
8.5,300,4,48.49,55.68,43.63,47.9,55.182,55.692,56.0,122.0,135.0,93.79,Moderate Risk
8.5,360,1,48.3,58.24,45.94,54.245,53.856,58.242,59.0,121.0,134.0,90.63,Moderate Risk
8.5,360,2,48.82,55.95,42.22,45.575,62.577000000000005,55.947,56.0,122.0,135.0,93.79,Moderate Risk
8.5,360,3,47.05,55.18,46.21,57.2,41.4375,55.182,56.0,122.0,133.0,93.75,Moderate Risk
8.5,360,4,49.17,55.07,46.31,50.2,40.570499999999996,55.08,57.0,123.0,133.0,92.97,Moderate Risk
8.5,480,1,46.35,59.39,41.85,52.305,75.3015,59.3895,59.0,118.0,138.0,90.29,Moderate Risk
8.5,480,2,50.1,56.75,45.16,47.22,52.071,56.763,58.0,123.0,134.0,92.01,Moderate Risk
8.5,480,3,51.32,54.74,44.51,40.025,47.685,54.7485,56.0,124.0,134.0,94.17,Moderate Risk
8.5,480,4,48.02,58.34,45.04,53.28,58.1145,58.344,59.0,121.0,134.0,90.63,Moderate Risk
8.6,0,1,90.01,146.07,131.06,81.97,97.869,146.064,144.0,106.0,130.0,4.9,Moderate Risk
8.6,0,2,93.95,153.8,130.51,78.325,99.2205,153.79049999999998,150.0,103.0,134.0,3.0,Moderate Risk
8.6,0,3,90.38,152.74,130.07,79.095,104.1165,152.745,149.0,103.0,133.0,1.73,Moderate Risk
8.6,0,4,92.11,150.77,134.16,81.505,99.2205,150.78150000000002,148.0,105.0,130.0,2.24,Moderate Risk
8.6,1,1,73.18,112.22,98.09,79.14,88.7145,112.2255,113.0,111.0,132.0,35.69,Moderate Risk
8.6,1,2,75.26,114.51,98.36,77.655,87.414,114.5205,114.0,111.0,133.0,34.73,Moderate Risk
8.6,1,3,74.89,116.64,97.43,76.195,91.28999999999999,116.63699999999999,116.0,109.0,134.0,32.45,Moderate Risk
8.6,1,4,75.76,115.08,96.9,76.13,87.1335,115.08149999999999,115.0,110.0,134.0,33.6,Moderate Risk
8.6,2,1,68.76,96.81,81.82,73.965,73.899,96.8235,97.0,114.0,133.0,51.98,Moderate Risk
8.6,2,2,68.59,98.85,85.53,76.79,78.081,98.8635,99.0,114.0,132.0,50.01,Moderate Risk
8.6,2,3,66.79,97.04,84.23,77.3,79.48349999999999,97.0275,98.0,113.0,132.0,50.8,Moderate Risk
8.6,2,4,68.28,100.75,86.28,76.635,82.1865,100.7505,101.0,113.0,132.0,47.85,Moderate Risk
8.6,5,1,59.54,84.87,66.77,68.56,76.11749999999999,84.86399999999999,85.0,114.0,136.0,63.91,Moderate Risk
8.6,5,2,61.01,82.36,64.57,65.0,66.1215,82.36500000000001,83.0,116.0,136.0,66.22,Moderate Risk
8.6,5,3,65.85,82.65,70.63,68.535,51.8415,82.6455,85.0,118.0,133.0,64.54,Moderate Risk
8.6,5,4,61.99,82.54,68.99,70.225,63.495,82.5435,84.0,116.0,134.0,65.15,Moderate Risk
8.6,10,1,53.42,67.94,61.46,76.605,54.519,67.932,69.0,121.0,130.0,80.83,Moderate Risk
8.6,10,2,56.92,71.54,55.34,57.08,57.7065,71.5275,73.0,118.0,136.0,76.4,Moderate Risk
8.6,10,3,56.75,72.64,59.68,65.535,55.794,72.6495,74.0,119.0,134.0,75.53,Moderate Risk
8.6,10,4,58.02,73.11,60.04,64.005,52.632,73.1085,75.0,119.0,134.0,74.55,Moderate Risk
8.6,15,1,54.46,69.71,56.9,64.795,55.794,69.717,70.0,119.0,134.0,79.45,Moderate Risk
8.6,15,2,53.17,67.69,54.68,63.125,54.723000000000006,67.7025,69.0,119.0,134.0,80.44,Moderate Risk
8.6,15,3,56.85,64.12,53.4,50.345,42.661500000000004,64.13250000000001,67.0,122.0,134.0,83.0,Moderate Risk
8.6,15,4,54.92,69.14,52.56,55.745,61.149,69.1305,70.0,118.0,136.0,79.35,Moderate Risk
8.6,30,1,51.06,66.09,48.74,55.995,66.9375,66.09599999999999,67.0,118.0,137.0,82.35,Moderate Risk
8.6,30,2,50.96,62.4,51.66,61.825,46.767,62.3985,63.0,120.0,133.0,86.5,Moderate Risk
8.6,30,3,50.68,65.53,48.3,55.85,67.065,65.535,66.0,118.0,137.0,83.34,Moderate Risk
8.6,30,4,50.34,64.35,48.91,57.21,61.1745,64.3365,65.0,119.0,136.0,84.44,Moderate Risk
8.6,45,1,50.45,58.15,47.18,51.045,48.092999999999996,58.14,60.0,122.0,134.0,89.84,Moderate Risk
8.6,45,2,49.4,64.79,50.07,61.315,60.5625,64.7955,65.0,119.0,135.0,84.4,Moderate Risk
8.6,45,3,53.31,61.14,45.89,45.405,63.597,61.149,63.0,122.0,136.0,86.98,Moderate Risk
8.6,45,4,50.12,60.75,49.72,58.915,46.308,60.741,61.0,122.0,133.0,88.85,Moderate Risk
8.6,60,1,47.92,58.97,44.8,53.405,61.276500000000006,58.981500000000004,59.0,120.0,135.0,90.48,Moderate Risk
8.6,60,2,50.67,60.03,46.7,51.065,56.5845,60.027,61.0,120.0,135.0,88.51,Moderate Risk
8.6,60,3,50.9,61.95,46.6,51.595,63.2145,61.964999999999996,62.0,120.0,136.0,87.57,Moderate Risk
8.6,60,4,51.92,60.29,48.92,52.095,48.0675,60.282,62.0,122.0,134.0,87.89,Moderate Risk
8.6,90,1,48.35,59.16,50.01,64.615,46.614,59.160000000000004,60.0,121.0,132.0,89.63,Moderate Risk
8.6,90,2,45.52,61.27,43.65,56.825,73.33800000000001,61.276500000000006,61.0,117.0,137.0,88.11,Moderate Risk
8.6,90,3,48.96,58.2,44.44,50.15,60.282,58.190999999999995,59.0,120.0,135.0,90.48,Moderate Risk
8.6,90,4,51.58,58.52,42.08,42.665,71.655,58.5225,59.0,122.0,137.0,90.94,Moderate Risk
8.6,120,1,49.73,58.24,44.56,48.655,59.899499999999996,58.242,59.0,121.0,136.0,90.7,Moderate Risk
8.6,120,2,46.39,56.65,43.97,54.295,57.069,56.661,57.0,121.0,135.0,92.62,Moderate Risk
8.6,120,3,53.36,60.35,48.12,47.125,51.6885,60.3585,62.0,122.0,135.0,87.91,Moderate Risk
8.6,120,4,51.92,59.16,46.29,46.89,55.437000000000005,59.160000000000004,61.0,122.0,135.0,88.89,Moderate Risk
8.6,180,1,50.3,55.75,45.45,45.865,47.0985,55.742999999999995,57.0,123.0,134.0,92.98,Moderate Risk
8.6,180,2,47.76,53.41,45.94,52.67,35.6745,53.397,54.0,124.0,132.0,96.1,Moderate Risk
8.6,180,3,47.51,61.04,48.73,62.7,56.507999999999996,61.047,62.0,119.0,134.0,87.32,Moderate Risk
8.6,180,4,51.88,59.35,44.53,45.13,63.673500000000004,59.338499999999996,61.0,121.0,137.0,88.79,Moderate Risk
8.6,240,1,50.32,56.33,47.08,49.505,41.8965,56.3295,58.0,123.0,133.0,91.99,Moderate Risk
8.6,240,2,48.11,55.69,44.24,49.87,52.402499999999996,55.692,56.0,122.0,134.0,93.77,Moderate Risk
8.6,240,3,47.66,57.07,40.97,47.54,71.961,57.069,58.0,120.0,137.0,91.55,Moderate Risk
8.6,240,4,45.87,53.92,41.84,49.995,57.120000000000005,53.907000000000004,54.0,121.0,135.0,95.57,Moderate Risk
8.6,300,1,48.32,56.8,48.14,59.365,38.862,56.7885,58.0,123.0,132.0,91.98,Moderate Risk
8.6,300,2,48.62,56.91,46.89,54.81,44.931,56.916000000000004,58.0,122.0,133.0,91.79,Moderate Risk
8.6,300,3,53.15,53.32,45.82,30.665,35.878499999999995,53.3205,56.0,126.0,133.0,94.6,Moderate Risk
8.6,300,4,48.18,57.06,44.66,51.48,55.4115,57.069,58.0,121.0,135.0,91.64,Moderate Risk
8.6,360,1,47.7,58.11,43.61,51.535,63.6225,58.1145,58.0,120.0,136.0,91.5,Moderate Risk
8.6,360,2,47.51,57.42,41.42,48.58,71.043,57.426,58.0,120.0,137.0,91.55,Moderate Risk
8.6,360,3,50.97,55.7,43.34,41.485,56.559,55.692,57.0,123.0,135.0,93.01,Moderate Risk
8.6,360,4,47.7,58.81,48.37,61.815,48.169500000000006,58.803,59.0,121.0,133.0,90.61,Moderate Risk
8.6,480,1,51.35,58.92,45.38,46.775,58.599000000000004,58.9305,60.0,122.0,135.0,89.87,Moderate Risk
8.6,480,2,47.5,54.86,44.53,51.39,48.0165,54.876,55.0,122.0,133.0,94.73,Moderate Risk
8.6,480,3,49.53,56.53,46.4,50.755,45.670500000000004,56.533500000000004,58.0,123.0,133.0,91.99,Moderate Risk
8.6,480,4,46.47,59.81,44.09,55.445,67.0395,59.7975,59.0,119.0,136.0,90.34,Moderate Risk
8.7,0,1,93.83,150.77,133.06,80.67,96.31349999999999,150.78150000000002,148.0,105.0,131.0,1.41,Moderate Risk
8.7,0,2,90.24,149.84,128.05,79.035,101.439,149.838,146.0,104.0,133.0,2.24,Moderate Risk
8.7,0,3,92.8,149.6,129.85,79.57,96.8235,149.6085,147.0,104.0,133.0,1.41,Moderate Risk
8.7,0,4,92.41,152.39,126.61,77.105,100.368,152.388,149.0,102.0,136.0,4.58,Moderate Risk
8.7,1,1,74.95,112.82,97.71,78.03,85.6035,112.812,113.0,111.0,132.0,35.69,Moderate Risk
8.7,1,2,74.53,113.22,101.69,81.06,87.15899999999999,113.22,114.0,111.0,130.0,34.77,Moderate Risk
8.7,1,3,75.73,110.99,92.4,74.185,81.0135,110.976,111.0,111.0,134.0,37.71,Moderate Risk
8.7,1,4,74.37,114.51,97.97,77.635,89.403,114.5205,114.0,110.0,133.0,34.54,Moderate Risk
8.7,2,1,67.58,96.81,82.38,75.19,76.9845,96.798,97.0,114.0,133.0,51.98,Moderate Risk
8.7,2,2,67.04,95.13,83.22,77.28,75.27600000000001,95.115,97.0,115.0,132.0,52.17,Moderate Risk
8.7,2,3,71.94,97.6,81.23,70.865,67.0395,97.5885,99.0,115.0,134.0,50.26,Moderate Risk
8.7,2,4,67.82,98.27,86.12,78.03,79.0245,98.277,99.0,114.0,131.0,50.02,Moderate Risk
8.7,5,1,58.73,82.93,68.2,71.735,74.409,82.926,83.0,115.0,133.0,65.93,Moderate Risk
8.7,5,2,56.73,81.43,67.69,73.315,77.367,81.4215,82.0,115.0,133.0,66.92,Moderate Risk
8.7,5,3,58.43,82.84,67.49,71.135,75.12299999999999,82.824,83.0,115.0,134.0,65.95,Moderate Risk
8.7,5,4,60.31,81.26,65.6,67.57,65.73899999999999,81.26849999999999,83.0,116.0,135.0,66.17,Moderate Risk
8.7,10,1,55.83,68.36,55.01,58.145,49.8015,68.3655,70.0,119.0,134.0,79.45,Moderate Risk
8.7,10,2,55.18,71.04,55.57,60.74,56.967,71.043,72.0,118.0,135.0,77.34,Moderate Risk
8.7,10,3,53.91,73.02,60.92,71.0,66.73349999999999,73.032,74.0,117.0,133.0,75.14,Moderate Risk
8.7,10,4,55.53,76.83,51.61,55.34,83.691,76.8315,77.0,114.0,140.0,72.15,Moderate Risk
8.7,15,1,49.59,70.21,52.52,64.255,74.86800000000001,70.2015,70.0,116.0,136.0,79.02,Moderate Risk
8.7,15,2,52.03,63.73,55.61,69.18,46.818000000000005,63.724500000000006,65.0,121.0,131.0,84.73,Moderate Risk
8.7,15,3,51.07,65.69,53.44,64.855,56.737500000000004,65.688,66.0,120.0,133.0,83.55,Moderate Risk
8.7,15,4,56.61,65.61,55.63,57.05,38.785500000000006,65.61149999999999,68.0,122.0,133.0,82.01,Moderate Risk
8.7,30,1,48.93,63.15,51.81,66.07,57.426,63.138,64.0,119.0,133.0,85.33,Moderate Risk
8.7,30,2,50.69,64.48,53.75,66.66,54.5445,64.4895,65.0,120.0,133.0,84.53,Moderate Risk
8.7,30,3,50.17,65.52,48.85,57.625,64.872,65.5095,66.0,118.0,137.0,83.34,Moderate Risk
8.7,30,4,52.37,66.28,51.26,57.785,57.783,66.2745,67.0,119.0,135.0,82.43,Moderate Risk
8.7,45,1,51.39,60.15,49.64,55.02,44.5485,60.1545,62.0,122.0,134.0,87.89,Moderate Risk
8.7,45,2,48.3,60.3,47.6,58.335,53.703,60.3075,61.0,120.0,134.0,88.48,Moderate Risk
8.7,45,3,50.3,60.79,50.67,61.06,43.9875,60.792,61.0,122.0,133.0,88.85,Moderate Risk
8.7,45,4,51.6,61.17,47.77,51.415,55.8705,61.1745,63.0,120.0,135.0,86.54,Moderate Risk
8.7,60,1,50.02,62.82,46.25,53.175,67.2435,62.8065,63.0,120.0,136.0,86.59,Moderate Risk
8.7,60,2,51.47,61.05,49.5,54.89,48.246,61.047,63.0,121.0,134.0,86.71,Moderate Risk
8.7,60,3,48.85,58.41,46.08,53.265,53.8305,58.4205,59.0,121.0,134.0,90.63,Moderate Risk
8.7,60,4,52.58,59.19,47.58,47.075,50.0055,59.1855,61.0,122.0,134.0,88.87,Moderate Risk
8.7,90,1,49.98,58.46,43.9,47.465,63.495,58.4715,59.0,121.0,136.0,90.7,Moderate Risk
8.7,90,2,48.49,56.61,45.29,51.51,50.9745,56.61,58.0,122.0,134.0,91.8,Moderate Risk
8.7,90,3,49.01,57.28,46.08,52.145,49.8525,57.272999999999996,58.0,122.0,134.0,91.8,Moderate Risk
8.7,90,4,51.21,60.11,46.88,50.175,56.1,60.1035,61.0,122.0,135.0,88.89,Moderate Risk
8.7,120,1,48.2,59.37,46.89,56.85,53.601,59.364000000000004,60.0,121.0,134.0,89.65,Moderate Risk
8.7,120,2,52.18,60.63,43.14,44.5,73.542,60.639,61.0,121.0,137.0,88.79,Moderate Risk
8.7,120,3,52.56,57.08,48.54,45.87,38.1735,57.0945,59.0,124.0,133.0,91.22,Moderate Risk
8.7,120,4,48.32,58.77,47.02,56.67,51.0,58.7775,59.0,121.0,133.0,90.61,Moderate Risk
8.7,180,1,50.85,60.77,48.17,53.615,52.86150000000001,60.7665,61.0,121.0,134.0,88.67,Moderate Risk
8.7,180,2,48.48,56.33,47.58,56.92,39.6015,56.3295,58.0,123.0,132.0,91.98,Moderate Risk
8.7,180,3,45.64,56.3,50.59,73.93,48.271499999999996,56.304,57.0,122.0,130.0,92.78,Moderate Risk
8.7,180,4,50.14,61.23,45.12,50.65,67.0905,61.225500000000004,62.0,120.0,136.0,87.57,Moderate Risk
8.7,240,1,52.51,58.08,44.21,42.045,60.894000000000005,58.089,60.0,122.0,136.0,89.91,Moderate Risk
8.7,240,2,44.68,56.7,47.09,66.005,54.0855,56.711999999999996,57.0,121.0,132.0,92.57,Moderate Risk
8.7,240,3,48.54,58.38,43.79,50.225,63.75,58.369499999999995,59.0,120.0,136.0,90.52,Moderate Risk
8.7,240,4,50.91,59.51,42.89,45.525,71.247,59.516999999999996,60.0,121.0,137.0,89.77,Moderate Risk
8.7,300,1,49.14,57.6,44.91,50.01,56.1765,57.604499999999994,58.0,122.0,135.0,91.83,Moderate Risk
8.7,300,2,47.48,54.56,47.52,60.15,33.0735,54.57,55.0,123.0,131.0,94.93,Moderate Risk
8.7,300,3,50.3,56.18,44.73,45.395,51.969,56.1765,58.0,123.0,135.0,92.03,Moderate Risk
8.7,300,4,46.19,57.33,46.04,59.605,50.2095,57.324,58.0,121.0,133.0,91.6,Moderate Risk
8.7,360,1,48.81,55.06,44.01,46.97,51.204,55.054500000000004,56.0,122.0,134.0,93.77,Moderate Risk
8.7,360,2,49.46,58.34,44.73,49.585,59.4915,58.344,59.0,121.0,136.0,90.7,Moderate Risk
8.7,360,3,47.67,55.46,43.97,50.345,52.86150000000001,55.4625,56.0,122.0,135.0,93.79,Moderate Risk
8.7,360,4,50.21,53.34,44.16,40.225,43.8855,53.346,55.0,124.0,133.0,95.13,Moderate Risk
8.7,480,1,50.0,54.62,42.31,41.25,57.4515,54.621,56.0,123.0,135.0,93.99,Moderate Risk
8.7,480,2,49.72,56.51,46.62,50.575,44.6505,56.507999999999996,58.0,123.0,133.0,91.99,Moderate Risk
8.7,480,3,50.24,54.98,44.78,43.93,47.327999999999996,54.978,56.0,124.0,134.0,94.17,Moderate Risk
8.7,480,4,46.52,56.14,47.09,61.78,43.7325,56.151,57.0,122.0,132.0,92.76,Moderate Risk
8.8,0,1,90.35,154.07,131.38,79.32,105.468,154.071,150.0,102.0,134.0,3.46,Moderate Risk
8.8,0,2,92.17,149.93,130.56,79.94,98.226,149.9145,147.0,105.0,132.0,1.41,Moderate Risk
8.8,0,3,95.01,147.73,130.57,80.24,91.0095,147.72150000000002,145.0,107.0,132.0,4.24,Moderate Risk
8.8,0,4,92.4,152.84,132.23,79.77,100.827,152.847,149.0,104.0,132.0,1.0,Moderate Risk
8.8,1,1,73.99,110.02,98.34,80.275,83.538,110.0325,111.0,112.0,130.0,37.91,Moderate Risk
8.8,1,2,75.78,111.91,95.91,76.715,82.314,111.9195,112.0,112.0,133.0,36.89,Moderate Risk
8.8,1,3,77.63,111.83,96.53,76.58,77.979,111.843,112.0,112.0,132.0,36.88,Moderate Risk
8.8,1,4,70.86,110.22,94.47,78.0,91.06049999999999,110.211,110.0,110.0,132.0,38.47,Moderate Risk
8.8,2,1,68.6,97.26,80.29,72.23,75.1485,97.257,98.0,113.0,134.0,50.84,Moderate Risk
8.8,2,2,66.91,98.18,82.68,75.135,81.2175,98.175,99.0,113.0,133.0,49.83,Moderate Risk
8.8,2,3,69.98,96.67,83.04,74.685,70.4055,96.6705,98.0,115.0,132.0,51.2,Moderate Risk
8.8,2,4,63.52,96.49,84.76,79.325,87.1335,96.492,97.0,113.0,131.0,51.8,Moderate Risk
8.8,5,1,60.4,83.9,68.34,70.13,71.4255,83.89500000000001,84.0,116.0,134.0,65.15,Moderate Risk
8.8,5,2,60.54,82.8,67.51,69.39,68.544,82.79849999999999,83.0,116.0,134.0,66.13,Moderate Risk
8.8,5,3,62.27,82.94,70.12,71.4,63.546,82.926,84.0,117.0,132.0,65.31,Moderate Risk
8.8,5,4,63.27,80.04,65.58,64.135,53.4225,80.0445,82.0,118.0,135.0,67.54,Moderate Risk
8.8,10,1,56.06,73.44,60.21,67.165,60.333,73.44,75.0,118.0,134.0,74.36,Moderate Risk
8.8,10,2,53.77,67.98,60.29,73.775,53.3205,67.983,69.0,121.0,130.0,80.83,Moderate Risk
8.8,10,3,58.7,67.61,62.09,71.42,33.609,67.6005,70.0,123.0,130.0,80.31,Moderate Risk
8.8,10,4,53.87,69.76,55.42,62.935,58.089,69.768,70.0,118.0,134.0,79.27,Moderate Risk
8.8,15,1,52.5,69.19,55.98,66.245,61.4805,69.1815,70.0,118.0,134.0,79.27,Moderate Risk
8.8,15,2,55.04,69.99,54.63,59.215,55.947,69.9975,71.0,119.0,135.0,78.5,Moderate Risk
8.8,15,3,50.55,69.59,53.96,65.38,69.768,69.58949999999999,70.0,117.0,135.0,79.13,Moderate Risk
8.8,15,4,52.56,65.38,55.51,66.915,50.0055,65.382,67.0,120.0,132.0,82.57,Moderate Risk
8.8,30,1,49.15,62.73,46.89,55.71,64.3875,62.73,63.0,119.0,136.0,86.41,Moderate Risk
8.8,30,2,52.44,61.61,49.62,52.93,49.648500000000006,61.608000000000004,63.0,122.0,134.0,86.91,Moderate Risk
8.8,30,3,49.82,64.24,51.53,63.555,57.2475,64.2345,65.0,119.0,134.0,84.37,Moderate Risk
8.8,30,4,49.65,61.77,52.51,67.07,50.031000000000006,61.761,62.0,121.0,132.0,87.66,Moderate Risk
8.8,45,1,50.4,56.09,51.43,65.46,25.8825,56.1,58.0,124.0,130.0,92.22,Moderate Risk
8.8,45,2,54.98,61.49,49.48,46.265,49.8015,61.4805,63.0,123.0,134.0,87.12,Moderate Risk
8.8,45,3,50.58,61.02,46.36,51.38,61.251,61.0215,62.0,120.0,136.0,87.57,Moderate Risk
8.8,45,4,50.3,62.52,48.77,56.655,56.0745,62.526,63.0,120.0,135.0,86.54,Moderate Risk
8.8,60,1,46.91,60.84,46.65,59.445,59.4915,60.843,61.0,119.0,135.0,88.33,Moderate Risk
8.8,60,2,51.57,57.8,49.32,52.05,37.383,57.8085,59.0,124.0,132.0,91.22,Moderate Risk
8.8,60,3,46.24,59.07,48.59,65.485,55.386,59.058,60.0,120.0,133.0,89.45,Moderate Risk
8.8,60,4,52.0,58.33,49.22,50.825,39.831,58.31849999999999,60.0,124.0,133.0,90.25,Moderate Risk
8.8,90,1,50.34,59.32,46.39,50.83,55.5645,59.313,61.0,121.0,135.0,88.7,Moderate Risk
8.8,90,2,53.92,59.07,46.82,42.62,52.86150000000001,59.058,61.0,123.0,135.0,89.1,Moderate Risk
8.8,90,3,51.43,57.68,47.39,48.23,45.492,57.681000000000004,59.0,124.0,133.0,91.22,Moderate Risk
8.8,90,4,53.6,58.49,42.86,39.385,68.136,58.497,60.0,123.0,137.0,90.17,Moderate Risk
8.8,120,1,47.41,57.87,43.57,51.945,63.01049999999999,57.8595,58.0,121.0,135.0,91.64,Moderate Risk
8.8,120,2,51.86,58.37,44.7,44.29,59.6955,58.369499999999995,60.0,122.0,136.0,89.91,Moderate Risk
8.8,120,3,45.92,58.66,44.75,57.485,60.4605,58.650000000000006,58.0,119.0,135.0,91.29,Moderate Risk
8.8,120,4,49.54,56.52,47.26,52.6,41.7945,56.533500000000004,58.0,123.0,133.0,91.99,Moderate Risk
8.8,180,1,51.22,56.09,44.66,42.78,51.969,56.1,58.0,123.0,135.0,92.03,Moderate Risk
8.8,180,2,46.04,56.32,41.94,51.45,65.12700000000001,56.3295,57.0,120.0,136.0,92.48,Moderate Risk
8.8,180,3,50.42,57.12,45.83,47.805,50.4135,57.120000000000005,58.0,123.0,134.0,92.01,Moderate Risk
8.8,180,4,47.78,57.51,46.68,56.94,48.0165,57.502500000000005,58.0,121.0,133.0,91.6,Moderate Risk
8.8,240,1,47.66,58.83,46.52,57.225,53.371500000000005,58.8285,59.0,120.0,134.0,90.45,Moderate Risk
8.8,240,2,48.04,52.08,42.0,42.03,49.3935,52.071,54.0,124.0,134.0,96.12,Moderate Risk
8.8,240,3,46.53,54.64,40.88,47.68,64.209,54.646499999999996,55.0,121.0,136.0,94.63,Moderate Risk
8.8,240,4,46.4,57.95,44.45,55.665,59.3895,57.936,58.0,120.0,135.0,91.46,Moderate Risk
8.8,300,1,50.01,56.86,47.29,51.47,42.9165,56.865,58.0,123.0,133.0,91.99,Moderate Risk
8.8,300,2,50.76,52.75,44.66,37.365,39.091499999999996,52.7595,54.0,125.0,133.0,96.32,Moderate Risk
8.8,300,3,50.15,57.67,44.8,47.53,56.890499999999996,57.681000000000004,58.0,122.0,135.0,91.83,Moderate Risk
8.8,300,4,48.9,56.87,44.43,49.225,55.7685,56.865,57.0,122.0,135.0,92.81,Moderate Risk
8.8,360,1,50.08,55.8,40.08,40.92,71.8335,55.794,57.0,123.0,137.0,93.1,Moderate Risk
8.8,360,2,49.33,57.59,43.27,47.315,63.392999999999994,57.579,58.0,122.0,136.0,91.87,Moderate Risk
8.8,360,3,50.07,57.8,48.17,54.09,42.483,57.8085,59.0,123.0,133.0,91.01,Moderate Risk
8.8,360,4,51.93,55.08,43.21,37.95,54.9525,55.08,57.0,123.0,135.0,93.01,Moderate Risk
8.8,480,1,49.68,54.82,46.0,47.475,41.055,54.824999999999996,56.0,124.0,133.0,94.15,Moderate Risk
8.8,480,2,51.17,56.1,41.35,40.025,67.065,56.1,58.0,123.0,137.0,92.12,Moderate Risk
8.8,480,3,50.32,56.55,46.22,48.075,46.5885,56.533500000000004,58.0,123.0,133.0,91.99,Moderate Risk
8.8,480,4,44.38,54.68,43.23,56.99,53.397,54.672000000000004,54.0,121.0,134.0,95.55,Moderate Risk
8.9,0,1,92.74,151.5,128.81,78.415,98.9145,151.4955,148.0,103.0,134.0,2.24,Moderate Risk
8.9,0,2,90.32,148.84,129.2,79.93,100.266,148.8435,146.0,104.0,132.0,2.0,Moderate Risk
8.9,0,3,93.1,148.74,131.73,80.83,95.3955,148.7415,146.0,106.0,131.0,3.0,Moderate Risk
8.9,0,4,90.7,150.44,132.23,80.855,101.26050000000001,150.45,147.0,104.0,131.0,1.41,Moderate Risk
8.9,1,1,76.28,111.69,98.79,79.07,80.8605,111.69,112.0,112.0,131.0,36.89,Moderate Risk
8.9,1,2,72.97,112.08,96.09,77.735,88.9695,112.0725,112.0,110.0,132.0,36.5,Moderate Risk
8.9,1,3,71.31,109.8,99.46,81.94,89.403,109.803,110.0,112.0,129.0,38.95,Moderate Risk
8.9,1,4,71.47,112.67,98.07,79.37,93.2535,112.659,112.0,110.0,131.0,36.51,Moderate Risk
8.9,2,1,69.21,97.0,80.77,72.485,73.032,97.00200000000001,97.0,115.0,134.0,52.21,Moderate Risk
8.9,2,2,69.26,98.71,82.46,73.445,76.0665,98.7105,99.0,114.0,134.0,50.05,Moderate Risk
8.9,2,3,68.25,96.57,83.18,75.815,74.7915,96.5685,98.0,115.0,132.0,51.2,Moderate Risk
8.9,2,4,67.27,97.67,87.24,79.71,79.3815,97.665,99.0,115.0,130.0,50.26,Moderate Risk
8.9,5,1,62.38,78.58,65.96,66.635,52.5555,78.5655,80.0,119.0,133.0,69.64,Moderate Risk
8.9,5,2,59.56,79.73,66.53,70.375,64.515,79.73849999999999,81.0,117.0,133.0,68.26,Moderate Risk
8.9,5,3,59.83,81.54,64.58,66.565,67.881,81.54899999999999,82.0,115.0,135.0,66.98,Moderate Risk
8.9,5,4,61.3,79.34,67.53,70.355,58.0125,79.356,81.0,118.0,133.0,68.45,Moderate Risk
8.9,10,1,54.33,69.11,57.76,66.965,54.5445,69.105,70.0,120.0,133.0,79.63,Moderate Risk
8.9,10,2,59.6,68.81,55.69,51.055,48.602999999999994,68.79899999999999,71.0,121.0,135.0,78.91,Moderate Risk
8.9,10,3,50.06,71.57,55.38,67.425,76.65299999999999,71.5785,72.0,116.0,135.0,77.0,Moderate Risk
8.9,10,4,56.34,69.98,57.25,62.0,49.6995,69.972,71.0,120.0,134.0,78.67,Moderate Risk
8.9,15,1,54.04,68.71,52.5,57.145,60.1545,68.72250000000001,69.0,119.0,136.0,80.51,Moderate Risk
8.9,15,2,55.34,68.04,55.34,60.015,47.6085,68.03399999999999,70.0,119.0,134.0,79.45,Moderate Risk
8.9,15,3,52.76,63.74,55.55,67.63,43.9365,63.75,65.0,121.0,131.0,84.73,Moderate Risk
8.9,15,4,51.34,64.89,54.02,65.925,53.24400000000001,64.89750000000001,66.0,120.0,133.0,83.55,Moderate Risk
8.9,30,1,49.26,60.01,49.03,59.375,46.639500000000005,60.0015,61.0,121.0,133.0,88.65,Moderate Risk
8.9,30,2,52.06,62.19,49.57,54.065,51.765,62.194500000000005,64.0,120.0,135.0,85.56,Moderate Risk
8.9,30,3,49.08,64.83,49.69,61.16,61.9395,64.821,65.0,119.0,135.0,84.4,Moderate Risk
8.9,30,4,50.54,64.82,50.87,60.695,56.1765,64.821,65.0,119.0,135.0,84.4,Moderate Risk
8.9,45,1,48.31,58.23,47.9,58.81,45.262499999999996,58.242,59.0,121.0,133.0,90.61,Moderate Risk
8.9,45,2,50.46,58.86,49.57,57.135,40.239,58.854,60.0,123.0,132.0,90.03,Moderate Risk
8.9,45,3,44.8,62.82,49.19,67.31,73.1595,62.8065,62.0,118.0,133.0,87.14,Moderate Risk
8.9,45,4,50.81,59.78,50.6,59.325,39.168,59.772,61.0,122.0,132.0,88.84,Moderate Risk
8.9,60,1,49.26,56.92,48.22,56.42,38.964,56.916000000000004,58.0,123.0,132.0,91.98,Moderate Risk
8.9,60,2,45.77,58.55,50.46,71.02,55.641,58.548,59.0,120.0,131.0,90.43,Moderate Risk
8.9,60,3,48.57,61.61,47.2,57.145,59.6445,61.608000000000004,62.0,119.0,135.0,87.35,Moderate Risk
8.9,60,4,46.19,58.86,45.61,58.69,57.426,58.854,58.0,120.0,134.0,91.43,Moderate Risk
8.9,90,1,48.39,58.55,45.15,52.745,58.369499999999995,58.548,59.0,121.0,134.0,90.63,Moderate Risk
8.9,90,2,47.18,63.0,44.93,56.265,73.1595,63.01049999999999,63.0,117.0,137.0,86.13,Moderate Risk
8.9,90,3,47.11,59.89,46.16,57.93,58.446,59.899499999999996,60.0,120.0,134.0,89.47,Moderate Risk
8.9,90,4,48.35,59.7,44.8,52.85,63.647999999999996,59.6955,60.0,120.0,136.0,89.53,Moderate Risk
8.9,120,1,49.99,54.81,48.74,53.84,28.2285,54.7995,56.0,125.0,131.0,94.37,Moderate Risk
8.9,120,2,48.45,60.76,42.94,50.72,74.766,60.7665,61.0,119.0,138.0,88.49,Moderate Risk
8.9,120,3,51.01,60.16,45.63,48.9,61.608000000000004,60.1545,61.0,121.0,136.0,88.74,Moderate Risk
8.9,120,4,47.46,58.27,42.84,51.03,67.524,58.267500000000005,58.0,120.0,137.0,91.55,Moderate Risk
8.9,180,1,45.48,55.6,43.15,54.395,57.0945,55.589999999999996,56.0,121.0,134.0,93.58,Moderate Risk
8.9,180,2,48.95,57.66,47.13,54.805,46.563,57.655499999999996,58.0,122.0,133.0,91.79,Moderate Risk
8.9,180,3,50.0,58.66,43.76,47.435,64.77,58.650000000000006,59.0,121.0,136.0,90.7,Moderate Risk
8.9,180,4,52.64,59.88,46.18,45.845,58.344,59.874,61.0,122.0,135.0,88.89,Moderate Risk
8.9,240,1,48.35,57.6,44.8,51.68,56.6865,57.604499999999994,58.0,121.0,135.0,91.64,Moderate Risk
8.9,240,2,47.3,58.77,44.57,54.225,61.6335,58.7775,59.0,120.0,135.0,90.48,Moderate Risk
8.9,240,3,47.44,59.05,47.73,60.755,50.133,59.058,60.0,121.0,134.0,89.65,Moderate Risk
8.9,240,4,43.17,55.1,44.22,62.655,55.233,55.1055,55.0,120.0,133.0,94.37,Moderate Risk
8.9,300,1,47.3,54.68,44.2,51.125,48.858,54.672000000000004,55.0,122.0,133.0,94.73,Moderate Risk
8.9,300,2,47.88,53.56,43.17,46.395,49.47,53.55,54.0,123.0,134.0,95.92,Moderate Risk
8.9,300,3,48.67,55.6,43.24,46.83,56.711999999999996,55.589999999999996,56.0,122.0,135.0,93.79,Moderate Risk
8.9,300,4,48.87,55.31,44.66,48.13,49.0875,55.3095,56.0,122.0,134.0,93.77,Moderate Risk
8.9,360,1,45.6,61.86,43.26,56.22,76.70400000000001,61.863,61.0,117.0,137.0,88.11,Moderate Risk
8.9,360,2,47.66,56.2,46.27,55.805,45.0585,56.202000000000005,57.0,122.0,133.0,92.77,Moderate Risk
8.9,360,3,44.8,60.17,48.68,67.58,65.1525,60.1545,60.0,118.0,133.0,89.11,Moderate Risk
8.9,360,4,49.81,56.25,46.72,50.27,43.196999999999996,56.253,58.0,123.0,133.0,91.99,Moderate Risk
8.9,480,1,47.99,53.92,43.12,46.47,51.102,53.9325,54.0,123.0,134.0,95.92,Moderate Risk
8.9,480,2,47.99,58.69,42.59,49.935,69.972,58.6755,58.0,120.0,137.0,91.55,Moderate Risk
8.9,480,3,46.18,55.71,42.33,51.36,61.276500000000006,55.7175,56.0,122.0,135.0,93.79,Moderate Risk
8.9,480,4,48.32,59.25,44.62,52.42,62.985,59.262,60.0,120.0,136.0,89.53,Moderate Risk
9.0,0,1,92.17,151.09,132.05,80.305,99.45,151.0875,148.0,104.0,132.0,0.0,Moderate Risk
9.0,0,2,89.91,148.98,130.14,80.43,101.1075,148.971,145.0,104.0,131.0,3.16,Moderate Risk
9.0,0,3,93.95,154.22,128.81,77.35,99.654,154.224,150.0,102.0,135.0,4.12,Moderate Risk
9.0,0,4,88.21,151.85,132.12,80.695,106.87049999999999,151.85250000000002,148.0,103.0,132.0,1.0,Moderate Risk
9.0,1,1,70.42,114.82,94.23,76.085,98.60849999999999,114.8265,113.0,108.0,134.0,35.28,Moderate Risk
9.0,1,2,73.49,111.91,96.21,77.745,87.567,111.9195,112.0,111.0,132.0,36.67,Moderate Risk
9.0,1,3,79.13,114.08,92.42,71.405,78.132,114.087,115.0,111.0,136.0,33.97,Moderate Risk
9.0,1,4,72.85,109.41,96.49,79.405,85.221,109.42049999999999,110.0,112.0,131.0,38.85,Moderate Risk
9.0,2,1,64.47,96.56,81.12,75.565,84.73649999999999,96.5685,97.0,113.0,133.0,51.8,Moderate Risk
9.0,2,2,68.44,96.49,81.34,73.805,74.1285,96.492,97.0,114.0,133.0,51.98,Moderate Risk
9.0,2,3,65.09,98.17,80.56,74.03,85.935,98.175,99.0,112.0,134.0,49.69,Moderate Risk
9.0,2,4,64.31,93.56,83.76,79.95,79.713,93.5595,95.0,115.0,130.0,54.17,Moderate Risk
9.0,5,1,60.38,81.58,66.04,68.01,66.2745,81.5745,83.0,116.0,134.0,66.13,Moderate Risk
9.0,5,2,61.08,80.14,66.57,68.64,60.6645,80.1465,82.0,117.0,134.0,67.3,Moderate Risk
9.0,5,3,56.98,79.94,67.54,73.795,73.236,79.9425,80.0,116.0,132.0,69.05,Moderate Risk
9.0,5,4,57.23,84.41,65.65,69.29,82.11,84.405,85.0,113.0,136.0,63.77,Moderate Risk
9.0,10,1,54.0,71.2,57.47,66.055,61.608000000000004,71.196,72.0,117.0,134.0,77.13,Moderate Risk
9.0,10,2,58.75,73.63,57.78,58.17,54.9015,73.644,75.0,118.0,136.0,74.44,Moderate Risk
9.0,10,3,56.11,70.6,56.55,60.895,52.326,70.6095,72.0,120.0,134.0,77.69,Moderate Risk
9.0,10,4,56.68,71.74,58.12,62.87,53.5245,71.7315,73.0,119.0,134.0,76.51,Moderate Risk
9.0,15,1,57.14,65.06,51.93,48.105,51.4845,65.076,68.0,122.0,135.0,82.05,Moderate Risk
9.0,15,2,53.28,66.37,54.39,62.54,50.285999999999994,66.3765,68.0,120.0,134.0,81.61,Moderate Risk
9.0,15,3,51.66,72.76,55.23,65.08,73.97550000000001,72.7515,72.0,116.0,135.0,77.0,Moderate Risk
9.0,15,4,50.96,66.06,56.71,71.425,58.293,66.0705,67.0,119.0,132.0,82.38,Moderate Risk
9.0,30,1,50.04,62.37,48.7,57.06,55.896,62.373000000000005,63.0,120.0,135.0,86.54,Moderate Risk
9.0,30,2,48.65,61.99,47.35,57.35,60.2055,61.990500000000004,62.0,119.0,135.0,87.35,Moderate Risk
9.0,30,3,49.74,60.53,47.86,55.555,53.371500000000005,60.537,61.0,121.0,134.0,88.67,Moderate Risk
9.0,30,4,50.63,62.25,52.72,65.4,47.583,62.2455,63.0,120.0,133.0,86.5,Moderate Risk
9.0,45,1,51.22,58.84,46.96,49.23,51.4845,58.8285,60.0,122.0,135.0,89.87,Moderate Risk
9.0,45,2,49.17,61.54,52.15,67.215,51.255,61.531499999999994,62.0,121.0,132.0,87.66,Moderate Risk
9.0,45,3,49.16,64.2,46.69,55.76,69.564,64.209,65.0,117.0,137.0,84.16,Moderate Risk
9.0,45,4,52.5,57.93,45.75,43.375,53.6265,57.936,59.0,124.0,135.0,91.27,Moderate Risk
9.0,60,1,53.91,58.27,48.93,44.01,40.8765,58.267500000000005,60.0,124.0,133.0,90.25,Moderate Risk
9.0,60,2,47.78,59.2,44.7,53.61,62.475,59.211,60.0,119.0,136.0,89.36,Moderate Risk
9.0,60,3,49.33,60.3,48.65,58.245,49.2405,60.3075,61.0,120.0,134.0,88.48,Moderate Risk
9.0,60,4,53.68,59.78,46.62,43.905,56.125499999999995,59.772,61.0,123.0,135.0,89.1,Moderate Risk
9.0,90,1,50.46,56.59,46.73,48.64,44.4465,56.5845,58.0,123.0,133.0,91.99,Moderate Risk
9.0,90,2,47.12,59.1,46.98,59.65,52.3005,59.109,60.0,120.0,134.0,89.47,Moderate Risk
9.0,90,3,48.39,59.99,45.96,54.8,59.6445,60.0015,60.0,121.0,135.0,89.68,Moderate Risk
9.0,90,4,48.17,60.26,48.54,60.935,51.1785,60.2565,61.0,120.0,134.0,88.48,Moderate Risk
9.0,120,1,52.24,58.44,43.9,42.79,63.443999999999996,58.446,60.0,122.0,137.0,89.96,Moderate Risk
9.0,120,2,48.17,59.28,46.57,56.205,54.672000000000004,59.2875,60.0,121.0,134.0,89.65,Moderate Risk
9.0,120,3,47.34,59.55,45.64,56.325,59.568,59.542500000000004,60.0,120.0,135.0,89.49,Moderate Risk
9.0,120,4,50.6,58.76,47.82,52.39,47.481,58.751999999999995,60.0,122.0,134.0,89.84,Moderate Risk
9.0,180,1,50.55,52.72,46.42,40.345,30.447000000000003,52.7085,54.0,126.0,131.0,96.55,Moderate Risk
9.0,180,2,48.58,59.03,46.26,54.535,55.182,59.032500000000006,60.0,121.0,134.0,89.65,Moderate Risk
9.0,180,3,53.25,58.89,45.53,42.665,57.8595,58.8795,60.0,123.0,135.0,90.08,Moderate Risk
9.0,180,4,49.72,56.24,41.11,42.935,68.595,56.253,58.0,121.0,137.0,91.73,Moderate Risk
9.0,240,1,49.1,60.21,43.58,50.035,70.431,60.2055,61.0,119.0,137.0,88.43,Moderate Risk
9.0,240,2,52.56,54.28,45.32,35.755,42.1005,54.289500000000004,56.0,126.0,133.0,94.6,Moderate Risk
9.0,240,3,50.36,53.76,46.93,44.9,32.4105,53.754,55.0,125.0,132.0,95.34,Moderate Risk
9.0,240,4,47.5,57.98,42.59,50.42,67.7025,57.986999999999995,58.0,120.0,136.0,91.5,Moderate Risk
9.0,300,1,48.46,55.19,46.11,52.255,41.973,55.182,57.0,123.0,133.0,92.97,Moderate Risk
9.0,300,2,49.0,55.82,41.93,44.74,63.443999999999996,55.819500000000005,56.0,122.0,136.0,93.83,Moderate Risk
9.0,300,3,49.7,54.09,44.54,43.78,45.0585,54.0855,56.0,123.0,134.0,93.96,Moderate Risk
9.0,300,4,51.69,54.5,41.68,36.575,59.976,54.4935,56.0,124.0,136.0,94.23,Moderate Risk
9.0,360,1,46.61,56.43,43.42,52.655,58.803,56.4315,57.0,121.0,135.0,92.62,Moderate Risk
9.0,360,2,47.14,54.58,45.41,54.34,42.814499999999995,54.57,55.0,123.0,133.0,94.93,Moderate Risk
9.0,360,3,46.26,55.93,41.61,50.255,65.28,55.9215,56.0,121.0,136.0,93.64,Moderate Risk
9.0,360,4,44.64,61.6,43.16,57.59,76.347,61.608000000000004,61.0,117.0,137.0,88.11,Moderate Risk
9.0,480,1,49.51,54.91,44.0,44.845,50.643,54.9015,56.0,123.0,134.0,93.96,Moderate Risk
9.0,480,2,45.44,58.56,43.82,56.705,64.1835,58.573499999999996,58.0,119.0,136.0,91.33,Moderate Risk
9.0,480,3,47.42,54.98,42.09,47.605,59.7975,54.978,55.0,122.0,135.0,94.77,Moderate Risk
9.0,480,4,47.0,55.47,43.78,51.745,53.7285,55.4625,56.0,122.0,135.0,93.79,Moderate Risk
9.1,0,1,91.81,147.99,128.84,79.775,96.798,147.97650000000002,145.0,105.0,132.0,3.16,Moderate Risk
9.1,0,2,95.62,149.98,130.45,79.22,92.412,149.9655,147.0,106.0,132.0,2.24,Moderate Risk
9.1,0,3,91.45,151.85,135.96,82.105,101.439,151.85250000000002,148.0,105.0,130.0,2.24,Moderate Risk
9.1,0,4,94.52,151.12,134.01,80.93,95.4975,151.113,149.0,105.0,131.0,1.73,Moderate Risk
9.1,1,1,75.33,112.5,95.86,76.565,84.25200000000001,112.506,113.0,111.0,133.0,35.71,Moderate Risk
9.1,1,2,76.71,110.51,97.79,78.71,78.00450000000001,110.517,111.0,113.0,131.0,38.09,Moderate Risk
9.1,1,3,74.11,109.54,93.3,76.245,82.4925,109.548,110.0,111.0,133.0,38.65,Moderate Risk
9.1,1,4,75.39,114.36,95.99,75.86,86.904,114.3675,114.0,110.0,134.0,34.58,Moderate Risk
9.1,2,1,65.03,95.34,82.98,77.765,81.06450000000001,95.3445,96.0,114.0,132.0,52.95,Moderate Risk
9.1,2,2,65.34,98.56,84.43,77.235,85.9605,98.5575,99.0,113.0,132.0,49.82,Moderate Risk
9.1,2,3,64.42,93.61,80.57,76.595,79.509,93.6105,94.0,114.0,132.0,54.92,Moderate Risk
9.1,2,4,66.38,98.02,81.63,74.46,82.314,98.022,99.0,112.0,134.0,49.69,Moderate Risk
9.1,5,1,59.11,80.86,68.93,73.555,68.595,80.8605,82.0,117.0,132.0,67.27,Moderate Risk
9.1,5,2,58.44,79.9,66.4,71.13,68.5185,79.89150000000001,81.0,117.0,133.0,68.26,Moderate Risk
9.1,5,3,57.09,79.22,63.75,69.025,71.247,79.2285,80.0,115.0,135.0,68.95,Moderate Risk
9.1,5,4,55.51,80.15,64.29,70.685,78.3615,80.1465,81.0,115.0,134.0,67.93,Moderate Risk
9.1,10,1,52.25,70.14,58.68,70.79,65.0505,70.125,71.0,118.0,133.0,78.27,Moderate Risk
9.1,10,2,57.58,68.95,60.05,66.525,42.049499999999995,68.952,71.0,121.0,131.0,78.86,Moderate Risk
9.1,10,3,56.51,69.03,58.54,64.87,46.257000000000005,69.0285,71.0,120.0,133.0,78.65,Moderate Risk
9.1,10,4,53.2,72.38,57.39,66.56,67.575,72.369,73.0,117.0,135.0,76.18,Moderate Risk
9.1,15,1,54.97,66.0,52.64,54.775,51.612,65.994,67.0,120.0,135.0,82.62,Moderate Risk
9.1,15,2,49.65,66.66,56.49,72.06,65.0505,66.65700000000001,67.0,118.0,132.0,82.2,Moderate Risk
9.1,15,3,54.37,67.68,54.7,60.725,50.133,67.677,69.0,119.0,134.0,80.44,Moderate Risk
9.1,15,4,52.27,65.59,52.67,60.89,51.765,65.586,66.0,120.0,134.0,83.57,Moderate Risk
9.1,30,1,49.3,60.54,48.83,58.795,49.3425,60.537,61.0,120.0,134.0,88.48,Moderate Risk
9.1,30,2,52.69,62.5,50.02,53.58,50.9235,62.5005,64.0,121.0,134.0,85.73,Moderate Risk
9.1,30,3,50.43,61.06,48.29,54.97,53.3205,61.047,62.0,120.0,135.0,87.53,Moderate Risk
9.1,30,4,53.81,63.81,48.96,50.2,59.313,63.800999999999995,65.0,121.0,136.0,84.82,Moderate Risk
9.1,45,1,51.49,59.62,47.3,49.805,52.683,59.619,61.0,122.0,134.0,88.87,Moderate Risk
9.1,45,2,51.12,60.48,43.57,46.61,71.298,60.486,61.0,120.0,137.0,88.6,Moderate Risk
9.1,45,3,49.42,63.79,47.02,55.71,67.014,63.800999999999995,64.0,118.0,136.0,85.25,Moderate Risk
9.1,45,4,50.24,63.66,42.75,49.26,83.742,63.647999999999996,63.0,118.0,139.0,86.43,Moderate Risk
9.1,60,1,48.51,57.54,51.93,71.365,40.035000000000004,57.528,58.0,123.0,130.0,92.01,Moderate Risk
9.1,60,2,51.4,60.24,46.84,49.775,56.711999999999996,60.231,61.0,122.0,135.0,88.89,Moderate Risk
9.1,60,3,45.52,58.67,50.06,70.365,57.171,58.6755,59.0,120.0,131.0,90.43,Moderate Risk
9.1,60,4,49.7,59.96,45.17,50.815,62.883,59.9505,60.0,121.0,135.0,89.68,Moderate Risk
9.1,90,1,48.06,61.34,45.25,54.76,66.912,61.353,62.0,119.0,136.0,87.39,Moderate Risk
9.1,90,2,49.54,58.49,49.42,59.595,39.576,58.497,59.0,123.0,132.0,91.01,Moderate Risk
9.1,90,3,50.5,53.96,46.42,43.765,35.598,53.958000000000006,55.0,125.0,132.0,95.34,Moderate Risk
9.1,90,4,53.76,55.37,47.15,35.86,37.842,55.360499999999995,58.0,126.0,133.0,92.66,Moderate Risk
9.1,120,1,46.74,56.19,43.2,51.83,58.955999999999996,56.202000000000005,57.0,121.0,135.0,92.62,Moderate Risk
9.1,120,2,46.46,58.08,48.95,66.425,51.0,58.089,59.0,120.0,133.0,90.43,Moderate Risk
9.1,120,3,50.37,57.84,43.71,45.86,62.271,57.834,58.0,122.0,136.0,91.87,Moderate Risk
9.1,120,4,49.53,55.12,43.66,44.645,52.989000000000004,55.131,57.0,123.0,135.0,93.01,Moderate Risk
9.1,180,1,48.82,57.13,44.59,49.89,55.947,57.120000000000005,58.0,121.0,135.0,91.64,Moderate Risk
9.1,180,2,48.99,57.94,44.91,50.615,57.3495,57.936,58.0,121.0,135.0,91.64,Moderate Risk
9.1,180,3,49.62,55.95,45.48,48.15,47.736000000000004,55.947,57.0,123.0,133.0,92.97,Moderate Risk
9.1,180,4,51.13,54.08,45.28,40.06,41.514,54.0855,56.0,125.0,133.0,94.37,Moderate Risk
9.1,240,1,48.68,60.06,48.07,58.475,50.898,60.052499999999995,61.0,120.0,134.0,88.48,Moderate Risk
9.1,240,2,50.43,55.64,44.12,43.565,52.785,55.641,57.0,123.0,134.0,92.98,Moderate Risk
9.1,240,3,49.97,59.97,44.95,49.97,63.8775,59.976,60.0,121.0,136.0,89.72,Moderate Risk
9.1,240,4,47.73,54.68,44.02,49.55,49.6995,54.672000000000004,55.0,122.0,133.0,94.73,Moderate Risk
9.1,300,1,45.67,58.07,47.51,64.46,54.442499999999995,58.063500000000005,58.0,120.0,133.0,91.42,Moderate Risk
9.1,300,2,46.38,53.17,47.53,65.085,32.563500000000005,53.1675,54.0,124.0,131.0,96.11,Moderate Risk
9.1,300,3,48.47,55.97,47.55,56.725,38.352000000000004,55.972500000000004,57.0,123.0,132.0,92.96,Moderate Risk
9.1,300,4,48.07,54.16,43.21,46.7,51.5355,54.162,55.0,123.0,134.0,94.94,Moderate Risk
9.1,360,1,48.42,55.36,43.54,47.62,54.468,55.360499999999995,56.0,122.0,135.0,93.79,Moderate Risk
9.1,360,2,51.1,53.53,45.01,38.555,40.596000000000004,53.5245,56.0,125.0,133.0,94.37,Moderate Risk
9.1,360,3,49.34,56.73,45.86,50.4,48.858,56.737500000000004,58.0,123.0,134.0,92.01,Moderate Risk
9.1,360,4,47.46,54.13,44.16,50.08,46.9965,54.1365,55.0,122.0,133.0,94.73,Moderate Risk
9.1,480,1,48.1,54.88,45.22,51.06,44.9055,54.876,55.0,124.0,133.0,95.13,Moderate Risk
9.1,480,2,46.55,54.01,46.07,58.155,37.5105,54.009,55.0,122.0,132.0,94.73,Moderate Risk
9.1,480,3,51.24,55.35,45.93,43.095,43.400999999999996,55.360499999999995,57.0,124.0,134.0,93.19,Moderate Risk
9.1,480,4,47.62,61.71,43.65,53.415,74.61300000000001,61.71,61.0,118.0,137.0,88.26,Moderate Risk
9.2,0,1,89.17,150.95,132.22,80.9,104.3715,150.95999999999998,147.0,104.0,131.0,1.41,Moderate Risk
9.2,0,2,93.85,154.46,130.44,78.11,100.06200000000001,154.4535,151.0,102.0,134.0,4.12,Moderate Risk
9.2,0,3,94.08,153.01,129.16,77.86,98.226,153.0255,150.0,103.0,135.0,3.74,Moderate Risk
9.2,0,4,94.22,148.62,131.63,80.63,93.33,148.614,146.0,106.0,131.0,3.0,Moderate Risk
9.2,1,1,72.1,112.06,94.33,76.685,90.93299999999999,112.0725,112.0,110.0,134.0,36.55,Moderate Risk
9.2,1,2,73.32,112.94,93.48,75.265,89.454,112.93950000000001,112.0,110.0,134.0,36.55,Moderate Risk
9.2,1,3,74.46,111.8,93.79,75.535,85.17,111.792,112.0,110.0,134.0,36.55,Moderate Risk
9.2,1,4,77.82,110.01,96.67,77.57,74.61300000000001,110.007,111.0,113.0,132.0,38.08,Moderate Risk
9.2,2,1,67.46,96.05,78.94,72.045,75.88799999999999,96.0585,97.0,113.0,135.0,51.87,Moderate Risk
9.2,2,2,66.71,94.34,77.23,71.425,74.6895,94.35,95.0,114.0,134.0,53.97,Moderate Risk
9.2,2,3,67.01,96.74,81.94,75.065,78.3615,96.747,97.0,114.0,133.0,51.98,Moderate Risk
9.2,2,4,69.22,94.99,81.07,73.8,69.1815,94.9875,96.0,115.0,132.0,53.15,Moderate Risk
9.2,5,1,58.83,79.98,63.56,66.705,67.4475,79.9935,80.0,116.0,135.0,69.12,Moderate Risk
9.2,5,2,61.45,79.5,64.85,65.66,57.9105,79.509,81.0,117.0,134.0,68.28,Moderate Risk
9.2,5,3,61.43,77.6,65.2,67.01,53.1675,77.5965,79.0,119.0,133.0,70.62,Moderate Risk
9.2,5,4,60.21,79.68,66.74,70.065,62.296499999999995,79.6875,81.0,117.0,133.0,68.26,Moderate Risk
9.2,10,1,59.53,69.86,59.11,58.83,39.2445,69.87,72.0,122.0,133.0,78.11,Moderate Risk
9.2,10,2,53.67,68.4,52.52,57.845,59.1855,68.391,69.0,118.0,136.0,80.33,Moderate Risk
9.2,10,3,57.01,67.49,60.12,68.9,39.6015,67.49849999999999,70.0,122.0,131.0,80.06,Moderate Risk
9.2,10,4,52.48,71.07,59.34,71.08,66.73349999999999,71.0685,72.0,117.0,133.0,77.11,Moderate Risk
9.2,15,1,55.76,66.57,55.99,60.63,41.412,66.5805,68.0,120.0,133.0,81.59,Moderate Risk
9.2,15,2,53.93,66.32,51.84,55.665,55.6665,66.3255,68.0,119.0,135.0,81.45,Moderate Risk
9.2,15,3,55.67,65.29,52.46,52.5,50.1075,65.28,67.0,121.0,135.0,82.82,Moderate Risk
9.2,15,4,52.25,70.87,51.75,59.22,68.79899999999999,70.86449999999999,71.0,116.0,137.0,78.09,Moderate Risk
9.2,30,1,50.3,59.79,48.34,54.875,48.8325,59.7975,61.0,121.0,134.0,88.67,Moderate Risk
9.2,30,2,53.67,61.07,47.61,46.51,56.202000000000005,61.0725,63.0,121.0,136.0,86.78,Moderate Risk
9.2,30,3,51.37,64.56,49.07,55.555,61.1745,64.56599999999999,65.0,119.0,135.0,84.4,Moderate Risk
9.2,30,4,54.02,64.32,48.42,49.425,63.036,64.31099999999999,66.0,120.0,137.0,83.7,Moderate Risk
9.2,45,1,51.1,60.14,47.18,50.94,54.927,60.129000000000005,61.0,122.0,135.0,88.89,Moderate Risk
9.2,45,2,52.0,57.12,47.64,46.185,42.330000000000005,57.120000000000005,59.0,124.0,133.0,91.22,Moderate Risk
9.2,45,3,47.44,63.17,47.76,60.615,63.495,63.1635,63.0,117.0,136.0,86.08,Moderate Risk
9.2,45,4,50.17,62.93,49.63,58.79,53.881499999999996,62.934,63.0,120.0,134.0,86.52,Moderate Risk
9.2,60,1,52.61,58.84,48.58,48.21,44.472,58.8285,60.0,123.0,133.0,90.03,Moderate Risk
9.2,60,2,49.74,58.67,46.98,52.905,50.796,58.6755,59.0,121.0,134.0,90.63,Moderate Risk
9.2,60,3,50.46,54.77,47.43,47.605,34.1955,54.774,56.0,124.0,132.0,94.15,Moderate Risk
9.2,60,4,50.59,62.21,46.29,51.905,65.25450000000001,62.22,63.0,120.0,136.0,86.59,Moderate Risk
9.2,90,1,48.26,58.94,46.07,54.89,55.6665,58.9305,59.0,121.0,134.0,90.63,Moderate Risk
9.2,90,2,46.98,60.24,48.04,62.39,56.1,60.231,61.0,119.0,134.0,88.31,Moderate Risk
9.2,90,3,50.32,58.1,45.94,49.185,53.371500000000005,58.089,59.0,122.0,135.0,90.85,Moderate Risk
9.2,90,4,48.14,59.43,47.62,58.685,50.668499999999995,59.4405,60.0,121.0,134.0,89.65,Moderate Risk
9.2,120,1,49.94,57.36,44.98,47.98,55.054500000000004,57.3495,58.0,122.0,135.0,91.83,Moderate Risk
9.2,120,2,49.2,56.35,46.84,52.57,43.018499999999996,56.355000000000004,58.0,123.0,133.0,91.99,Moderate Risk
9.2,120,3,48.01,58.82,45.56,54.455,57.477,58.8285,59.0,121.0,134.0,90.63,Moderate Risk
9.2,120,4,53.02,56.6,46.69,40.835,44.676,56.61,58.0,125.0,134.0,92.44,Moderate Risk
9.2,180,1,50.05,58.49,44.02,47.5,63.1125,58.497,59.0,121.0,136.0,90.7,Moderate Risk
9.2,180,2,50.11,55.86,46.91,49.28,40.8765,55.8705,57.0,123.0,133.0,92.97,Moderate Risk
9.2,180,3,50.05,56.9,45.23,47.61,52.275,56.890499999999996,58.0,123.0,134.0,92.01,Moderate Risk
9.2,180,4,49.69,55.04,45.79,47.37,42.84,55.054500000000004,57.0,123.0,133.0,92.97,Moderate Risk
9.2,240,1,45.82,56.71,44.69,57.185,54.0345,56.711999999999996,57.0,121.0,134.0,92.6,Moderate Risk
9.2,240,2,52.89,57.69,42.21,39.3,68.391,57.681000000000004,59.0,123.0,137.0,91.14,Moderate Risk
9.2,240,3,51.32,57.9,44.14,44.345,60.588,57.9105,58.0,123.0,135.0,92.03,Moderate Risk
9.2,240,4,50.42,55.2,45.58,44.905,44.421,55.207499999999996,57.0,123.0,134.0,92.98,Moderate Risk
9.2,300,1,47.98,56.3,41.91,47.345,65.1525,56.304,57.0,120.0,137.0,92.53,Moderate Risk
9.2,300,2,48.02,58.46,43.78,51.325,64.056,58.4715,59.0,120.0,136.0,90.52,Moderate Risk
9.2,300,3,48.76,57.37,44.89,50.695,55.488,57.375,58.0,121.0,135.0,91.64,Moderate Risk
9.2,300,4,48.27,57.01,45.39,52.56,51.9945,57.018,58.0,122.0,134.0,91.8,Moderate Risk
9.2,360,1,49.51,56.27,43.4,45.77,58.344,56.2785,58.0,122.0,135.0,91.83,Moderate Risk
9.2,360,2,44.92,56.96,46.52,63.975,53.907000000000004,56.967,57.0,120.0,133.0,92.4,Moderate Risk
9.2,360,3,49.2,54.53,43.63,44.675,50.9235,54.519,56.0,123.0,134.0,93.96,Moderate Risk
9.2,360,4,48.73,57.41,42.07,46.985,68.16149999999999,57.426,58.0,120.0,136.0,91.5,Moderate Risk
9.2,480,1,48.82,53.21,43.38,43.405,47.0985,53.2185,55.0,123.0,134.0,94.94,Moderate Risk
9.2,480,2,48.86,55.69,46.33,51.875,42.84,55.692,57.0,123.0,133.0,92.97,Moderate Risk
9.2,480,3,48.61,53.89,43.68,45.53,48.3225,53.907000000000004,55.0,123.0,134.0,94.94,Moderate Risk
9.2,480,4,47.46,54.6,50.04,70.82,33.328500000000005,54.5955,56.0,124.0,130.0,94.17,Moderate Risk
9.3,0,1,86.52,152.92,131.51,80.325,110.72099999999999,152.9235,148.0,102.0,132.0,2.0,Moderate Risk
9.3,0,2,92.02,149.52,136.12,83.005,98.073,149.532,147.0,106.0,129.0,3.74,Moderate Risk
9.3,0,3,98.72,147.45,131.02,79.885,84.25200000000001,147.441,146.0,108.0,131.0,4.58,Moderate Risk
9.3,0,4,93.31,150.7,128.01,78.135,97.10400000000001,150.70499999999998,147.0,104.0,134.0,2.24,Moderate Risk
9.3,1,1,68.07,110.17,96.47,80.24,97.4355,110.18549999999999,110.0,110.0,131.0,38.48,Moderate Risk
9.3,1,2,70.62,110.79,96.09,79.03,92.463,110.7975,110.0,111.0,131.0,38.65,Moderate Risk
9.3,1,3,71.3,109.5,94.59,78.285,88.9695,109.497,109.0,111.0,132.0,39.62,Moderate Risk
9.3,1,4,72.99,111.41,92.58,75.3,87.9495,111.40950000000001,111.0,110.0,134.0,37.54,Moderate Risk
9.3,2,1,65.33,96.59,80.29,74.355,82.518,96.59400000000001,97.0,113.0,134.0,51.83,Moderate Risk
9.3,2,2,68.58,99.61,80.8,71.815,79.4325,99.603,100.0,112.0,135.0,48.75,Moderate Risk
9.3,2,3,65.01,95.12,82.25,77.18,80.733,95.115,96.0,114.0,132.0,52.95,Moderate Risk
9.3,2,4,64.16,99.59,83.51,76.39,90.7035,99.5775,99.0,112.0,133.0,49.66,Moderate Risk
9.3,5,1,55.0,78.43,65.22,73.08,76.16850000000001,78.438,79.0,116.0,133.0,70.04,Moderate Risk
9.3,5,2,60.03,78.74,64.0,66.36,60.588,78.744,80.0,117.0,135.0,69.3,Moderate Risk
9.3,5,3,58.82,75.22,66.28,73.65,55.6155,75.225,77.0,119.0,131.0,72.57,Moderate Risk
9.3,5,4,53.17,78.56,66.48,75.72,82.44149999999999,78.5655,79.0,116.0,132.0,70.04,Moderate Risk
9.3,10,1,57.57,68.54,60.04,66.77,40.8255,68.544,71.0,121.0,131.0,78.86,Moderate Risk
9.3,10,2,54.88,70.64,57.33,64.67,56.916000000000004,70.635,71.0,118.0,134.0,78.29,Moderate Risk
9.3,10,3,54.24,71.13,57.05,64.985,60.537,71.1195,72.0,118.0,134.0,77.3,Moderate Risk
9.3,10,4,52.82,70.36,56.49,66.265,63.5715,70.3545,71.0,118.0,134.0,78.29,Moderate Risk
9.3,15,1,57.23,64.82,52.89,49.075,46.9455,64.821,67.0,122.0,135.0,83.03,Moderate Risk
9.3,15,2,51.43,64.55,53.93,65.715,51.815999999999995,64.5405,66.0,120.0,133.0,83.55,Moderate Risk
9.3,15,3,56.47,68.89,54.08,55.16,54.824999999999996,68.901,70.0,120.0,135.0,79.68,Moderate Risk
9.3,15,4,54.13,63.66,52.47,55.555,44.8035,63.647999999999996,65.0,122.0,134.0,84.95,Moderate Risk
9.3,30,1,47.69,58.47,48.17,61.325,46.9965,58.4715,59.0,121.0,133.0,90.61,Moderate Risk
9.3,30,2,52.47,62.98,48.0,51.05,60.6645,62.985,63.0,121.0,135.0,86.74,Moderate Risk
9.3,30,3,53.82,65.16,49.9,52.295,59.6955,65.1525,66.0,120.0,136.0,83.64,Moderate Risk
9.3,30,4,54.58,62.38,48.42,46.755,57.069,62.373000000000005,64.0,122.0,136.0,86.0,Moderate Risk
9.3,45,1,47.87,59.74,49.24,63.445,50.643,59.746500000000005,60.0,121.0,133.0,89.63,Moderate Risk
9.3,45,2,47.34,56.98,48.29,62.945,43.1715,56.9925,58.0,122.0,132.0,91.78,Moderate Risk
9.3,45,3,50.46,60.84,44.52,49.08,68.391,60.843,61.0,120.0,136.0,88.55,Moderate Risk
9.3,45,4,52.2,59.33,47.79,48.545,49.571999999999996,59.313,61.0,122.0,134.0,88.87,Moderate Risk
9.3,60,1,50.79,60.69,42.44,46.27,76.70400000000001,60.69,61.0,120.0,138.0,88.66,Moderate Risk
9.3,60,2,49.88,58.11,53.62,73.65,36.1335,58.1145,60.0,124.0,130.0,90.27,Moderate Risk
9.3,60,3,48.19,61.39,47.01,57.535,59.721,61.3785,62.0,119.0,135.0,87.35,Moderate Risk
9.3,60,4,47.59,57.45,46.19,56.265,50.0055,57.4515,58.0,121.0,133.0,91.6,Moderate Risk
9.3,90,1,47.2,57.45,46.13,57.16,50.235,57.4515,58.0,121.0,133.0,91.6,Moderate Risk
9.3,90,2,46.48,60.86,45.96,58.97,62.424,60.8685,61.0,118.0,135.0,88.17,Moderate Risk
9.3,90,3,50.52,55.33,44.88,43.815,48.169500000000006,55.335,57.0,123.0,134.0,92.98,Moderate Risk
9.3,90,4,52.24,57.6,47.11,45.325,46.435500000000005,57.604499999999994,59.0,124.0,133.0,91.22,Moderate Risk
9.3,120,1,52.38,60.85,46.28,47.44,61.0725,60.843,62.0,122.0,136.0,87.95,Moderate Risk
9.3,120,2,48.61,54.02,41.45,42.9,59.338499999999996,54.009,55.0,122.0,135.0,94.77,Moderate Risk
9.3,120,3,48.59,57.0,44.54,50.245,55.7175,56.9925,57.0,122.0,135.0,92.81,Moderate Risk
9.3,120,4,49.8,58.76,44.65,49.035,61.225500000000004,58.751999999999995,59.0,121.0,136.0,90.7,Moderate Risk
9.3,180,1,48.32,59.11,43.73,51.035,66.351,59.109,60.0,120.0,136.0,89.53,Moderate Risk
9.3,180,2,50.85,58.19,44.21,45.755,61.276500000000006,58.190999999999995,59.0,121.0,136.0,90.7,Moderate Risk
9.3,180,3,49.99,53.77,47.71,48.705,28.7385,53.7795,55.0,125.0,131.0,95.35,Moderate Risk
9.3,180,4,50.01,58.45,46.92,51.965,50.285999999999994,58.446,59.0,122.0,134.0,90.82,Moderate Risk
9.3,240,1,49.95,54.5,42.27,41.165,57.221999999999994,54.4935,55.0,123.0,135.0,94.97,Moderate Risk
9.3,240,2,48.74,57.44,44.08,49.53,59.313,57.426,58.0,121.0,135.0,91.64,Moderate Risk
9.3,240,3,45.89,58.14,46.78,62.165,53.703,58.14,58.0,120.0,134.0,91.43,Moderate Risk
9.3,240,4,50.13,55.24,48.15,51.655,32.742,55.233,57.0,124.0,132.0,93.17,Moderate Risk
9.3,300,1,49.85,56.53,47.04,51.125,42.814499999999995,56.533500000000004,58.0,123.0,133.0,91.99,Moderate Risk
9.3,300,2,50.78,53.25,42.78,37.085,50.133,53.24400000000001,55.0,125.0,135.0,95.39,Moderate Risk
9.3,300,3,46.93,62.45,42.88,53.795,79.89150000000001,62.4495,62.0,117.0,138.0,87.18,Moderate Risk
9.3,300,4,48.01,55.49,44.68,50.755,49.674,55.488,56.0,122.0,134.0,93.77,Moderate Risk
9.3,360,1,44.5,61.72,43.39,58.185,75.735,61.7355,61.0,117.0,137.0,88.11,Moderate Risk
9.3,360,2,51.85,56.24,45.33,42.07,49.4955,56.253,58.0,123.0,134.0,92.01,Moderate Risk
9.3,360,3,50.65,55.22,42.5,40.78,58.7265,55.207499999999996,57.0,123.0,135.0,93.01,Moderate Risk
9.3,360,4,47.21,56.55,44.56,53.37,54.059999999999995,56.559,57.0,121.0,135.0,92.62,Moderate Risk
9.3,480,1,52.34,54.1,42.07,34.39,56.6865,54.111,56.0,125.0,136.0,94.45,Moderate Risk
9.3,480,2,46.84,56.37,44.97,55.1,51.5355,56.3805,57.0,120.0,135.0,92.44,Moderate Risk
9.3,480,3,49.6,55.52,46.34,49.345,42.1515,55.5135,57.0,123.0,133.0,92.97,Moderate Risk
9.3,480,4,48.55,58.64,43.78,50.37,64.617,58.650000000000006,59.0,120.0,136.0,90.52,Moderate Risk
9.4,0,1,90.97,149.86,131.4,80.6,100.18950000000001,149.8635,146.0,104.0,131.0,2.24,Moderate Risk
9.4,0,2,96.41,147.76,132.12,80.86,88.6125,147.7725,146.0,108.0,131.0,4.58,Moderate Risk
9.4,0,3,91.8,150.1,133.4,81.405,99.042,150.093,147.0,105.0,131.0,1.73,Moderate Risk
9.4,0,4,92.38,153.76,130.22,78.495,101.796,153.765,150.0,103.0,134.0,3.0,Moderate Risk
9.4,1,1,75.13,114.57,93.75,74.165,87.771,114.5715,114.0,109.0,135.0,34.5,Moderate Risk
9.4,1,2,72.58,111.43,91.99,74.985,88.91850000000001,111.435,111.0,110.0,135.0,37.6,Moderate Risk
9.4,1,3,72.96,109.57,92.58,76.085,85.1955,109.57350000000001,109.0,111.0,133.0,39.64,Moderate Risk
9.4,1,4,73.42,114.28,91.12,72.995,91.1625,114.2655,114.0,108.0,136.0,34.47,Moderate Risk
9.4,2,1,68.0,95.2,79.94,73.17,72.8535,95.1915,96.0,114.0,134.0,52.99,Moderate Risk
9.4,2,2,67.78,95.85,77.56,70.45,74.664,95.8545,96.0,113.0,135.0,52.86,Moderate Risk
9.4,2,3,65.16,99.78,82.32,74.87,88.485,99.7815,100.0,111.0,134.0,48.55,Moderate Risk
9.4,2,4,64.99,93.91,78.92,74.445,78.53999999999999,93.9165,94.0,114.0,133.0,54.93,Moderate Risk
9.4,5,1,56.09,79.89,65.7,72.12,75.99,79.89150000000001,80.0,116.0,133.0,69.06,Moderate Risk
9.4,5,2,57.08,76.63,66.84,74.98,65.076,76.6275,78.0,118.0,132.0,71.39,Moderate Risk
9.4,5,3,59.54,78.79,64.85,68.27,62.296499999999995,78.795,80.0,118.0,134.0,69.46,Moderate Risk
9.4,5,4,57.81,79.84,66.92,72.41,70.3545,79.84049999999999,80.0,116.0,133.0,69.06,Moderate Risk
9.4,10,1,53.77,72.13,56.32,64.165,64.923,72.1395,73.0,117.0,135.0,76.18,Moderate Risk
9.4,10,2,55.7,69.35,54.65,57.86,54.0345,69.36,71.0,119.0,135.0,78.5,Moderate Risk
9.4,10,3,54.23,69.0,55.82,63.22,54.57,69.003,70.0,119.0,134.0,79.45,Moderate Risk
9.4,10,4,54.26,71.31,54.52,60.455,60.9705,71.3235,72.0,117.0,136.0,77.21,Moderate Risk
9.4,15,1,53.76,66.05,52.39,56.98,52.7595,66.045,68.0,120.0,135.0,81.64,Moderate Risk
9.4,15,2,51.38,64.91,55.12,68.29,53.1675,64.923,66.0,121.0,132.0,83.74,Moderate Risk
9.4,15,3,49.78,64.46,55.64,71.98,58.089,64.46400000000001,65.0,120.0,131.0,84.53,Moderate Risk
9.4,15,4,51.99,66.68,57.23,70.705,56.202000000000005,66.6825,68.0,120.0,132.0,81.58,Moderate Risk
9.4,30,1,55.95,58.58,48.56,37.895,43.6305,58.573499999999996,61.0,125.0,134.0,89.52,Moderate Risk
9.4,30,2,45.73,62.94,48.24,64.375,69.717,62.934,62.0,118.0,135.0,87.18,Moderate Risk
9.4,30,3,50.89,62.55,48.81,55.46,56.0235,62.5515,63.0,120.0,135.0,86.54,Moderate Risk
9.4,30,4,51.58,64.05,46.48,51.295,69.972,64.056,65.0,119.0,137.0,84.49,Moderate Risk
9.4,45,1,51.26,59.52,47.21,50.125,52.734,59.516999999999996,61.0,122.0,134.0,88.87,Moderate Risk
9.4,45,2,49.86,59.04,47.39,53.65,50.3115,59.032500000000006,60.0,121.0,134.0,89.65,Moderate Risk
9.4,45,3,47.91,59.65,47.28,58.465,52.86150000000001,59.6445,60.0,121.0,134.0,89.65,Moderate Risk
9.4,45,4,48.43,62.07,49.6,62.585,56.049,62.067,63.0,120.0,134.0,86.52,Moderate Risk
9.4,60,1,47.62,61.82,44.43,54.49,71.7315,61.812,61.0,119.0,137.0,88.43,Moderate Risk
9.4,60,2,46.49,60.72,44.68,56.61,67.371,60.7155,60.0,119.0,136.0,89.36,Moderate Risk
9.4,60,3,50.04,58.93,46.24,51.02,54.876,58.9305,59.0,122.0,134.0,90.82,Moderate Risk
9.4,60,4,54.33,59.8,46.09,41.955,58.4715,59.7975,61.0,123.0,135.0,89.1,Moderate Risk
9.4,90,1,45.11,60.78,46.45,62.555,65.73899999999999,60.792,60.0,119.0,134.0,89.29,Moderate Risk
9.4,90,2,48.35,56.97,47.86,58.415,40.749,56.967,58.0,123.0,132.0,91.98,Moderate Risk
9.4,90,3,45.02,58.45,43.53,57.01,65.076,58.446,58.0,119.0,136.0,91.33,Moderate Risk
9.4,90,4,47.62,54.69,45.21,52.39,44.191500000000005,54.6975,55.0,123.0,133.0,94.93,Moderate Risk
9.4,120,1,50.15,55.8,46.0,47.295,44.8035,55.794,57.0,123.0,134.0,92.98,Moderate Risk
9.4,120,2,51.76,61.43,44.65,47.295,69.666,61.4295,62.0,120.0,137.0,87.62,Moderate Risk
9.4,120,3,50.61,59.45,44.55,47.81,63.903,59.4405,60.0,121.0,136.0,89.72,Moderate Risk
9.4,120,4,51.7,58.51,45.75,45.995,55.6155,58.497,60.0,122.0,135.0,89.87,Moderate Risk
9.4,180,1,46.65,54.7,44.67,54.1,46.741499999999995,54.6975,55.0,122.0,133.0,94.73,Moderate Risk
9.4,180,2,49.77,60.29,44.79,50.36,65.535,60.282,61.0,120.0,136.0,88.55,Moderate Risk
9.4,180,3,48.82,54.0,43.75,45.165,48.3735,54.009,55.0,123.0,134.0,94.94,Moderate Risk
9.4,180,4,48.87,58.34,48.25,58.155,44.114999999999995,58.344,59.0,121.0,133.0,90.61,Moderate Risk
9.4,240,1,50.57,59.48,39.81,43.59,84.354,59.4915,60.0,120.0,139.0,89.72,Moderate Risk
9.4,240,2,48.77,56.19,42.35,46.085,62.8065,56.202000000000005,57.0,121.0,136.0,92.66,Moderate Risk
9.4,240,3,48.17,53.72,41.37,43.47,58.599000000000004,53.7285,54.0,123.0,135.0,95.95,Moderate Risk
9.4,240,4,49.15,55.64,47.23,53.155,38.5305,55.641,57.0,124.0,132.0,93.17,Moderate Risk
9.4,300,1,47.77,57.2,45.04,53.26,54.2385,57.1965,58.0,121.0,134.0,91.61,Moderate Risk
9.4,300,2,46.79,53.54,43.12,49.425,49.648500000000006,53.55,54.0,122.0,134.0,95.73,Moderate Risk
9.4,300,3,48.85,59.37,43.63,50.055,67.6005,59.364000000000004,60.0,120.0,136.0,89.53,Moderate Risk
9.4,300,4,53.91,53.21,45.09,27.63,41.6925,53.907000000000004,56.0,126.0,133.0,94.6,Moderate Risk
9.4,360,1,48.37,57.92,45.17,52.46,56.151,57.9105,58.0,122.0,134.0,91.8,Moderate Risk
9.4,360,2,44.73,54.66,41.63,52.86,60.7665,54.646499999999996,54.0,121.0,135.0,95.57,Moderate Risk
9.4,360,3,48.0,52.27,44.62,46.76,37.30650000000001,52.275,54.0,124.0,132.0,96.1,Moderate Risk
9.4,360,4,47.64,53.2,38.72,41.515,69.411,53.193000000000005,54.0,122.0,136.0,95.79,Moderate Risk
9.4,480,1,51.21,53.92,41.87,36.75,56.9925,53.907000000000004,55.0,125.0,136.0,95.43,Moderate Risk
9.4,480,2,48.8,56.15,44.41,48.79,53.294999999999995,56.151,57.0,122.0,135.0,92.81,Moderate Risk
9.4,480,3,51.02,57.57,42.29,42.865,67.7025,57.579,58.0,123.0,137.0,92.12,Moderate Risk
9.4,480,4,49.3,53.58,44.33,43.885,44.013,53.575500000000005,55.0,124.0,133.0,95.13,Moderate Risk
9.5,0,1,91.43,152.04,132.89,80.52,101.643,152.03099999999998,149.0,103.0,132.0,1.41,Moderate Risk
9.5,0,2,90.35,153.02,134.62,81.195,104.44800000000001,153.0255,150.0,103.0,132.0,2.24,Moderate Risk
9.5,0,3,90.25,154.11,130.73,79.015,105.672,154.122,150.0,102.0,134.0,3.46,Moderate Risk
9.5,0,4,94.94,153.01,132.76,79.54,96.77250000000001,153.0,150.0,104.0,133.0,2.24,Moderate Risk
9.5,1,1,74.1,110.08,99.47,81.155,83.33399999999999,110.08349999999999,111.0,113.0,130.0,38.13,Moderate Risk
9.5,1,2,73.37,111.74,95.37,77.2,87.567,111.741,111.0,111.0,133.0,37.67,Moderate Risk
9.5,1,3,75.39,112.86,98.9,78.82,84.66000000000001,112.863,113.0,111.0,132.0,35.69,Moderate Risk
9.5,1,4,71.6,108.07,94.02,78.44,86.0625,108.069,109.0,111.0,132.0,39.62,Moderate Risk
9.5,2,1,67.82,96.35,78.11,70.83,75.5055,96.33900000000001,97.0,113.0,135.0,51.87,Moderate Risk
9.5,2,2,64.8,91.39,81.23,78.54,74.205,91.392,93.0,116.0,130.0,56.33,Moderate Risk
9.5,2,3,68.71,94.63,75.32,67.645,69.8445,94.6305,95.0,114.0,136.0,54.08,Moderate Risk
9.5,2,4,65.3,95.38,78.43,73.095,80.427,95.3955,96.0,113.0,134.0,52.81,Moderate Risk
9.5,5,1,57.68,77.64,67.9,75.355,65.5605,77.6475,79.0,118.0,131.0,70.41,Moderate Risk
9.5,5,2,58.33,77.13,65.02,70.67,62.1435,77.1375,79.0,118.0,133.0,70.41,Moderate Risk
9.5,5,3,58.83,78.24,67.51,73.41,63.24,78.23400000000001,80.0,118.0,132.0,69.43,Moderate Risk
9.5,5,4,57.77,83.93,61.79,64.615,79.48349999999999,83.9205,83.0,113.0,138.0,65.89,Moderate Risk
9.5,10,1,55.57,73.74,55.52,59.91,63.036,73.74600000000001,74.0,117.0,137.0,75.3,Moderate Risk
9.5,10,2,57.11,68.5,56.86,59.35,43.299,68.493,70.0,121.0,134.0,79.86,Moderate Risk
9.5,10,3,56.3,69.49,57.21,62.075,48.4245,69.48750000000001,71.0,120.0,134.0,78.67,Moderate Risk
9.5,10,4,57.48,68.1,56.22,56.815,44.497499999999995,68.1105,70.0,121.0,134.0,79.86,Moderate Risk
9.5,15,1,50.92,67.01,48.61,56.225,70.023,67.014,68.0,117.0,137.0,81.2,Moderate Risk
9.5,15,2,48.61,61.92,52.03,67.7,54.824999999999996,61.913999999999994,62.0,120.0,132.0,87.48,Moderate Risk
9.5,15,3,53.31,67.93,54.29,62.01,54.876,67.932,69.0,119.0,134.0,80.44,Moderate Risk
9.5,15,4,54.36,66.23,52.97,56.855,51.050999999999995,66.2235,68.0,120.0,135.0,81.64,Moderate Risk
9.5,30,1,49.92,63.12,47.76,55.775,62.067,63.1125,64.0,118.0,136.0,85.25,Moderate Risk
9.5,30,2,52.93,62.89,47.55,49.48,62.22,62.883,63.0,120.0,136.0,86.59,Moderate Risk
9.5,30,3,51.72,62.83,47.25,51.395,63.24,62.832,63.0,120.0,136.0,86.59,Moderate Risk
9.5,30,4,49.9,58.02,45.87,50.04,53.397,58.0125,59.0,121.0,135.0,90.66,Moderate Risk
9.5,45,1,51.16,58.12,49.29,53.63,38.76,58.1145,60.0,123.0,133.0,90.03,Moderate Risk
9.5,45,2,51.01,56.62,46.9,47.295,43.7835,56.61,58.0,124.0,133.0,92.2,Moderate Risk
9.5,45,3,49.74,59.92,45.63,51.36,60.843,59.925,60.0,121.0,135.0,89.68,Moderate Risk
9.5,45,4,49.83,56.16,46.33,49.325,44.625,56.151,58.0,123.0,133.0,91.99,Moderate Risk
9.5,60,1,52.97,62.18,46.49,47.615,64.36200000000001,62.169,63.0,120.0,136.0,86.59,Moderate Risk
9.5,60,2,50.73,57.42,49.64,55.805,34.527,57.426,59.0,123.0,132.0,91.01,Moderate Risk
9.5,60,3,49.86,61.79,44.6,50.83,70.941,61.7865,62.0,119.0,137.0,87.44,Moderate Risk
9.5,60,4,50.64,59.11,51.48,62.975,36.516,59.109,61.0,123.0,132.0,89.05,Moderate Risk
9.5,90,1,49.07,55.61,46.04,50.485,43.86,55.6155,57.0,123.0,133.0,92.97,Moderate Risk
9.5,90,2,47.38,58.99,44.31,53.715,63.469500000000004,58.981500000000004,59.0,120.0,135.0,90.48,Moderate Risk
9.5,90,3,49.98,58.96,45.09,49.415,59.976,58.955999999999996,59.0,121.0,135.0,90.66,Moderate Risk
9.5,90,4,50.91,55.35,49.09,51.24,28.840500000000002,55.360499999999995,57.0,125.0,131.0,93.4,Moderate Risk
9.5,120,1,51.64,56.35,45.33,42.82,49.8525,56.355000000000004,58.0,123.0,134.0,92.01,Moderate Risk
9.5,120,2,49.98,58.93,48.01,54.58,47.2515,58.9305,59.0,122.0,133.0,90.81,Moderate Risk
9.5,120,3,48.11,56.6,41.92,47.36,66.1215,56.61,57.0,121.0,137.0,92.71,Moderate Risk
9.5,120,4,46.32,57.27,44.87,56.475,55.233,57.272999999999996,58.0,120.0,135.0,91.46,Moderate Risk
9.5,180,1,47.51,56.16,45.08,53.44,50.3115,56.151,57.0,122.0,134.0,92.78,Moderate Risk
9.5,180,2,45.92,55.49,46.01,60.305,43.9875,55.488,56.0,122.0,132.0,93.74,Moderate Risk
9.5,180,3,51.05,61.51,48.71,54.5,53.0655,61.506,63.0,121.0,135.0,86.74,Moderate Risk
9.5,180,4,48.15,55.46,45.08,51.105,47.736000000000004,55.4625,56.0,123.0,133.0,93.95,Moderate Risk
9.5,240,1,46.69,54.38,45.17,55.05,43.222500000000004,54.3915,55.0,123.0,132.0,94.92,Moderate Risk
9.5,240,2,48.97,57.64,45.21,50.94,54.978,57.63,58.0,122.0,134.0,91.8,Moderate Risk
9.5,240,3,50.3,53.28,43.79,39.42,45.39,53.2695,55.0,124.0,134.0,95.15,Moderate Risk
9.5,240,4,50.2,53.08,45.47,41.36,36.567,53.091,55.0,125.0,133.0,95.35,Moderate Risk
9.5,300,1,48.49,54.9,45.77,51.065,42.431999999999995,54.9015,55.0,124.0,133.0,95.13,Moderate Risk
9.5,300,2,47.72,55.09,45.09,52.125,46.257000000000005,55.08,56.0,122.0,133.0,93.75,Moderate Risk
9.5,300,3,48.95,57.68,43.42,48.36,63.061499999999995,57.681000000000004,58.0,121.0,136.0,91.68,Moderate Risk
9.5,300,4,52.0,55.7,43.43,39.03,56.151,55.692,57.0,124.0,135.0,93.22,Moderate Risk
9.5,360,1,46.76,55.37,45.9,57.29,43.605000000000004,55.386,56.0,122.0,133.0,93.75,Moderate Risk
9.5,360,2,48.58,56.82,41.51,46.15,68.72250000000001,56.814,57.0,121.0,137.0,92.71,Moderate Risk
9.5,360,3,48.16,53.16,45.1,48.615,38.6835,53.1675,55.0,124.0,132.0,95.13,Moderate Risk
9.5,360,4,52.12,56.59,43.2,40.0,60.333,56.5845,58.0,123.0,136.0,92.07,Moderate Risk
9.5,480,1,49.9,53.1,42.63,39.165,50.3115,53.1165,55.0,124.0,135.0,95.17,Moderate Risk
9.5,480,2,50.61,55.24,44.95,43.515,47.481,55.233,57.0,123.0,134.0,92.98,Moderate Risk
9.5,480,3,44.18,58.11,44.35,60.36,61.1235,58.1145,58.0,119.0,135.0,91.29,Moderate Risk
9.5,480,4,49.58,55.97,44.0,46.025,54.5445,55.972500000000004,57.0,123.0,134.0,92.98,Moderate Risk
9.6,0,1,90.93,152.57,135.86,81.87,103.02000000000001,152.56650000000002,149.0,104.0,131.0,1.41,Moderate Risk
9.6,0,2,94.09,149.87,131.73,80.245,94.91099999999999,149.8635,147.0,106.0,132.0,2.24,Moderate Risk
9.6,0,3,93.05,149.46,133.47,81.495,96.23700000000001,149.4555,147.0,106.0,131.0,2.45,Moderate Risk
9.6,0,4,91.59,148.29,130.73,80.71,97.48649999999999,148.2825,146.0,105.0,132.0,2.24,Moderate Risk
9.6,1,1,71.44,110.77,96.07,78.79,90.52499999999999,110.772,110.0,111.0,131.0,38.65,Moderate Risk
9.6,1,2,73.2,113.85,99.25,79.225,91.035,113.8575,113.0,111.0,131.0,35.71,Moderate Risk
9.6,1,3,71.6,110.43,90.29,74.445,89.658,110.4405,110.0,109.0,135.0,38.44,Moderate Risk
9.6,1,4,72.78,114.44,94.96,75.97,92.82,114.44399999999999,114.0,109.0,135.0,34.5,Moderate Risk
9.6,2,1,68.68,93.84,80.93,74.61,68.391,93.84,95.0,116.0,132.0,54.34,Moderate Risk
9.6,2,2,68.24,93.14,80.63,74.93,68.16149999999999,93.1515,95.0,116.0,132.0,54.34,Moderate Risk
9.6,2,3,65.76,92.29,80.76,76.965,73.28699999999999,92.2845,94.0,115.0,132.0,55.11,Moderate Risk
9.6,2,4,68.44,95.04,79.97,73.0,71.3745,95.0385,96.0,114.0,134.0,52.99,Moderate Risk
9.6,5,1,60.18,76.36,64.65,68.29,54.059999999999995,76.3725,78.0,119.0,133.0,71.6,Moderate Risk
9.6,5,2,60.53,79.54,61.9,62.155,60.9705,79.53450000000001,81.0,116.0,136.0,68.18,Moderate Risk
9.6,5,3,57.97,79.28,65.32,70.35,68.544,79.2795,80.0,116.0,134.0,69.08,Moderate Risk
9.6,5,4,61.11,79.43,68.99,72.905,58.8285,79.4325,81.0,118.0,132.0,68.45,Moderate Risk
9.6,10,1,53.57,63.2,54.21,61.985,38.8365,63.189,65.0,122.0,132.0,84.93,Moderate Risk
9.6,10,2,53.97,72.05,56.44,64.105,64.005,72.063,73.0,117.0,135.0,76.18,Moderate Risk
9.6,10,3,54.4,70.41,56.76,64.425,57.986999999999995,70.4055,71.0,118.0,134.0,78.29,Moderate Risk
9.6,10,4,58.09,67.8,56.31,55.37,43.196999999999996,67.8045,70.0,122.0,133.0,80.06,Moderate Risk
9.6,15,1,53.33,68.13,54.53,62.43,55.386,68.136,69.0,119.0,134.0,80.44,Moderate Risk
9.6,15,2,51.91,64.21,55.63,69.075,48.8325,64.209,66.0,121.0,132.0,83.74,Moderate Risk
9.6,15,3,53.05,65.35,52.0,57.64,52.122,65.3565,67.0,120.0,135.0,82.62,Moderate Risk
9.6,15,4,50.67,64.54,54.89,69.125,54.7995,64.5405,65.0,120.0,132.0,84.53,Moderate Risk
9.6,30,1,52.96,61.03,51.23,54.72,40.952999999999996,61.047,63.0,122.0,133.0,86.89,Moderate Risk
9.6,30,2,48.87,60.65,47.17,56.215,56.711999999999996,60.6645,61.0,120.0,134.0,88.48,Moderate Risk
9.6,30,3,51.87,62.52,47.55,51.33,61.0725,62.526,63.0,120.0,136.0,86.59,Moderate Risk
9.6,30,4,48.9,60.76,48.38,58.755,51.969,60.7665,61.0,120.0,134.0,88.48,Moderate Risk
9.6,45,1,46.77,58.02,46.85,60.21,49.47,58.0125,58.0,120.0,134.0,91.43,Moderate Risk
9.6,45,2,50.71,58.56,46.53,49.575,52.428000000000004,58.573499999999996,59.0,122.0,134.0,90.82,Moderate Risk
9.6,45,3,52.68,60.48,46.23,46.415,60.078,60.486,62.0,122.0,136.0,87.95,Moderate Risk
9.6,45,4,53.19,55.37,47.03,37.83,38.403000000000006,55.360499999999995,58.0,126.0,133.0,92.66,Moderate Risk
9.6,60,1,52.41,62.13,47.08,49.375,61.7865,62.1435,63.0,120.0,136.0,86.59,Moderate Risk
9.6,60,2,51.97,60.02,45.78,46.95,60.486,60.027,61.0,121.0,136.0,88.74,Moderate Risk
9.6,60,3,50.84,56.25,44.01,43.255,55.488,56.253,58.0,123.0,135.0,92.03,Moderate Risk
9.6,60,4,47.62,56.03,46.95,57.795,41.335499999999996,56.0235,57.0,122.0,133.0,92.77,Moderate Risk
9.6,90,1,50.6,55.97,44.93,44.585,50.3115,55.972500000000004,57.0,123.0,134.0,92.98,Moderate Risk
9.6,90,2,49.6,56.25,45.37,48.345,49.317,56.253,58.0,123.0,134.0,92.01,Moderate Risk
9.6,90,3,51.94,57.39,48.01,47.44,41.6925,57.4005,59.0,124.0,133.0,91.22,Moderate Risk
9.6,90,4,51.86,60.87,41.22,43.755,82.3395,60.8685,61.0,120.0,139.0,88.74,Moderate Risk
9.6,120,1,48.97,58.49,41.73,47.04,73.05749999999999,58.497,59.0,120.0,137.0,90.56,Moderate Risk
9.6,120,2,48.4,60.33,44.32,52.355,67.6515,60.333,61.0,119.0,136.0,88.37,Moderate Risk
9.6,120,3,48.66,52.65,41.65,40.865,53.2695,52.6575,54.0,124.0,134.0,96.12,Moderate Risk
9.6,120,4,47.64,57.72,40.95,48.03,74.10300000000001,57.732,58.0,120.0,137.0,91.55,Moderate Risk
9.6,180,1,49.36,54.39,43.1,43.345,52.938,54.3915,56.0,123.0,134.0,93.96,Moderate Risk
9.6,180,2,48.4,55.96,43.33,47.96,57.5535,55.972500000000004,56.0,122.0,135.0,93.79,Moderate Risk
9.6,180,3,49.99,55.12,45.96,46.81,42.3555,55.131,57.0,123.0,133.0,92.97,Moderate Risk
9.6,180,4,52.33,52.35,47.89,30.13,21.675,52.3515,55.0,127.0,131.0,95.81,Moderate Risk
9.6,240,1,47.77,55.07,41.21,45.8,64.158,55.08,56.0,122.0,136.0,93.83,Moderate Risk
9.6,240,2,49.29,54.15,46.7,49.57,35.088,54.162,56.0,124.0,132.0,94.15,Moderate Risk
9.6,240,3,49.84,53.63,41.34,39.26,58.446,53.6265,55.0,123.0,135.0,94.97,Moderate Risk
9.6,240,4,49.75,55.51,43.93,44.915,53.193000000000005,55.5135,57.0,123.0,135.0,93.01,Moderate Risk
9.6,300,1,45.94,59.18,43.68,55.635,66.78450000000001,59.1855,59.0,118.0,136.0,90.18,Moderate Risk
9.6,300,2,48.57,54.43,41.85,43.99,58.955999999999996,54.442499999999995,55.0,122.0,135.0,94.77,Moderate Risk
9.6,300,3,50.88,53.58,42.88,37.57,50.9235,53.575500000000005,55.0,125.0,135.0,95.39,Moderate Risk
9.6,300,4,50.48,57.03,44.38,45.525,56.533500000000004,57.018,58.0,122.0,135.0,91.83,Moderate Risk
9.6,360,1,52.01,53.87,44.5,35.95,44.3445,53.881499999999996,56.0,126.0,134.0,94.62,Moderate Risk
9.6,360,2,48.13,54.62,43.72,47.855,50.8725,54.621,55.0,123.0,134.0,94.94,Moderate Risk
9.6,360,3,49.05,56.95,44.71,49.355,54.774,56.9415,58.0,122.0,135.0,91.83,Moderate Risk
9.6,360,4,49.19,55.55,43.69,46.09,54.442499999999995,55.539,57.0,123.0,135.0,93.01,Moderate Risk
9.6,480,1,48.86,56.81,42.14,46.255,65.841,56.814,57.0,121.0,136.0,92.66,Moderate Risk
9.6,480,2,46.73,58.94,42.27,51.96,72.114,58.9305,58.0,120.0,137.0,91.55,Moderate Risk
9.6,480,3,46.46,54.73,44.4,54.015,48.144,54.723000000000006,55.0,122.0,133.0,94.73,Moderate Risk
9.6,480,4,49.11,55.29,44.58,47.29,49.3935,55.284,57.0,123.0,134.0,92.98,Moderate Risk
9.7,0,1,90.14,150.99,133.22,81.24,102.765,150.9855,147.0,104.0,131.0,1.41,Moderate Risk
9.7,0,2,93.98,150.16,130.65,79.585,95.3955,150.1695,147.0,105.0,133.0,1.73,Moderate Risk
9.7,0,3,91.63,150.18,134.51,81.975,99.42450000000001,150.1695,147.0,105.0,130.0,2.45,Moderate Risk
9.7,0,4,91.52,148.79,135.55,83.065,98.1495,148.79250000000002,146.0,106.0,129.0,4.12,Moderate Risk
9.7,1,1,69.48,110.6,92.38,76.71,94.80900000000001,110.59349999999999,110.0,109.0,134.0,38.38,Moderate Risk
9.7,1,2,71.49,106.04,90.59,76.585,83.079,106.029,107.0,111.0,133.0,41.61,Moderate Risk
9.7,1,3,69.46,110.89,95.68,78.99,95.268,110.8995,110.0,110.0,132.0,38.47,Moderate Risk
9.7,1,4,75.72,108.87,92.7,75.37,77.6475,108.88499999999999,109.0,112.0,133.0,39.82,Moderate Risk
9.7,2,1,62.97,95.37,79.55,75.35,86.6235,95.37,95.0,112.0,133.0,53.61,Moderate Risk
9.7,2,2,69.15,91.64,79.8,74.205,62.6025,91.647,93.0,117.0,132.0,56.52,Moderate Risk
9.7,2,3,70.06,99.38,80.05,70.22,75.25049999999999,99.37349999999999,100.0,113.0,135.0,48.93,Moderate Risk
9.7,2,4,69.38,94.35,79.49,72.155,67.49849999999999,94.35,96.0,115.0,133.0,53.16,Moderate Risk
9.7,5,1,57.38,77.25,62.98,68.46,65.586,77.2395,78.0,116.0,134.0,71.05,Moderate Risk
9.7,5,2,61.17,76.52,63.87,65.28,51.127500000000005,76.5255,78.0,119.0,134.0,71.62,Moderate Risk
9.7,5,3,57.63,77.45,61.61,66.035,65.28,77.4435,78.0,117.0,135.0,71.26,Moderate Risk
9.7,5,4,55.65,76.93,63.58,71.175,70.5585,76.93350000000001,77.0,117.0,133.0,72.19,Moderate Risk
9.7,10,1,55.99,68.66,58.58,66.125,47.0475,68.6715,70.0,121.0,132.0,79.83,Moderate Risk
9.7,10,2,51.91,73.48,56.35,66.17,74.86800000000001,73.491,74.0,115.0,135.0,74.87,Moderate Risk
9.7,10,3,50.89,69.3,58.16,71.84,67.728,69.309,70.0,118.0,132.0,79.25,Moderate Risk
9.7,10,4,59.08,71.23,55.95,53.86,54.6975,71.22149999999999,73.0,119.0,136.0,76.59,Moderate Risk
9.7,15,1,53.68,61.56,52.38,55.75,38.020500000000006,61.557,63.0,123.0,133.0,87.1,Moderate Risk
9.7,15,2,52.96,65.39,49.9,54.065,60.434999999999995,65.382,66.0,119.0,136.0,83.46,Moderate Risk
9.7,15,3,53.22,63.14,55.72,67.555,40.035000000000004,63.138,65.0,122.0,131.0,84.94,Moderate Risk
9.7,15,4,53.83,64.42,51.93,55.45,49.4445,64.413,66.0,120.0,135.0,83.6,Moderate Risk
9.7,30,1,53.21,63.03,49.2,51.295,55.972500000000004,63.036,65.0,121.0,135.0,84.78,Moderate Risk
9.7,30,2,48.99,64.95,50.58,62.995,62.7045,64.9485,65.0,118.0,135.0,84.23,Moderate Risk
9.7,30,3,46.75,58.49,48.64,64.81,51.153,58.497,59.0,120.0,133.0,90.43,Moderate Risk
9.7,30,4,54.0,65.71,49.53,51.715,62.781,65.7135,66.0,120.0,136.0,83.64,Moderate Risk
9.7,45,1,48.55,61.18,48.23,59.24,53.9835,61.1745,62.0,119.0,134.0,87.32,Moderate Risk
9.7,45,2,51.17,56.14,46.83,46.025,42.3045,56.151,58.0,124.0,133.0,92.2,Moderate Risk
9.7,45,3,52.48,60.95,47.0,48.215,58.369499999999995,60.945,62.0,122.0,135.0,87.91,Moderate Risk
9.7,45,4,49.55,58.14,47.19,53.54,48.042,58.14,59.0,122.0,134.0,90.82,Moderate Risk
9.7,60,1,51.31,57.07,48.89,51.12,36.567,57.069,59.0,124.0,133.0,91.22,Moderate Risk
9.7,60,2,51.37,55.57,45.69,42.74,45.339000000000006,55.5645,57.0,124.0,134.0,93.19,Moderate Risk
9.7,60,3,47.2,59.19,47.65,61.12,51.663000000000004,59.1855,60.0,121.0,134.0,89.65,Moderate Risk
9.7,60,4,49.27,59.23,48.91,58.945,44.421,59.2365,60.0,121.0,133.0,89.63,Moderate Risk
9.7,90,1,50.56,58.12,46.23,49.07,52.173,58.1145,59.0,122.0,134.0,90.82,Moderate Risk
9.7,90,2,47.99,57.53,43.53,50.44,62.0415,57.528,58.0,121.0,135.0,91.64,Moderate Risk
9.7,90,3,51.57,58.39,47.57,48.91,47.2515,58.395,60.0,123.0,134.0,90.05,Moderate Risk
9.7,90,4,49.47,60.63,45.54,52.19,63.443999999999996,60.639,61.0,120.0,136.0,88.55,Moderate Risk
9.7,120,1,47.67,59.57,44.92,54.365,62.7045,59.568,60.0,119.0,136.0,89.36,Moderate Risk
9.7,120,2,48.95,54.97,44.14,46.675,50.2095,54.978,55.0,123.0,133.0,94.93,Moderate Risk
9.7,120,3,52.16,56.6,43.23,39.955,60.2055,56.5845,58.0,123.0,136.0,92.07,Moderate Risk
9.7,120,4,50.56,60.07,45.86,50.085,60.3075,60.078,61.0,120.0,136.0,88.55,Moderate Risk
9.7,180,1,46.93,59.08,43.72,53.725,66.3,59.0835,59.0,119.0,136.0,90.34,Moderate Risk
9.7,180,2,47.97,56.4,43.79,50.06,57.018,56.406,57.0,121.0,135.0,92.62,Moderate Risk
9.7,180,3,46.27,51.29,45.18,54.66,30.3705,51.2805,53.0,125.0,131.0,97.3,Moderate Risk
9.7,180,4,45.65,56.73,43.41,54.955,59.874,56.737500000000004,57.0,120.0,135.0,92.44,Moderate Risk
9.7,240,1,49.48,56.32,47.15,52.395,41.4885,56.3295,58.0,123.0,133.0,91.99,Moderate Risk
9.7,240,2,48.36,59.17,43.22,50.335,68.748,59.160000000000004,60.0,120.0,136.0,89.53,Moderate Risk
9.7,240,3,45.79,57.07,47.51,64.575,50.4135,57.069,58.0,121.0,132.0,91.59,Moderate Risk
9.7,240,4,47.77,56.72,44.52,52.005,54.850500000000004,56.711999999999996,57.0,121.0,135.0,92.62,Moderate Risk
9.7,300,1,49.98,52.06,42.46,36.53,47.022000000000006,52.071,54.0,125.0,134.0,96.34,Moderate Risk
9.7,300,2,49.02,57.67,44.97,50.43,56.1765,57.681000000000004,58.0,122.0,135.0,91.83,Moderate Risk
9.7,300,3,46.93,56.9,46.01,57.47,48.8325,56.890499999999996,57.0,121.0,133.0,92.58,Moderate Risk
9.7,300,4,49.26,58.29,46.37,52.735,52.147499999999994,58.293,59.0,121.0,134.0,90.63,Moderate Risk
9.7,360,1,47.59,54.52,41.85,46.405,59.262,54.519,55.0,122.0,135.0,94.77,Moderate Risk
9.7,360,2,48.89,52.82,43.66,42.88,44.217,52.810500000000005,54.0,125.0,133.0,96.32,Moderate Risk
9.7,360,3,47.09,55.19,46.33,57.45,40.901999999999994,55.182,56.0,122.0,133.0,93.75,Moderate Risk
9.7,360,4,49.61,55.06,42.15,42.67,59.7975,55.054500000000004,57.0,123.0,135.0,93.01,Moderate Risk
9.7,480,1,49.38,56.45,42.78,45.52,61.7355,56.457,58.0,122.0,136.0,91.87,Moderate Risk
9.7,480,2,46.51,57.68,46.09,58.905,51.255,57.681000000000004,58.0,121.0,133.0,91.6,Moderate Risk
9.7,480,3,50.22,57.64,41.17,43.525,72.8535,57.655499999999996,58.0,122.0,137.0,91.92,Moderate Risk
9.7,480,4,51.94,55.9,42.74,39.02,60.027,55.896,57.0,123.0,136.0,93.05,Moderate Risk
9.8,0,1,89.88,151.21,132.41,80.8,103.428,151.215,148.0,103.0,132.0,1.0,Moderate Risk
9.8,0,2,93.8,151.45,129.66,78.66,97.07849999999999,151.4445,148.0,104.0,134.0,2.0,Moderate Risk
9.8,0,3,88.07,150.21,131.63,81.03,105.4935,150.195,147.0,103.0,132.0,1.41,Moderate Risk
9.8,0,4,89.72,150.31,131.1,80.49,102.79050000000001,150.297,147.0,103.0,132.0,1.41,Moderate Risk
9.8,1,1,76.12,110.8,93.86,75.35,79.815,110.7975,111.0,112.0,134.0,37.91,Moderate Risk
9.8,1,2,72.21,112.45,93.43,75.82,91.2645,112.455,112.0,109.0,134.0,36.4,Moderate Risk
9.8,1,3,73.76,107.52,91.93,76.145,80.07000000000001,107.5335,108.0,112.0,133.0,40.8,Moderate Risk
9.8,1,4,71.64,108.2,94.17,78.485,86.16449999999999,108.1965,109.0,111.0,132.0,39.62,Moderate Risk
9.8,2,1,62.71,94.2,80.41,76.865,85.2465,94.197,95.0,113.0,132.0,53.76,Moderate Risk
9.8,2,2,63.9,92.2,77.19,74.085,78.285,92.208,93.0,114.0,133.0,55.91,Moderate Risk
9.8,2,3,63.4,98.31,79.9,74.185,90.55050000000001,98.30250000000001,98.0,111.0,135.0,50.58,Moderate Risk
9.8,2,4,63.51,97.14,79.47,74.235,88.281,97.12950000000001,97.0,111.0,134.0,51.52,Moderate Risk
9.8,5,1,55.92,76.99,64.67,72.45,69.7935,76.9845,77.0,117.0,132.0,72.18,Moderate Risk
9.8,5,2,60.51,76.79,63.22,64.995,54.0855,76.80600000000001,78.0,118.0,134.0,71.41,Moderate Risk
9.8,5,3,59.17,75.78,64.3,69.27,55.8705,75.786,77.0,119.0,132.0,72.57,Moderate Risk
9.8,5,4,57.03,77.63,65.78,72.735,67.6515,77.622,78.0,117.0,132.0,71.2,Moderate Risk
9.8,10,1,56.61,68.05,57.79,63.085,42.84,68.03399999999999,70.0,120.0,133.0,79.63,Moderate Risk
9.8,10,2,54.31,66.76,56.7,65.77,47.5575,66.759,68.0,121.0,132.0,81.79,Moderate Risk
9.8,10,3,53.38,68.72,54.37,61.925,56.890499999999996,68.72250000000001,69.0,119.0,134.0,80.44,Moderate Risk
9.8,10,4,53.06,71.86,50.43,56.325,76.04100000000001,71.859,72.0,117.0,138.0,77.34,Moderate Risk
9.8,15,1,54.46,60.7,52.15,51.87,35.9295,60.69,63.0,123.0,132.0,87.1,Moderate Risk
9.8,15,2,53.13,66.19,52.32,58.24,53.4225,66.1725,68.0,120.0,135.0,81.64,Moderate Risk
9.8,15,3,51.45,62.5,53.01,64.23,45.084,62.5005,64.0,121.0,132.0,85.7,Moderate Risk
9.8,15,4,54.51,64.67,53.77,57.95,43.018499999999996,64.66799999999999,66.0,121.0,133.0,83.75,Moderate Risk
9.8,30,1,50.96,60.09,43.64,46.65,69.7935,60.078,61.0,120.0,137.0,88.6,Moderate Risk
9.8,30,2,47.59,61.01,44.54,54.46,68.85000000000001,61.0215,61.0,119.0,137.0,88.43,Moderate Risk
9.8,30,3,52.49,59.2,48.22,48.345,47.3025,59.211,61.0,122.0,134.0,88.87,Moderate Risk
9.8,30,4,54.81,62.99,46.39,44.77,67.19250000000001,62.985,64.0,121.0,137.0,85.85,Moderate Risk
9.8,45,1,55.17,56.73,50.01,36.95,30.192,56.737500000000004,59.0,127.0,132.0,91.92,Moderate Risk
9.8,45,2,50.11,59.77,45.75,50.68,59.7975,59.772,60.0,121.0,135.0,89.68,Moderate Risk
9.8,45,3,51.65,60.87,44.86,47.285,67.065,60.8685,61.0,121.0,137.0,88.79,Moderate Risk
9.8,45,4,49.21,61.2,46.63,54.69,60.69,61.199999999999996,62.0,120.0,136.0,87.57,Moderate Risk
9.8,60,1,47.71,55.08,47.55,59.375,34.884,55.08,56.0,123.0,132.0,93.94,Moderate Risk
9.8,60,2,47.73,64.55,42.98,53.395,85.2465,64.5405,64.0,116.0,139.0,85.14,Moderate Risk
9.8,60,3,50.3,57.79,47.09,50.985,47.226,57.783,58.0,123.0,133.0,91.99,Moderate Risk
9.8,60,4,47.04,61.33,41.3,51.4,83.25750000000001,61.3275,61.0,117.0,139.0,88.24,Moderate Risk
9.8,90,1,52.35,54.32,48.61,40.33,26.8005,54.315,57.0,126.0,131.0,93.63,Moderate Risk
9.8,90,2,44.98,55.86,46.46,64.06,49.674,55.8705,56.0,121.0,132.0,93.56,Moderate Risk
9.8,90,3,49.6,60.63,43.86,49.73,70.5585,60.639,61.0,119.0,137.0,88.43,Moderate Risk
9.8,90,4,48.78,57.78,45.86,52.63,52.606500000000004,57.783,58.0,122.0,134.0,91.8,Moderate Risk
9.8,120,1,48.0,57.81,44.13,51.505,60.3075,57.8085,58.0,121.0,135.0,91.64,Moderate Risk
9.8,120,2,48.33,57.8,43.99,50.575,60.9705,57.8085,58.0,121.0,136.0,91.68,Moderate Risk
9.8,120,3,52.92,55.97,46.53,39.695,42.993,55.972500000000004,58.0,124.0,133.0,92.2,Moderate Risk
9.8,120,4,51.04,56.53,45.54,44.99,49.5465,56.533500000000004,58.0,123.0,134.0,92.01,Moderate Risk
9.8,180,1,48.04,55.11,44.02,49.125,51.306,55.1055,56.0,122.0,134.0,93.77,Moderate Risk
9.8,180,2,48.37,55.23,45.67,51.515,44.114999999999995,55.233,56.0,123.0,133.0,93.95,Moderate Risk
9.8,180,3,48.77,57.06,44.06,49.13,58.089,57.0435,58.0,121.0,135.0,91.64,Moderate Risk
9.8,180,4,47.51,60.12,44.0,53.48,68.391,60.129000000000005,61.0,118.0,136.0,88.21,Moderate Risk
9.8,240,1,51.35,55.71,43.09,40.365,57.8085,55.7175,57.0,123.0,135.0,93.01,Moderate Risk
9.8,240,2,46.35,54.49,44.02,53.31,49.011,54.4935,55.0,122.0,133.0,94.73,Moderate Risk
9.8,240,3,50.2,61.52,42.33,47.7,79.56,61.531499999999994,62.0,119.0,138.0,87.5,Moderate Risk
9.8,240,4,48.79,55.22,42.57,45.26,58.369499999999995,55.207499999999996,56.0,122.0,135.0,93.79,Moderate Risk
9.8,300,1,52.13,55.93,44.65,40.11,51.408,55.9215,57.0,124.0,135.0,93.22,Moderate Risk
9.8,300,2,47.34,56.32,43.31,50.71,58.905,56.304,57.0,121.0,135.0,92.62,Moderate Risk
9.8,300,3,47.79,55.62,45.81,53.94,44.982,55.6155,56.0,122.0,133.0,93.75,Moderate Risk
9.8,300,4,50.92,58.61,40.28,42.58,79.73849999999999,58.599000000000004,59.0,121.0,138.0,90.81,Moderate Risk
9.8,360,1,45.7,58.51,41.99,53.27,71.98649999999999,58.497,58.0,119.0,137.0,91.38,Moderate Risk
9.8,360,2,46.96,58.08,45.22,55.935,56.457,58.063500000000005,58.0,120.0,134.0,91.43,Moderate Risk
9.8,360,3,48.42,53.06,47.08,53.285,28.764,53.0655,55.0,125.0,131.0,95.35,Moderate Risk
9.8,360,4,48.59,59.41,39.34,46.175,86.1135,59.415000000000006,59.0,119.0,139.0,90.53,Moderate Risk
9.8,480,1,48.45,55.98,42.91,47.3,59.516999999999996,55.972500000000004,56.0,122.0,135.0,93.79,Moderate Risk
9.8,480,2,47.3,55.47,41.06,47.015,66.2745,55.4625,56.0,122.0,136.0,93.83,Moderate Risk
9.8,480,3,47.48,53.4,41.43,44.84,57.120000000000005,53.397,54.0,122.0,135.0,95.75,Moderate Risk
9.8,480,4,44.36,56.81,43.87,58.87,58.063500000000005,56.814,56.0,120.0,134.0,93.4,Moderate Risk
9.9,0,1,94.8,148.53,135.42,82.68,92.2335,148.5375,146.0,107.0,129.0,4.69,Moderate Risk
9.9,0,2,91.98,150.01,132.92,81.165,98.65950000000001,150.0165,147.0,104.0,131.0,1.41,Moderate Risk
9.9,0,3,91.01,151.35,135.62,82.18,101.6685,151.3425,148.0,105.0,130.0,2.24,Moderate Risk
9.9,0,4,89.25,151.13,132.04,80.745,104.39699999999999,151.1385,148.0,103.0,132.0,1.0,Moderate Risk
9.9,1,1,69.91,113.81,93.61,76.19,98.37899999999999,113.8065,112.0,108.0,134.0,36.28,Moderate Risk
9.9,1,2,74.23,109.98,92.08,74.98,82.875,109.98150000000001,110.0,111.0,134.0,38.69,Moderate Risk
9.9,1,3,74.96,108.55,92.88,76.01,78.897,108.5535,109.0,112.0,133.0,39.82,Moderate Risk
9.9,1,4,69.05,111.98,94.91,78.07,97.74149999999999,111.9705,111.0,109.0,133.0,37.35,Moderate Risk
9.9,2,1,67.34,92.68,77.23,71.71,69.7425,92.6925,94.0,115.0,134.0,55.15,Moderate Risk
9.9,2,2,64.37,94.03,79.15,74.95,80.4525,94.0185,95.0,114.0,133.0,53.94,Moderate Risk
9.9,2,3,66.94,92.79,77.89,72.715,71.043,92.7945,93.0,115.0,133.0,56.1,Moderate Risk
9.9,2,4,63.33,96.75,81.94,76.705,88.077,96.747,97.0,112.0,133.0,51.63,Moderate Risk
9.9,5,1,60.45,74.55,63.57,66.625,48.220499999999994,74.5365,77.0,120.0,133.0,72.79,Moderate Risk
9.9,5,2,58.33,75.62,62.64,67.485,58.293,75.6075,77.0,118.0,134.0,72.39,Moderate Risk
9.9,5,3,59.3,74.11,64.77,71.09,50.949,74.10300000000001,77.0,119.0,132.0,72.57,Moderate Risk
9.9,5,4,62.03,76.13,63.96,64.11,47.226,76.143,78.0,120.0,134.0,71.83,Moderate Risk
9.9,10,1,50.52,70.64,55.93,68.07,72.624,70.635,71.0,116.0,135.0,77.99,Moderate Risk
9.9,10,2,53.69,70.82,48.88,53.435,78.99900000000001,70.8135,71.0,116.0,139.0,78.24,Moderate Risk
9.9,10,3,54.67,68.63,54.87,60.425,51.8925,68.6205,70.0,119.0,135.0,79.49,Moderate Risk
9.9,10,4,52.16,72.03,54.39,63.365,70.329,72.0375,73.0,116.0,136.0,76.06,Moderate Risk
9.9,15,1,56.64,62.09,50.72,44.365,46.665,62.0925,65.0,123.0,135.0,85.2,Moderate Risk
9.9,15,2,53.63,67.17,50.0,53.67,65.178,67.167,68.0,118.0,136.0,81.31,Moderate Risk
9.9,15,3,55.47,63.94,50.84,49.385,52.2495,63.95400000000001,65.0,121.0,135.0,84.78,Moderate Risk
9.9,15,4,53.71,64.48,52.05,55.98,49.1385,64.46400000000001,66.0,120.0,134.0,83.57,Moderate Risk
9.9,30,1,48.52,65.98,50.79,63.895,67.4475,65.96849999999999,66.0,117.0,135.0,83.08,Moderate Risk
9.9,30,2,45.49,58.4,46.84,63.15,56.406,58.395,58.0,120.0,134.0,91.43,Moderate Risk
9.9,30,3,52.44,60.5,50.17,53.41,43.554,60.511500000000005,62.0,122.0,133.0,87.87,Moderate Risk
9.9,30,4,47.2,59.3,48.45,63.11,52.045500000000004,59.313,60.0,121.0,133.0,89.63,Moderate Risk
9.9,45,1,50.16,60.67,46.12,51.67,61.149,60.6645,61.0,120.0,135.0,88.51,Moderate Risk
9.9,45,2,48.17,57.7,44.39,51.49,58.854,57.7065,58.0,121.0,135.0,91.64,Moderate Risk
9.9,45,3,51.16,58.77,44.57,46.07,61.6335,58.7775,60.0,122.0,136.0,89.91,Moderate Risk
9.9,45,4,48.44,57.63,45.45,52.63,53.881499999999996,57.63,58.0,122.0,134.0,91.8,Moderate Risk
9.9,60,1,49.58,57.18,48.0,54.845,40.9275,57.171,58.0,123.0,132.0,91.98,Moderate Risk
9.9,60,2,45.97,59.52,41.39,52.42,77.6475,59.516999999999996,59.0,118.0,137.0,90.23,Moderate Risk
9.9,60,3,47.77,53.11,46.92,55.925,29.707500000000003,53.1165,55.0,123.0,132.0,94.92,Moderate Risk
9.9,60,4,50.28,63.01,45.25,51.505,71.8845,63.01049999999999,64.0,118.0,137.0,85.31,Moderate Risk
9.9,90,1,47.96,53.82,43.22,46.59,50.2095,53.805,54.0,123.0,134.0,95.92,Moderate Risk
9.9,90,2,52.59,61.31,44.68,45.725,69.156,61.302,63.0,120.0,138.0,86.7,Moderate Risk
9.9,90,3,51.93,57.16,46.14,44.235,49.1385,57.1455,59.0,123.0,134.0,91.03,Moderate Risk
9.9,90,4,49.63,60.96,44.71,50.925,67.95750000000001,60.945,61.0,120.0,136.0,88.55,Moderate Risk
9.9,120,1,49.46,54.29,42.94,42.76,53.294999999999995,54.289500000000004,55.0,123.0,135.0,94.97,Moderate Risk
9.9,120,2,46.78,55.2,43.65,51.875,53.346,55.207499999999996,56.0,122.0,134.0,93.77,Moderate Risk
9.9,120,3,44.35,58.6,45.4,62.215,62.016,58.599000000000004,58.0,120.0,134.0,91.43,Moderate Risk
9.9,120,4,52.65,56.31,45.02,39.72,51.127500000000005,56.304,58.0,124.0,134.0,92.22,Moderate Risk
9.9,180,1,52.62,56.14,43.76,38.545,56.253,56.151,58.0,123.0,136.0,92.07,Moderate Risk
9.9,180,2,47.19,53.08,45.5,53.315,36.4395,53.091,54.0,124.0,132.0,96.1,Moderate Risk
9.9,180,3,48.45,58.75,44.23,51.285,63.01049999999999,58.751999999999995,59.0,120.0,135.0,90.48,Moderate Risk
9.9,180,4,50.1,57.62,43.49,45.975,62.5515,57.63,58.0,122.0,136.0,91.87,Moderate Risk
9.9,240,1,51.44,55.74,44.22,41.19,52.683,55.742999999999995,57.0,124.0,135.0,93.22,Moderate Risk
9.9,240,2,46.2,58.76,42.81,53.61,69.2325,58.751999999999995,58.0,120.0,137.0,91.55,Moderate Risk
9.9,240,3,50.27,56.97,42.77,44.145,63.597,56.967,58.0,123.0,136.0,92.07,Moderate Risk
9.9,240,4,46.82,55.85,45.37,55.845,47.837999999999994,55.845,56.0,122.0,133.0,93.75,Moderate Risk
9.9,300,1,45.24,55.24,44.5,57.935,49.571999999999996,55.233,56.0,121.0,134.0,93.58,Moderate Risk
9.9,300,2,52.16,53.64,41.82,33.76,56.202000000000005,53.652,55.0,125.0,135.0,95.39,Moderate Risk
9.9,300,3,46.58,53.11,45.83,56.91,34.935,53.1165,54.0,123.0,132.0,95.9,Moderate Risk
9.9,300,4,47.19,53.35,42.32,46.745,52.7085,53.346,54.0,123.0,134.0,95.92,Moderate Risk
9.9,360,1,47.62,55.19,44.19,50.65,50.796,55.182,56.0,122.0,134.0,93.77,Moderate Risk
9.9,360,2,44.33,52.97,39.16,48.775,66.50399999999999,52.963499999999996,53.0,121.0,135.0,96.56,Moderate Risk
9.9,360,3,45.51,61.86,42.2,54.94,81.039,61.863,61.0,117.0,138.0,88.17,Moderate Risk
9.9,360,4,47.41,58.0,44.96,54.35,57.3495,58.0125,58.0,121.0,135.0,91.64,Moderate Risk
9.9,480,1,49.47,52.61,41.55,38.515,53.601,52.606500000000004,54.0,124.0,135.0,96.15,Moderate Risk
9.9,480,2,45.36,57.77,42.42,54.26,67.728,57.7575,57.0,120.0,136.0,92.48,Moderate Risk
9.9,480,3,47.23,57.18,40.45,47.845,74.58749999999999,57.171,58.0,120.0,137.0,91.55,Moderate Risk
9.9,480,4,52.4,55.33,39.59,35.595,72.52199999999999,55.335,57.0,123.0,138.0,93.16,Moderate Risk
10.0,0,1,93.33,153.47,129.25,77.92,99.9345,153.4845,150.0,103.0,135.0,3.74,Moderate Risk
10.0,0,2,90.45,153.2,128.85,78.36,104.44800000000001,153.204,149.0,102.0,135.0,3.74,Moderate Risk
10.0,0,3,91.02,149.8,130.09,79.94,100.06200000000001,149.787,147.0,104.0,132.0,1.0,Moderate Risk
10.0,0,4,93.98,150.39,134.04,81.305,95.6505,150.3735,148.0,106.0,131.0,2.24,Moderate Risk
10.0,1,1,74.3,109.89,89.81,73.075,82.56899999999999,109.87950000000001,110.0,111.0,135.0,38.76,Moderate Risk
10.0,1,2,77.66,109.62,91.26,72.765,74.358,109.6245,110.0,112.0,134.0,38.88,Moderate Risk
10.0,1,3,72.65,108.2,92.19,76.49,83.793,108.1965,109.0,111.0,133.0,39.64,Moderate Risk
10.0,1,4,73.74,113.75,94.27,75.395,89.709,113.7555,113.0,109.0,134.0,35.41,Moderate Risk
10.0,2,1,66.21,93.85,78.34,73.165,75.0975,93.84,94.0,114.0,133.0,54.93,Moderate Risk
10.0,2,2,67.87,91.45,76.38,70.835,65.73899999999999,91.443,93.0,116.0,134.0,56.33,Moderate Risk
10.0,2,3,66.25,92.04,75.93,71.26,71.4765,92.05499999999999,93.0,114.0,134.0,55.94,Moderate Risk
10.0,2,4,65.51,98.34,78.43,71.805,85.119,98.3535,98.0,111.0,136.0,50.65,Moderate Risk
10.0,5,1,57.71,77.68,68.15,75.685,65.5605,77.673,79.0,118.0,131.0,70.41,Moderate Risk
10.0,5,2,57.9,80.01,61.26,64.565,70.45649999999999,80.019,81.0,115.0,137.0,68.08,Moderate Risk
10.0,5,3,57.08,77.79,63.48,69.265,67.9065,77.8005,78.0,117.0,134.0,71.22,Moderate Risk
10.0,5,4,59.57,75.43,64.2,68.75,53.6265,75.429,77.0,119.0,132.0,72.57,Moderate Risk
10.0,10,1,56.56,66.65,55.79,57.855,41.565000000000005,66.65700000000001,68.0,122.0,133.0,82.01,Moderate Risk
10.0,10,2,49.2,66.1,56.75,73.395,65.20349999999999,66.09599999999999,67.0,118.0,132.0,82.2,Moderate Risk
10.0,10,3,52.04,70.62,55.43,65.47,67.0905,70.6095,71.0,117.0,135.0,78.15,Moderate Risk
10.0,10,4,54.79,69.6,55.83,62.11,54.2385,69.58949999999999,70.0,119.0,134.0,79.45,Moderate Risk
10.0,15,1,52.44,67.51,49.65,55.31,67.473,67.524,68.0,118.0,137.0,81.37,Moderate Risk
10.0,15,2,53.91,63.51,53.05,57.51,42.024,63.5205,65.0,122.0,133.0,84.94,Moderate Risk
10.0,15,3,49.76,66.94,55.75,70.45,65.43299999999999,66.9375,67.0,119.0,132.0,82.38,Moderate Risk
10.0,15,4,53.49,66.44,48.05,51.13,70.584,66.453,67.0,119.0,137.0,82.53,Moderate Risk
10.0,30,1,51.04,66.79,46.84,53.675,76.16850000000001,66.78450000000001,67.0,118.0,138.0,82.42,Moderate Risk
10.0,30,2,51.77,57.75,50.07,53.37,33.915,57.7575,59.0,124.0,132.0,91.22,Moderate Risk
10.0,30,3,54.34,59.95,47.05,43.06,54.876,59.9505,61.0,123.0,135.0,89.1,Moderate Risk
10.0,30,4,49.26,60.14,45.0,51.55,64.1835,60.129000000000005,61.0,120.0,136.0,88.55,Moderate Risk
10.0,45,1,46.66,57.83,48.8,65.75,49.266000000000005,57.834,58.0,121.0,132.0,91.59,Moderate Risk
10.0,45,2,49.13,58.76,45.77,52.235,56.355000000000004,58.751999999999995,59.0,121.0,135.0,90.66,Moderate Risk
10.0,45,3,51.13,58.6,49.69,55.14,38.785500000000006,58.599000000000004,60.0,123.0,133.0,90.03,Moderate Risk
10.0,45,4,51.46,58.96,46.74,48.415,52.86150000000001,58.955999999999996,60.0,122.0,135.0,89.87,Moderate Risk
10.0,60,1,48.98,57.23,44.94,50.13,54.774,57.221999999999994,58.0,121.0,135.0,91.64,Moderate Risk
10.0,60,2,50.78,58.55,48.9,54.15,42.049499999999995,58.548,60.0,122.0,133.0,89.83,Moderate Risk
10.0,60,3,50.95,59.01,43.44,45.52,67.2945,59.007,60.0,121.0,137.0,89.77,Moderate Risk
10.0,60,4,50.3,56.13,46.7,48.56,42.789,56.125499999999995,58.0,123.0,133.0,91.99,Moderate Risk
10.0,90,1,49.3,58.0,44.34,49.095,60.078,58.0125,59.0,121.0,136.0,90.7,Moderate Risk
10.0,90,2,49.09,59.05,43.96,49.815,65.12700000000001,59.058,60.0,120.0,137.0,89.58,Moderate Risk
10.0,90,3,45.46,56.91,44.99,58.8,53.4225,56.916000000000004,57.0,121.0,134.0,92.6,Moderate Risk
10.0,90,4,48.27,59.17,43.65,51.065,66.86099999999999,59.160000000000004,60.0,120.0,136.0,89.53,Moderate Risk
10.0,120,1,46.65,52.68,42.67,48.065,48.45,52.683,53.0,124.0,133.0,97.09,Moderate Risk
10.0,120,2,49.4,56.22,44.11,46.905,54.927,56.2275,58.0,122.0,135.0,91.83,Moderate Risk
10.0,120,3,50.82,59.48,46.88,50.615,54.0345,59.4915,61.0,121.0,135.0,88.7,Moderate Risk
10.0,120,4,46.55,53.09,41.63,47.13,55.028999999999996,53.091,54.0,122.0,135.0,95.75,Moderate Risk
10.0,180,1,50.31,55.32,45.64,45.54,44.625,55.335,57.0,123.0,134.0,92.98,Moderate Risk
10.0,180,2,46.13,59.55,43.25,54.705,69.7935,59.542500000000004,59.0,119.0,136.0,90.34,Moderate Risk
10.0,180,3,48.14,56.4,46.84,55.915,43.222500000000004,56.406,58.0,122.0,133.0,91.79,Moderate Risk
10.0,180,4,44.89,53.62,45.47,62.015,41.565000000000005,53.6265,54.0,122.0,132.0,95.71,Moderate Risk
10.0,240,1,49.87,55.06,39.74,40.165,70.9665,55.054500000000004,56.0,122.0,138.0,93.94,Moderate Risk
10.0,240,2,47.9,55.97,42.33,47.745,62.169,55.972500000000004,56.0,121.0,135.0,93.61,Moderate Risk
10.0,240,3,51.08,54.54,43.59,39.465,51.1785,54.5445,56.0,124.0,135.0,94.2,Moderate Risk
10.0,240,4,49.37,56.54,47.47,53.715,40.8765,56.533500000000004,58.0,123.0,133.0,91.99,Moderate Risk
10.0,300,1,48.42,58.9,44.56,51.92,62.0925,58.905,59.0,120.0,135.0,90.48,Moderate Risk
10.0,300,2,47.11,55.81,46.12,56.94,44.268,55.819500000000005,56.0,122.0,133.0,93.75,Moderate Risk
10.0,300,3,45.57,56.44,40.27,50.17,73.05749999999999,56.4315,57.0,119.0,137.0,92.36,Moderate Risk
10.0,300,4,48.76,57.29,44.57,50.105,56.6355,57.298500000000004,58.0,121.0,135.0,91.64,Moderate Risk
10.0,360,1,46.44,55.14,46.79,61.215,40.264500000000005,55.1565,56.0,122.0,133.0,93.75,Moderate Risk
10.0,360,2,45.83,53.81,45.28,58.06,40.443,53.805,54.0,122.0,132.0,95.71,Moderate Risk
10.0,360,3,47.4,52.94,46.11,54.315,32.9205,52.938,54.0,125.0,131.0,96.32,Moderate Risk
10.0,360,4,48.44,57.45,43.94,50.02,59.9505,57.4515,58.0,121.0,136.0,91.68,Moderate Risk
10.0,480,1,46.72,55.39,41.64,48.925,63.265499999999996,55.386,56.0,121.0,136.0,93.64,Moderate Risk
10.0,480,2,47.32,55.94,46.8,58.28,41.6925,55.947,56.0,122.0,133.0,93.75,Moderate Risk
10.0,480,3,47.8,55.67,39.44,44.545,74.3325,55.6665,56.0,121.0,137.0,93.69,Moderate Risk
10.0,480,4,46.66,50.98,44.37,49.63,33.0735,50.9745,52.0,125.0,131.0,98.28,Moderate Risk
