ppm,exposure_time_min,replicate,R_demo,G_demo,B_demo,H_demo,S_demo,V_demo,L_demo,a_demo,b_demo,DeltaE_demo
1.0,0,0,92.91,147.88,134.25,82.1,94.78,147.88,145.0,107.0,129.0,5.2
1.0,0,1,94.82,145.15,128.09,79.39,88.41,145.15,144.0,107.0,132.0,5.0
1.0,0,2,92.38,150.05,131.95,80.14,98.0,150.05,147.0,105.0,132.0,1.41
1.0,1,0,86.97,148.25,129.34,80.29,105.4,148.25,145.0,103.0,132.0,3.16
1.0,1,1,89.73,148.99,128.41,79.14,101.43,148.99,145.0,104.0,133.0,3.16
1.0,1,2,86.95,146.72,124.13,78.22,103.87,146.72,143.0,103.0,134.0,5.48
1.0,2,0,90.79,142.45,123.66,78.65,92.49,142.45,140.0,106.0,133.0,8.31
1.0,2,1,86.11,146.27,123.75,78.33,104.88,146.27,143.0,103.0,134.0,5.48
1.0,2,2,86.87,141.55,125.81,80.92,98.51,141.55,139.0,106.0,131.0,9.27
1.0,5,0,86.99,138.92,120.95,79.17,95.32,138.92,136.0,106.0,132.0,12.17
1.0,5,1,92.32,136.47,118.12,77.1,82.49,136.47,136.0,109.0,133.0,13.04
1.0,5,2,83.46,139.53,123.04,80.73,102.48,139.53,137.0,106.0,131.0,11.22
1.0,10,0,83.69,131.09,113.41,78.37,92.21,131.09,130.0,107.0,133.0,18.28
1.0,10,1,85.98,135.84,117.51,78.53,93.6,135.84,134.0,107.0,132.0,14.32
1.0,10,2,82.03,134.31,116.23,79.18,99.25,134.31,133.0,106.0,132.0,15.13
1.0,15,0,83.58,133.81,114.31,77.92,95.72,133.81,132.0,107.0,133.0,16.31
1.0,15,1,84.96,131.4,114.51,78.65,90.12,131.4,130.0,108.0,132.0,18.44
1.0,15,2,84.82,126.82,112.68,79.46,84.46,126.82,126.0,110.0,131.0,22.83
1.0,30,0,79.64,125.19,109.03,78.91,92.79,125.19,124.0,109.0,132.0,24.52
1.0,30,1,85.53,124.51,112.76,80.5,79.82,124.51,125.0,112.0,130.0,24.43
1.0,30,2,76.0,126.1,110.34,80.11,101.32,126.1,125.0,107.0,131.0,23.22
1.0,45,0,81.74,126.91,110.07,78.38,90.76,126.91,126.0,109.0,132.0,22.56
1.0,45,1,78.93,123.39,110.26,80.69,91.87,123.39,123.0,109.0,130.0,25.57
1.0,45,2,79.41,120.95,104.29,77.54,87.58,120.95,120.0,110.0,132.0,28.64
1.0,60,0,76.48,124.65,106.61,78.33,98.54,124.65,123.0,107.0,133.0,25.2
1.0,60,1,81.31,121.87,106.66,78.31,84.87,121.87,121.0,110.0,132.0,27.66
1.0,60,2,81.11,122.23,107.56,78.85,85.77,122.23,122.0,110.0,132.0,26.68
1.0,90,0,76.23,119.83,102.97,77.96,92.79,119.83,119.0,109.0,133.0,29.44
1.0,90,1,74.63,122.38,102.71,77.21,99.51,122.38,121.0,107.0,134.0,27.24
1.0,90,2,78.25,122.36,105.45,78.06,91.93,122.36,122.0,109.0,133.0,26.5
1.0,120,0,79.5,119.08,101.41,76.18,84.75,119.08,119.0,110.0,134.0,29.68
1.0,120,1,77.27,114.31,98.34,76.64,82.64,114.31,115.0,111.0,133.0,33.75
1.0,120,2,73.54,116.38,103.88,80.79,93.88,116.38,116.0,110.0,131.0,32.57
1.0,180,0,73.81,116.11,104.61,81.38,92.9,116.11,116.0,110.0,130.0,32.62
1.0,180,1,75.46,119.46,97.91,74.89,93.92,119.46,118.0,108.0,135.0,30.41
1.0,180,2,75.91,114.4,99.69,78.1,85.78,114.4,114.0,111.0,132.0,34.71
1.0,240,0,78.38,110.6,100.65,80.29,74.29,110.6,112.0,114.0,130.0,37.42
1.0,240,1,76.57,114.0,95.01,74.36,83.72,114.0,114.0,111.0,134.0,34.77
1.0,240,2,76.07,114.19,100.05,78.43,85.12,114.19,115.0,111.0,131.0,33.75
1.0,300,0,75.41,119.47,97.6,74.69,94.04,119.47,118.0,108.0,135.0,30.41
1.0,300,1,72.28,115.2,98.97,78.22,95.02,115.2,115.0,109.0,133.0,33.39
1.0,300,2,79.42,117.17,99.39,75.44,82.15,117.17,117.0,110.0,134.0,31.64
1.0,360,0,79.33,110.2,95.56,75.36,71.45,110.2,112.0,113.0,133.0,37.12
1.0,360,1,72.16,112.6,93.35,75.3,91.59,112.6,112.0,109.0,134.0,36.4
1.0,360,2,76.84,113.1,93.07,73.02,81.75,113.1,113.0,110.0,135.0,35.64
1.0,480,0,71.25,113.32,98.71,79.14,94.66,113.32,113.0,110.0,132.0,35.51
1.0,480,1,80.29,121.12,97.44,72.2,85.96,121.12,121.0,108.0,137.0,27.75
1.0,480,2,71.33,105.98,97.0,81.76,83.38,105.98,106.0,114.0,129.0,43.28
1.1,0,0,89.56,149.75,130.16,79.79,102.5,149.75,146.0,104.0,132.0,2.0
1.1,0,1,91.58,154.2,132.47,79.15,103.56,154.2,151.0,102.0,133.0,3.74
1.1,0,2,91.52,147.89,126.98,78.43,97.19,147.89,145.0,104.0,133.0,3.16
1.1,1,0,87.83,144.93,131.82,82.65,100.46,144.93,142.0,106.0,129.0,7.0
1.1,1,1,89.68,148.04,125.02,77.73,100.52,148.04,145.0,103.0,134.0,3.74
1.1,1,2,85.74,142.19,124.35,80.07,101.25,142.19,140.0,105.0,132.0,8.06
1.1,2,0,94.17,139.34,125.99,80.68,82.66,139.34,139.0,109.0,131.0,10.34
1.1,2,1,85.08,144.6,124.63,79.49,104.97,144.6,141.0,104.0,133.0,7.07
1.1,2,2,87.31,141.68,121.51,78.43,97.85,141.68,139.0,105.0,133.0,9.11
1.1,5,0,86.67,135.09,114.84,77.02,91.4,135.09,134.0,106.0,134.0,14.28
1.1,5,1,81.5,136.98,123.26,82.12,103.27,136.98,135.0,106.0,129.0,13.49
1.1,5,2,85.82,136.1,119.38,79.58,94.22,136.1,135.0,107.0,132.0,13.34
1.1,10,0,87.24,132.71,113.21,76.7,87.38,132.71,131.0,108.0,133.0,17.49
1.1,10,1,86.64,133.34,119.05,80.37,89.32,133.34,132.0,109.0,130.0,16.88
1.1,10,2,83.87,128.38,110.33,77.4,88.42,128.38,128.0,108.0,133.0,20.42
1.1,15,0,87.08,134.63,111.49,74.98,90.06,134.63,133.0,107.0,135.0,15.59
1.1,15,1,80.98,133.84,108.7,75.32,100.72,133.84,131.0,104.0,136.0,17.46
1.1,15,2,79.44,131.38,110.84,77.7,100.82,131.38,129.0,106.0,134.0,19.21
1.1,30,0,80.1,124.58,108.98,79.03,91.05,124.58,124.0,109.0,132.0,24.52
1.1,30,1,84.34,125.35,109.9,78.26,83.42,125.35,125.0,110.0,132.0,23.77
1.1,30,2,73.97,124.93,105.44,78.09,104.02,124.93,123.0,106.0,133.0,25.1
1.1,45,0,75.32,119.95,104.65,79.28,94.88,119.95,119.0,109.0,131.0,29.44
1.1,45,1,81.72,118.61,105.75,79.1,79.29,118.61,119.0,112.0,131.0,30.1
1.1,45,2,77.52,121.6,108.67,80.74,92.43,121.6,121.0,110.0,130.0,27.73
1.1,60,0,79.8,124.87,103.59,75.42,92.04,124.87,123.0,108.0,135.0,25.5
1.1,60,1,76.1,120.19,104.78,79.08,93.54,120.19,120.0,109.0,132.0,28.44
1.1,60,2,78.72,117.61,104.33,79.31,84.33,117.61,118.0,111.0,131.0,30.82
1.1,90,0,77.78,126.04,107.49,78.03,97.63,126.04,125.0,107.0,133.0,23.22
1.1,90,1,74.54,117.63,97.47,75.54,93.41,117.63,117.0,108.0,134.0,31.32
1.1,90,2,75.33,119.43,105.48,80.06,94.17,119.43,119.0,110.0,131.0,29.63
1.1,120,0,74.16,114.89,93.9,74.13,90.4,114.89,114.0,109.0,135.0,34.5
1.1,120,1,75.86,113.66,98.75,77.73,84.81,113.66,114.0,111.0,132.0,34.71
1.1,120,2,73.72,116.57,95.07,74.53,93.74,116.57,115.0,108.0,135.0,33.38
1.1,180,0,70.92,121.0,94.4,73.66,105.54,121.0,118.0,105.0,137.0,30.43
1.1,180,1,72.03,120.12,106.98,81.35,102.09,120.12,119.0,108.0,131.0,29.29
1.1,180,2,71.81,113.51,99.29,79.33,93.68,113.51,113.0,110.0,131.0,35.52
1.1,240,0,79.8,110.11,96.1,75.71,70.19,110.11,112.0,113.0,132.0,37.11
1.1,240,1,76.95,114.37,95.7,74.62,83.44,114.37,114.0,110.0,134.0,34.58
1.1,240,2,74.21,108.94,96.12,78.48,81.29,108.94,109.0,113.0,131.0,40.04
1.1,300,0,73.28,112.59,94.08,75.45,89.04,112.59,112.0,110.0,134.0,36.55
1.1,300,1,75.49,114.93,96.21,75.34,87.51,114.93,114.0,110.0,134.0,34.58
1.1,300,2,75.13,112.05,95.75,76.32,84.02,112.05,113.0,111.0,133.0,35.71
1.1,360,0,71.48,111.9,94.58,76.72,92.11,111.9,111.0,110.0,133.0,37.5
1.1,360,1,79.93,115.67,96.03,73.11,78.81,115.67,116.0,111.0,134.0,32.82
1.1,360,2,71.36,107.62,98.45,81.96,85.92,107.62,108.0,113.0,129.0,41.11
1.1,480,0,73.77,110.94,88.29,71.32,85.44,110.94,110.0,109.0,136.0,38.54
1.1,480,1,75.76,110.86,90.2,71.93,80.74,110.86,111.0,111.0,135.0,37.78
1.1,480,2,71.57,110.29,93.68,76.71,89.54,110.29,110.0,110.0,133.0,38.48
1.2,0,0,91.12,150.69,131.24,79.76,100.8,150.69,147.0,104.0,132.0,1.0
1.2,0,1,92.46,155.41,124.3,74.76,103.3,155.41,151.0,100.0,138.0,7.81
1.2,0,2,91.29,151.53,132.89,80.27,101.37,151.53,148.0,104.0,132.0,0.0
1.2,1,0,87.94,139.3,127.02,82.37,94.02,139.3,138.0,108.0,129.0,11.18
1.2,1,1,94.24,139.97,128.63,82.1,83.32,139.97,139.0,110.0,129.0,11.22
1.2,1,2,88.07,144.39,122.88,78.11,99.46,144.39,142.0,104.0,134.0,6.32
1.2,2,0,86.42,144.91,124.49,79.08,102.93,144.91,142.0,104.0,133.0,6.08
1.2,2,1,92.62,144.54,124.06,77.73,91.6,144.54,142.0,106.0,133.0,6.4
1.2,2,2,92.65,142.33,125.22,79.23,89.0,142.33,141.0,107.0,132.0,7.62
1.2,5,0,83.89,135.45,115.31,77.84,97.06,135.45,133.0,106.0,133.0,15.17
1.2,5,1,87.75,131.72,119.75,81.38,85.12,131.72,131.0,110.0,130.0,18.14
1.2,5,2,84.21,138.77,119.65,79.05,100.25,138.77,136.0,106.0,133.0,12.21
1.2,10,0,88.08,132.72,108.31,73.18,85.77,132.72,131.0,107.0,136.0,17.72
1.2,10,1,82.42,127.02,111.47,79.1,89.54,127.02,127.0,109.0,132.0,21.59
1.2,10,2,87.15,132.44,110.93,75.33,87.2,132.44,131.0,107.0,135.0,17.52
1.2,15,0,78.3,127.85,106.8,76.82,98.82,127.85,126.0,106.0,134.0,22.18
1.2,15,1,79.33,128.69,113.92,80.57,97.8,128.69,127.0,108.0,131.0,21.4
1.2,15,2,83.17,120.88,111.36,81.97,79.55,120.88,121.0,113.0,129.0,28.62
1.2,30,0,79.43,124.34,110.98,80.63,92.11,124.34,124.0,109.0,131.0,24.54
1.2,30,1,73.02,121.32,107.91,81.21,101.52,121.32,120.0,108.0,130.0,28.35
1.2,30,2,74.47,127.53,107.24,78.09,106.1,127.53,125.0,106.0,133.0,23.11
1.2,45,0,80.54,118.75,106.13,79.65,82.04,118.75,119.0,112.0,130.0,30.15
1.2,45,1,81.21,121.16,104.39,76.98,84.08,121.16,121.0,110.0,133.0,27.68
1.2,45,2,78.81,117.87,103.25,78.33,84.5,117.87,118.0,111.0,131.0,30.82
1.2,60,0,76.71,119.79,105.0,79.26,91.7,119.79,119.0,110.0,131.0,29.63
1.2,60,1,73.99,118.27,106.45,81.53,95.46,118.27,118.0,109.0,130.0,30.48
1.2,60,2,74.94,116.17,102.61,79.68,90.51,116.17,116.0,110.0,131.0,32.57
1.2,90,0,78.56,116.18,103.67,79.58,82.57,116.18,117.0,111.0,131.0,31.8
1.2,90,1,78.6,118.67,101.35,76.61,86.11,118.67,118.0,110.0,133.0,30.61
1.2,90,2,83.01,115.53,93.68,69.45,71.78,115.53,116.0,111.0,137.0,33.14
1.2,120,0,80.05,113.06,98.42,76.27,74.44,113.06,114.0,113.0,133.0,35.19
1.2,120,1,79.17,109.62,94.34,74.53,70.84,109.62,111.0,113.0,133.0,38.09
1.2,120,2,70.43,112.05,99.41,80.44,94.7,112.05,112.0,110.0,131.0,36.51
1.2,180,0,75.74,112.91,91.68,72.46,83.96,112.91,112.0,110.0,136.0,36.72
1.2,180,1,67.23,112.25,94.5,77.74,102.26,112.25,112.0,108.0,133.0,36.24
1.2,180,2,75.54,114.19,96.34,75.72,86.31,114.19,114.0,110.0,134.0,34.58
1.2,240,0,75.7,111.16,96.02,76.76,81.33,111.16,112.0,112.0,132.0,36.88
1.2,240,1,71.31,109.93,95.02,77.98,89.59,109.93,109.0,111.0,132.0,39.62
1.2,240,2,75.89,109.29,95.99,77.62,77.94,109.29,110.0,112.0,132.0,38.83
1.2,300,0,72.07,108.9,95.78,78.88,86.24,108.9,109.0,112.0,131.0,39.82
1.2,300,1,66.89,105.36,88.85,76.7,93.12,105.36,105.0,110.0,133.0,43.43
1.2,300,2,65.86,107.22,95.54,81.08,98.35,107.22,107.0,110.0,130.0,41.48
1.2,360,0,71.56,108.87,95.66,78.94,87.38,108.87,109.0,112.0,131.0,39.82
1.2,360,1,76.4,108.07,96.45,78.56,74.72,108.07,109.0,114.0,131.0,40.27
1.2,360,2,72.69,105.76,90.61,75.83,79.73,105.76,106.0,112.0,133.0,42.77
1.2,480,0,67.29,104.1,89.92,78.01,90.19,104.1,104.0,111.0,132.0,44.55
1.2,480,1,74.14,111.93,86.85,69.7,86.1,111.93,111.0,109.0,138.0,37.82
1.2,480,2,72.91,103.65,92.42,78.6,75.63,103.65,105.0,114.0,131.0,44.16
1.3,0,0,91.61,145.51,134.78,83.57,94.46,145.51,144.0,107.0,128.0,6.4
1.3,0,1,90.18,149.4,128.79,79.12,101.07,149.4,146.0,104.0,133.0,2.24
1.3,0,2,90.04,152.28,131.43,79.51,104.23,152.28,149.0,103.0,133.0,1.73
1.3,1,0,89.8,145.14,129.52,81.08,97.22,145.14,143.0,106.0,131.0,5.48
1.3,1,1,87.79,139.62,128.76,83.25,94.67,139.62,138.0,108.0,128.0,11.49
1.3,1,2,87.82,147.4,126.71,79.14,103.07,147.4,144.0,103.0,133.0,4.24
1.3,2,0,86.67,141.27,127.87,82.17,98.56,141.27,139.0,106.0,130.0,9.43
1.3,2,1,93.29,140.44,122.49,78.15,85.6,140.44,139.0,108.0,133.0,9.9
1.3,2,2,90.29,137.69,123.01,80.26,87.78,137.69,136.0,109.0,130.0,13.15
1.3,5,0,84.16,135.0,113.8,77.06,96.04,135.0,133.0,106.0,134.0,15.26
1.3,5,1,79.47,127.84,112.95,80.31,96.49,127.84,126.0,108.0,131.0,22.38
1.3,5,2,82.86,133.18,122.11,82.93,96.35,133.18,132.0,108.0,128.0,16.97
1.3,10,0,85.25,126.15,112.68,79.68,82.67,126.15,126.0,110.0,131.0,22.83
1.3,10,1,80.71,128.18,112.2,79.45,94.44,128.18,127.0,108.0,131.0,21.4
1.3,10,2,83.79,128.02,114.83,80.6,88.1,128.02,128.0,109.0,131.0,20.64
1.3,15,0,77.16,126.11,116.7,83.77,98.98,126.11,126.0,109.0,128.0,22.91
1.3,15,1,81.25,130.39,109.18,76.62,96.1,130.39,129.0,106.0,134.0,19.21
1.3,15,2,82.33,125.92,108.4,77.51,88.28,125.92,125.0,109.0,133.0,23.56
1.3,30,0,75.99,122.47,101.8,76.23,96.77,122.47,121.0,107.0,135.0,27.33
1.3,30,1,80.33,124.43,105.45,76.66,90.38,124.43,124.0,108.0,134.0,24.41
1.3,30,2,77.47,122.54,103.43,76.85,93.78,122.54,121.0,108.0,133.0,27.31
1.3,45,0,79.87,112.91,100.78,78.54,74.63,112.91,114.0,113.0,131.0,35.19
1.3,45,1,71.09,113.92,105.88,83.9,95.88,113.92,114.0,111.0,128.0,34.94
1.3,45,2,79.75,116.25,97.28,73.99,80.07,116.25,116.0,111.0,134.0,32.82
1.3,60,0,67.29,114.87,107.27,84.74,105.61,114.87,114.0,110.0,127.0,34.89
1.3,60,1,77.49,114.82,101.41,78.78,82.9,114.82,115.0,112.0,131.0,33.97
1.3,60,2,71.5,115.61,100.31,79.15,97.28,115.61,115.0,109.0,132.0,33.38
1.3,90,0,74.73,116.26,98.63,76.83,91.09,116.26,116.0,109.0,133.0,32.4
1.3,90,1,77.0,111.82,100.29,79.62,79.42,111.82,112.0,113.0,130.0,37.16
1.3,90,2,79.88,110.98,94.93,74.11,71.46,110.98,112.0,113.0,133.0,37.12
1.3,120,0,78.18,111.53,100.15,79.32,76.25,111.53,112.0,114.0,130.0,37.42
1.3,120,1,72.84,116.47,96.33,75.73,95.51,116.47,115.0,108.0,134.0,33.3
1.3,120,2,74.95,116.79,94.85,73.86,91.37,116.79,116.0,108.0,136.0,32.5
1.3,180,0,70.23,108.32,95.03,79.1,89.66,108.32,109.0,112.0,131.0,39.82
1.3,180,1,68.36,111.57,92.06,76.03,98.77,111.57,111.0,108.0,134.0,37.27
1.3,180,2,76.5,102.48,91.32,76.68,64.65,102.48,104.0,116.0,131.0,45.62
1.3,240,0,67.23,105.51,92.87,79.65,92.53,105.51,105.0,112.0,131.0,43.75
1.3,240,1,71.75,107.23,91.65,76.4,84.38,107.23,108.0,111.0,133.0,40.62
1.3,240,2,72.9,104.97,94.25,79.53,77.91,104.97,105.0,114.0,130.0,44.19
1.3,300,0,73.7,107.89,92.63,76.19,80.81,107.89,108.0,112.0,132.0,40.79
1.3,300,1,72.6,112.84,90.7,73.09,90.93,112.84,112.0,108.0,136.0,36.44
1.3,300,2,70.79,104.47,87.86,74.79,82.21,104.47,105.0,112.0,134.0,43.78
1.3,360,0,67.51,103.06,89.81,78.38,87.94,103.06,104.0,112.0,132.0,44.72
1.3,360,1,72.25,105.88,87.73,73.4,80.99,105.88,106.0,112.0,134.0,42.8
1.3,360,2,73.95,107.94,89.55,73.36,80.3,107.94,108.0,112.0,134.0,40.84
1.3,480,0,68.58,105.82,89.15,76.15,89.74,105.82,105.0,111.0,133.0,43.58
1.3,480,1,66.19,103.97,89.37,77.97,92.65,103.97,103.0,111.0,132.0,45.54
1.3,480,2,67.84,104.74,84.22,72.91,89.84,104.74,104.0,110.0,135.0,44.51
1.4,0,0,96.01,154.74,131.24,77.56,96.79,154.74,151.0,104.0,134.0,3.61
1.4,0,1,93.09,143.77,128.53,80.53,89.89,143.77,142.0,108.0,131.0,7.28
1.4,0,2,91.12,147.78,134.14,82.32,97.78,147.78,145.0,106.0,129.0,4.69
1.4,1,0,94.57,140.01,122.57,78.05,82.76,140.01,139.0,108.0,133.0,9.9
1.4,1,1,89.29,148.38,121.42,75.89,101.55,148.38,145.0,103.0,136.0,5.1
1.4,1,2,89.33,149.01,120.13,75.06,102.13,149.01,146.0,102.0,137.0,5.74
1.4,2,0,82.86,138.18,119.73,79.55,102.08,138.18,136.0,105.0,132.0,12.04
1.4,2,1,89.14,140.18,115.97,75.35,92.83,140.18,138.0,105.0,136.0,10.82
1.4,2,2,88.25,137.72,125.12,81.9,91.59,137.72,136.0,109.0,129.0,13.34
1.4,5,0,81.82,130.98,116.83,80.92,95.71,130.98,129.0,108.0,130.0,19.52
1.4,5,1,85.99,134.24,110.15,74.61,91.65,134.24,133.0,106.0,136.0,15.65
1.4,5,2,85.31,129.79,115.92,80.2,87.38,129.79,129.0,109.0,131.0,19.67
1.4,10,0,76.99,128.91,107.86,77.4,102.7,128.91,126.0,105.0,134.0,22.11
1.4,10,1,77.41,129.71,111.01,78.83,102.81,129.71,128.0,106.0,132.0,20.1
1.4,10,2,79.42,131.93,108.96,76.45,101.49,131.93,129.0,105.0,135.0,19.26
1.4,15,0,79.94,125.28,105.54,76.52,92.29,125.28,124.0,107.0,134.0,24.27
1.4,15,1,81.25,122.87,106.17,77.53,86.37,122.87,122.0,110.0,132.0,26.68
1.4,15,2,83.93,121.35,100.17,72.61,78.63,121.35,121.0,110.0,135.0,27.82
1.4,30,0,82.31,126.96,101.4,72.43,89.68,126.96,125.0,107.0,137.0,23.73
1.4,30,1,71.66,118.38,101.76,78.89,100.63,118.38,117.0,108.0,132.0,31.26
1.4,30,2,76.91,115.97,104.36,80.63,85.9,115.97,116.0,112.0,130.0,33.05
1.4,45,0,77.72,111.93,102.04,80.87,77.94,111.93,112.0,114.0,129.0,37.48
1.4,45,1,82.31,116.93,98.93,73.99,75.51,116.93,117.0,112.0,134.0,32.08
1.4,45,2,75.72,118.26,94.75,73.01,91.72,118.26,117.0,107.0,137.0,31.54
1.4,60,0,75.73,113.26,103.64,81.85,84.49,113.26,114.0,112.0,129.0,35.06
1.4,60,1,74.71,119.43,94.78,73.06,95.47,119.43,118.0,107.0,137.0,30.56
1.4,60,2,77.0,115.39,95.49,74.03,84.83,115.39,115.0,110.0,135.0,33.67
1.4,90,0,74.53,115.35,94.61,74.34,90.25,115.35,115.0,109.0,135.0,33.51
1.4,90,1,68.92,111.66,92.87,76.39,97.61,111.66,111.0,108.0,134.0,37.27
1.4,90,2,72.97,111.47,90.46,73.22,88.08,111.47,111.0,109.0,135.0,37.46
1.4,120,0,68.3,111.31,92.29,76.31,98.53,111.31,111.0,108.0,134.0,37.27
1.4,120,1,65.45,112.22,94.68,78.31,106.27,112.22,111.0,107.0,133.0,37.13
1.4,120,2,71.0,105.91,96.37,81.34,84.05,105.91,106.0,114.0,129.0,43.28
1.4,180,0,73.04,114.49,92.79,73.88,92.33,114.49,114.0,108.0,136.0,34.47
1.4,180,1,73.15,106.84,93.98,78.11,80.41,106.84,107.0,113.0,132.0,41.98
1.4,180,2,73.87,111.1,89.96,72.56,85.46,111.1,111.0,110.0,136.0,37.7
1.4,240,0,69.9,104.19,92.31,79.16,83.93,104.19,105.0,113.0,131.0,43.94
1.4,240,1,75.7,104.25,88.66,73.21,69.84,104.25,106.0,113.0,134.0,43.0
1.4,240,2,72.15,104.89,92.79,78.48,79.6,104.89,105.0,114.0,131.0,44.16
1.4,300,0,63.85,101.85,86.39,77.36,95.13,101.85,101.0,111.0,132.0,47.52
1.4,300,1,63.65,101.44,85.99,77.3,95.0,101.44,101.0,111.0,133.0,47.53
1.4,300,2,70.01,107.67,88.0,73.92,89.2,107.67,107.0,110.0,135.0,41.55
1.4,360,0,67.04,103.12,90.92,79.41,89.22,103.12,104.0,112.0,131.0,44.73
1.4,360,1,67.21,100.56,89.45,79.56,84.58,100.56,101.0,113.0,130.0,47.9
1.4,360,2,69.47,105.24,87.73,74.9,86.67,105.24,105.0,111.0,134.0,43.61
1.4,480,0,71.51,98.6,86.26,75.91,70.06,98.6,100.0,115.0,132.0,49.24
1.4,480,1,68.77,98.06,81.61,72.74,76.15,98.06,99.0,113.0,134.0,49.86
1.4,480,2,71.46,100.65,83.23,71.7,73.95,100.65,101.0,113.0,134.0,47.9
1.5,0,0,91.71,154.38,125.16,75.59,103.52,154.38,150.0,101.0,137.0,6.16
1.5,0,1,87.51,148.23,136.38,83.68,104.46,148.23,146.0,105.0,128.0,4.58
1.5,0,2,92.85,153.3,128.58,77.3,100.56,153.3,150.0,102.0,135.0,4.12
1.5,1,0,84.99,144.38,124.79,79.66,104.89,144.38,141.0,104.0,133.0,7.07
1.5,1,1,89.99,142.47,125.45,79.82,93.92,142.47,140.0,106.0,132.0,8.25
1.5,1,2,88.82,145.37,127.03,79.83,99.19,145.37,143.0,105.0,132.0,5.1
1.5,2,0,81.49,131.94,123.59,84.56,97.5,131.94,131.0,109.0,127.0,18.41
1.5,2,1,89.92,135.62,115.0,76.04,85.93,135.62,134.0,108.0,134.0,14.7
1.5,2,2,86.65,141.47,125.97,81.06,98.82,141.47,139.0,106.0,131.0,9.27
1.5,5,0,84.72,130.62,111.46,77.05,89.61,130.62,129.0,108.0,133.0,19.44
1.5,5,1,83.21,130.84,111.1,77.13,92.84,130.84,129.0,107.0,133.0,19.26
1.5,5,2,89.32,137.09,117.55,77.3,88.86,137.09,136.0,107.0,134.0,12.53
1.5,10,0,77.84,128.7,110.87,79.04,100.77,128.7,127.0,106.0,132.0,21.1
1.5,10,1,81.93,129.89,110.86,77.66,94.15,129.89,128.0,107.0,133.0,20.25
1.5,10,2,82.82,128.05,109.97,77.58,90.06,128.05,127.0,108.0,133.0,21.4
1.5,15,0,73.76,123.13,104.26,78.1,102.24,123.13,122.0,107.0,133.0,26.19
1.5,15,1,75.27,127.93,111.12,79.98,104.96,127.93,126.0,107.0,131.0,22.23
1.5,15,2,83.19,123.65,109.98,79.42,83.44,123.65,124.0,111.0,131.0,25.02
1.5,30,0,76.68,118.1,97.66,74.78,89.44,118.1,118.0,108.0,135.0,30.41
1.5,30,1,77.83,117.68,97.03,74.04,86.34,117.68,117.0,109.0,135.0,31.54
1.5,30,2,76.49,117.26,106.33,81.5,88.66,117.26,117.0,111.0,130.0,31.84
1.5,45,0,77.95,114.52,98.9,76.75,81.44,114.52,115.0,111.0,133.0,33.75
1.5,45,1,75.4,113.88,94.9,74.79,86.17,113.88,113.0,110.0,134.0,35.57
1.5,45,2,74.81,112.25,94.4,75.28,85.05,112.25,112.0,110.0,134.0,36.55
1.5,60,0,75.85,113.6,90.88,71.54,84.73,113.6,113.0,109.0,137.0,35.71
1.5,60,1,73.95,115.41,99.42,77.99,91.61,115.41,115.0,109.0,132.0,33.38
1.5,60,2,77.4,112.54,93.7,73.51,79.63,112.54,113.0,111.0,135.0,35.82
1.5,90,0,69.79,110.66,94.78,77.91,94.19,110.66,110.0,109.0,132.0,38.33
1.5,90,1,76.9,112.92,93.25,73.2,81.35,112.92,113.0,111.0,135.0,35.82
1.5,90,2,69.3,108.67,94.29,78.61,92.37,108.67,108.0,111.0,131.0,40.62
1.5,120,0,71.55,105.98,92.63,77.93,82.83,105.98,106.0,113.0,131.0,42.97
1.5,120,1,70.65,105.83,92.8,78.45,84.77,105.83,106.0,112.0,131.0,42.77
1.5,120,2,70.95,108.45,92.69,76.96,88.16,108.45,108.0,111.0,133.0,40.62
1.5,180,0,67.56,103.68,93.78,81.33,88.85,103.68,104.0,112.0,130.0,44.77
1.5,180,1,67.49,98.78,83.89,75.3,80.77,98.78,99.0,113.0,133.0,49.83
1.5,180,2,71.06,105.22,89.12,75.44,82.78,105.22,106.0,112.0,133.0,42.77
1.5,240,0,73.81,95.35,89.02,80.74,57.6,95.35,98.0,118.0,129.0,52.01
1.5,240,1,74.85,99.98,86.7,73.73,64.09,99.98,101.0,116.0,132.0,48.51
1.5,240,2,67.91,100.68,86.86,76.92,83.01,100.68,101.0,113.0,132.0,47.85
1.5,300,0,73.84,107.55,85.6,70.07,79.92,107.55,108.0,111.0,137.0,40.91
1.5,300,1,75.27,102.14,91.87,78.09,67.08,102.14,104.0,115.0,131.0,45.37
1.5,300,2,69.28,102.43,87.7,76.25,82.53,102.43,103.0,112.0,133.0,45.72
1.5,360,0,78.61,103.54,83.51,65.53,61.39,103.54,105.0,114.0,136.0,44.33
1.5,360,1,71.98,99.9,84.16,72.68,71.26,99.9,101.0,114.0,133.0,48.06
1.5,360,2,71.8,101.07,86.46,74.61,73.86,101.07,102.0,114.0,133.0,47.09
1.5,480,0,68.37,100.37,85.4,75.54,81.29,100.37,101.0,113.0,133.0,47.86
1.5,480,1,62.52,101.36,81.18,74.0,97.71,101.36,101.0,109.0,135.0,47.36
1.5,480,2,64.01,99.19,84.38,76.94,90.45,99.19,100.0,112.0,133.0,48.67
1.6,0,0,89.92,153.49,127.97,77.52,105.62,153.49,149.0,101.0,135.0,4.36
1.6,0,1,90.78,149.25,131.86,80.63,99.9,149.25,146.0,104.0,131.0,2.24
1.6,0,2,92.84,147.98,134.17,82.03,95.02,147.98,145.0,107.0,129.0,5.2
1.6,1,0,88.3,136.85,118.27,78.08,90.46,136.85,135.0,107.0,133.0,13.38
1.6,1,1,88.08,141.86,123.83,79.5,96.68,141.86,139.0,106.0,132.0,9.22
1.6,1,2,88.03,143.2,126.99,80.73,98.24,143.2,141.0,106.0,131.0,7.35
1.6,2,0,82.67,134.4,116.59,79.23,98.15,134.4,133.0,106.0,132.0,15.13
1.6,2,1,86.87,141.65,118.58,76.93,98.62,141.65,139.0,104.0,134.0,9.22
1.6,2,2,78.5,132.81,117.37,81.02,104.27,132.81,131.0,106.0,130.0,17.23
1.6,5,0,80.98,129.37,113.2,79.53,95.39,129.37,128.0,108.0,132.0,20.4
1.6,5,1,81.71,133.75,111.06,76.49,99.2,133.75,131.0,105.0,134.0,17.15
1.6,5,2,80.06,132.04,108.48,75.98,100.38,132.04,130.0,105.0,136.0,18.47
1.6,10,0,81.13,125.04,107.2,77.38,89.55,125.04,125.0,109.0,133.0,23.56
1.6,10,1,84.72,122.86,113.83,82.43,79.16,122.86,123.0,113.0,129.0,26.74
1.6,10,2,79.28,120.9,107.86,80.15,87.78,120.9,120.0,110.0,131.0,28.65
1.6,15,0,75.17,119.08,105.69,80.4,94.02,119.08,119.0,110.0,131.0,29.63
1.6,15,1,80.07,119.47,107.46,80.41,84.09,119.47,120.0,112.0,130.0,29.19
1.6,15,2,81.87,125.64,106.08,76.17,88.83,125.64,125.0,108.0,134.0,23.43
1.6,30,0,79.93,110.09,98.35,77.89,69.87,110.09,112.0,114.0,131.0,37.38
1.6,30,1,73.23,116.09,97.59,76.62,94.14,116.09,116.0,108.0,134.0,32.31
1.6,30,2,75.34,121.38,98.8,74.87,96.73,121.38,120.0,107.0,136.0,28.44
1.6,45,0,75.65,111.92,96.65,76.93,82.64,111.92,112.0,112.0,132.0,36.88
1.6,45,1,74.43,113.96,99.91,78.9,88.47,113.96,114.0,111.0,131.0,34.73
1.6,45,2,79.35,113.55,98.19,76.1,76.8,113.55,114.0,112.0,132.0,34.93
1.6,60,0,69.98,110.23,97.27,79.89,93.11,110.23,110.0,110.0,131.0,38.48
1.6,60,1,76.03,111.13,97.1,77.58,80.53,111.13,112.0,112.0,132.0,36.88
1.6,60,2,74.91,114.09,95.31,75.2,87.58,114.09,114.0,109.0,134.0,34.42
1.6,90,0,71.05,108.62,82.98,69.14,88.21,108.62,108.0,109.0,139.0,40.91
1.6,90,1,73.26,96.66,86.6,76.67,61.74,96.66,99.0,117.0,131.0,50.71
1.6,90,2,73.47,109.04,88.29,72.09,83.19,109.04,109.0,110.0,136.0,39.66
1.6,120,0,69.08,109.76,88.5,73.91,94.52,109.76,109.0,109.0,135.0,39.43
1.6,120,1,77.94,105.64,91.18,73.92,66.86,105.64,107.0,114.0,133.0,42.21
1.6,120,2,76.06,106.04,86.95,70.5,72.09,106.04,107.0,112.0,136.0,41.96
1.6,180,0,69.67,102.89,83.41,72.0,82.34,102.89,103.0,112.0,135.0,45.8
1.6,180,1,69.23,100.77,90.27,79.57,79.81,100.77,102.0,114.0,130.0,47.12
1.6,180,2,70.1,102.15,87.18,75.56,80.0,102.15,103.0,113.0,133.0,45.9
1.6,240,0,69.85,103.05,82.83,71.34,82.17,103.05,103.0,111.0,136.0,45.72
1.6,240,1,66.05,104.52,84.6,74.05,93.85,104.52,104.0,110.0,135.0,44.51
1.6,240,2,64.93,102.53,87.22,77.35,93.53,102.53,102.0,111.0,132.0,46.53
1.6,300,0,63.97,100.54,86.79,78.28,92.77,100.54,100.0,111.0,132.0,48.51
1.6,300,1,69.68,101.75,80.37,69.61,80.37,101.75,102.0,111.0,136.0,46.7
1.6,300,2,69.55,98.95,83.13,73.45,75.76,98.95,99.0,114.0,133.0,50.02
1.6,360,0,70.68,103.22,88.97,76.44,80.39,103.22,104.0,112.0,133.0,44.73
1.6,360,1,72.01,98.45,84.65,73.92,68.48,98.45,100.0,115.0,133.0,49.25
1.6,360,2,70.37,99.14,83.98,73.78,74.02,99.14,101.0,114.0,134.0,48.09
1.6,480,0,69.78,96.96,79.88,70.75,71.47,96.96,97.0,114.0,134.0,52.01
1.6,480,1,66.07,99.04,82.07,74.15,84.89,99.04,100.0,112.0,134.0,48.7
1.6,480,2,68.33,99.15,80.94,71.87,79.25,99.15,100.0,112.0,135.0,48.75
1.7,0,0,94.27,152.14,128.3,77.21,96.99,152.14,149.0,103.0,135.0,3.32
1.7,0,1,96.33,149.5,127.03,76.9,90.69,149.5,147.0,106.0,134.0,3.0
1.7,0,2,88.86,147.94,132.16,81.53,101.82,147.94,145.0,105.0,130.0,3.74
1.7,1,0,87.06,141.01,125.54,80.94,97.56,141.01,139.0,106.0,131.0,9.27
1.7,1,1,88.9,142.97,124.91,79.53,96.43,142.97,140.0,106.0,132.0,8.25
1.7,1,2,89.73,135.7,122.58,80.99,86.38,135.7,135.0,109.0,130.0,14.07
1.7,2,0,79.12,137.27,119.16,80.21,108.03,137.27,135.0,105.0,132.0,13.04
1.7,2,1,88.79,140.73,119.78,77.47,94.1,140.73,138.0,106.0,134.0,10.39
1.7,2,2,84.16,138.62,117.59,77.98,100.19,138.62,136.0,105.0,134.0,12.21
1.7,5,0,82.13,132.44,110.37,76.42,96.86,132.44,131.0,106.0,135.0,17.38
1.7,5,1,84.55,131.51,109.18,75.31,91.05,131.51,130.0,107.0,135.0,18.49
1.7,5,2,85.06,131.57,112.35,77.17,90.15,131.57,130.0,108.0,133.0,18.47
1.7,10,0,77.04,120.77,104.75,78.57,92.34,120.77,120.0,109.0,132.0,28.44
1.7,10,1,80.96,120.48,107.68,79.84,83.66,120.48,120.0,111.0,131.0,28.88
1.7,10,2,75.6,122.74,106.7,79.35,97.93,122.74,121.0,108.0,132.0,27.29
1.7,15,0,85.04,115.68,107.51,81.54,67.54,115.68,117.0,115.0,129.0,33.03
1.7,15,1,78.16,121.05,103.45,77.26,90.36,121.05,121.0,109.0,133.0,27.48
1.7,15,2,79.04,119.36,107.45,80.69,86.13,119.36,120.0,111.0,130.0,28.93
1.7,30,0,73.68,117.42,95.78,74.74,94.98,117.42,116.0,108.0,135.0,32.39
1.7,30,1,74.87,110.8,99.08,79.77,82.7,110.8,111.0,113.0,130.0,38.13
1.7,30,2,79.39,113.79,97.13,75.05,77.09,113.79,114.0,112.0,133.0,34.94
1.7,45,0,70.24,110.12,89.96,74.42,92.36,110.12,110.0,109.0,135.0,38.44
1.7,45,1,70.84,111.49,98.7,80.11,92.97,111.49,111.0,110.0,131.0,37.5
1.7,45,2,82.01,109.05,99.05,78.46,63.24,109.05,112.0,116.0,130.0,38.0
1.7,60,0,73.31,108.17,94.01,77.38,82.18,108.17,109.0,112.0,132.0,39.81
1.7,60,1,72.76,108.95,91.49,75.1,84.7,108.95,109.0,111.0,133.0,39.64
1.7,60,2,68.38,103.99,94.67,81.69,87.32,103.99,104.0,113.0,129.0,45.01
1.7,90,0,70.39,103.88,90.0,77.13,82.2,103.88,104.0,113.0,132.0,44.91
1.7,90,1,73.61,106.21,88.01,72.84,78.27,106.21,107.0,112.0,134.0,41.82
1.7,90,2,74.9,110.41,91.46,73.58,82.0,110.41,111.0,111.0,135.0,37.78
1.7,120,0,73.23,107.39,91.51,75.63,81.12,107.39,108.0,112.0,133.0,40.8
1.7,120,1,72.15,105.46,89.67,75.36,80.55,105.46,106.0,112.0,133.0,42.77
1.7,120,2,67.01,105.77,84.05,72.78,93.43,105.77,105.0,110.0,135.0,43.52
1.7,180,0,66.68,104.88,88.13,76.42,92.86,104.88,104.0,110.0,133.0,44.42
1.7,180,1,73.53,100.15,82.16,69.34,67.78,100.15,102.0,114.0,135.0,47.17
1.7,180,2,68.35,101.27,85.85,75.53,82.91,101.27,102.0,112.0,133.0,46.7
1.7,240,0,71.63,98.05,84.98,74.73,68.72,98.05,100.0,115.0,133.0,49.25
1.7,240,1,65.26,100.49,83.93,75.47,89.39,100.49,101.0,111.0,134.0,47.56
1.7,240,2,65.98,98.43,83.37,75.65,84.07,98.43,99.0,112.0,133.0,49.66
1.7,300,0,66.79,103.08,82.36,72.46,89.77,103.08,103.0,110.0,136.0,45.57
1.7,300,1,66.87,91.48,79.97,75.55,68.59,91.48,93.0,116.0,132.0,56.29
1.7,300,2,66.81,95.71,86.8,80.3,76.99,95.71,97.0,115.0,130.0,52.21
1.7,360,0,66.61,100.55,81.83,73.04,86.07,100.55,101.0,111.0,135.0,47.61
1.7,360,1,67.22,96.42,81.65,74.42,77.23,96.42,97.0,114.0,133.0,51.98
1.7,360,2,72.26,89.72,75.64,65.44,49.63,89.72,92.0,118.0,134.0,57.76
1.7,480,0,64.71,95.07,82.17,76.83,81.41,95.07,96.0,114.0,132.0,52.95
1.7,480,1,67.76,93.87,83.16,77.26,70.92,93.87,95.0,116.0,131.0,54.35
1.7,480,2,69.43,95.57,82.99,75.14,69.74,95.57,97.0,115.0,132.0,52.17
1.8,0,0,92.82,149.32,134.09,81.46,96.49,149.32,147.0,106.0,130.0,3.0
1.8,0,1,92.33,151.0,136.42,82.08,99.08,151.0,149.0,105.0,130.0,2.45
1.8,0,2,84.65,146.75,128.44,80.7,107.91,146.75,143.0,104.0,131.0,5.1
1.8,1,0,86.57,140.76,118.69,77.35,98.17,140.76,138.0,105.0,134.0,10.25
1.8,1,1,84.7,138.94,130.58,84.9,99.55,138.94,137.0,108.0,127.0,12.73
1.8,1,2,93.06,140.28,122.12,78.03,85.84,140.28,139.0,108.0,133.0,9.9
1.8,2,0,81.87,130.69,118.13,81.82,95.26,130.69,129.0,108.0,129.0,19.65
1.8,2,1,82.32,136.16,113.68,77.04,100.83,136.16,134.0,104.0,135.0,14.32
1.8,2,2,83.03,136.86,119.58,79.92,100.3,136.86,135.0,106.0,132.0,13.15
1.8,5,0,82.88,124.41,113.59,81.72,85.12,124.41,124.0,111.0,129.0,25.18
1.8,5,1,79.23,130.27,110.99,78.23,99.91,130.27,129.0,106.0,133.0,19.13
1.8,5,2,77.5,127.43,112.12,80.35,99.91,127.43,126.0,107.0,131.0,22.23
1.8,10,0,80.55,121.58,109.71,80.87,86.06,121.58,121.0,111.0,130.0,27.96
1.8,10,1,81.73,121.23,107.36,79.03,83.08,121.23,121.0,111.0,131.0,27.91
1.8,10,2,84.51,127.88,101.43,71.31,86.48,127.88,126.0,107.0,137.0,22.76
1.8,15,0,74.25,122.79,98.54,74.6,100.81,122.79,121.0,106.0,136.0,27.37
1.8,15,1,73.06,116.88,102.98,80.04,95.6,116.88,116.0,110.0,131.0,32.57
1.8,15,2,76.72,116.38,99.7,76.95,86.9,116.38,116.0,110.0,133.0,32.57
1.8,30,0,72.15,109.72,103.02,84.18,87.31,109.72,110.0,113.0,127.0,39.37
1.8,30,1,75.18,115.01,94.71,74.29,88.32,115.01,115.0,109.0,135.0,33.51
1.8,30,2,73.73,110.21,88.22,71.51,84.41,110.21,110.0,109.0,136.0,38.54
1.8,45,0,68.64,103.63,86.37,74.78,86.09,103.63,104.0,111.0,134.0,44.6
1.8,45,1,69.19,113.03,92.98,75.86,98.91,113.03,112.0,108.0,135.0,36.35
1.8,45,2,76.65,110.29,95.46,76.35,77.78,110.29,111.0,112.0,132.0,37.85
1.8,60,0,69.05,108.39,93.22,78.0,92.56,108.39,108.0,110.0,132.0,40.45
1.8,60,1,70.02,108.5,92.74,77.28,90.43,108.5,108.0,111.0,133.0,40.62
1.8,60,2,70.1,103.45,87.49,75.22,82.2,103.45,104.0,112.0,133.0,44.73
1.8,90,0,70.63,104.78,85.86,72.98,83.12,104.78,105.0,111.0,135.0,43.67
1.8,90,1,70.45,105.51,90.1,76.38,84.75,105.51,106.0,112.0,132.0,42.76
1.8,90,2,75.02,107.63,85.24,69.01,77.26,107.63,108.0,111.0,137.0,40.91
1.8,120,0,74.48,100.16,89.48,77.09,65.38,100.16,102.0,116.0,131.0,47.55
1.8,120,1,69.63,100.52,80.93,70.57,78.35,100.52,101.0,112.0,136.0,47.84
1.8,120,2,68.92,97.08,89.25,81.21,73.98,97.08,99.0,116.0,129.0,50.54
1.8,180,0,72.72,96.63,84.71,74.63,63.08,96.63,98.0,116.0,132.0,51.42
1.8,180,1,66.0,97.13,86.13,78.96,81.73,97.13,98.0,114.0,131.0,51.0
1.8,180,2,68.06,104.24,82.36,71.46,88.5,104.24,104.0,110.0,136.0,44.59
1.8,240,0,70.32,97.46,84.48,75.23,71.0,97.46,99.0,115.0,132.0,50.22
1.8,240,1,65.98,97.02,81.75,74.82,81.57,97.02,98.0,112.0,134.0,50.68
1.8,240,2,64.82,99.15,84.04,76.37,88.3,99.15,100.0,112.0,133.0,48.67
1.8,300,0,68.47,100.39,85.16,75.26,81.08,100.39,101.0,113.0,133.0,47.86
1.8,300,1,65.57,96.9,78.94,72.4,82.46,96.9,97.0,112.0,135.0,51.71
1.8,300,2,66.76,93.98,85.67,80.39,73.86,93.98,95.0,116.0,129.0,54.42
1.8,360,0,67.28,94.03,83.37,77.61,72.55,94.03,96.0,115.0,131.0,53.16
1.8,360,1,59.68,88.64,82.18,82.84,83.33,88.64,89.0,116.0,128.0,60.34
1.8,360,2,66.37,95.44,75.81,69.36,77.66,95.44,96.0,112.0,136.0,52.76
1.8,480,0,65.35,99.03,80.72,73.28,86.71,99.03,99.0,111.0,135.0,49.59
1.8,480,1,65.93,91.7,77.06,72.55,71.65,91.7,92.0,115.0,133.0,57.08
1.8,480,2,59.04,93.79,80.78,78.33,94.49,93.79,93.0,113.0,131.0,55.74
1.9,0,0,87.27,149.02,128.53,79.6,105.66,149.02,146.0,103.0,133.0,2.45
1.9,0,1,89.1,151.16,125.75,77.28,104.69,151.16,147.0,102.0,136.0,4.58
1.9,0,2,93.84,153.26,131.25,78.45,98.86,153.26,150.0,103.0,133.0,2.45
1.9,1,0,79.98,138.03,126.45,83.55,107.24,138.03,136.0,106.0,128.0,12.81
1.9,1,1,79.09,139.98,119.21,79.32,110.92,139.98,136.0,103.0,133.0,12.08
1.9,1,2,89.84,139.0,123.96,80.37,90.18,139.0,137.0,108.0,131.0,11.75
1.9,2,0,86.67,141.18,117.18,76.36,98.46,141.18,139.0,104.0,135.0,9.49
1.9,2,1,86.1,131.22,121.36,82.98,87.67,131.22,131.0,110.0,129.0,18.28
1.9,2,2,82.69,133.99,117.72,80.04,97.62,133.99,132.0,107.0,131.0,16.31
1.9,5,0,76.44,127.97,112.92,80.78,102.68,127.97,126.0,107.0,131.0,22.23
1.9,5,1,82.01,122.52,109.65,80.02,84.31,122.52,123.0,111.0,131.0,25.98
1.9,5,2,83.36,121.65,106.79,77.92,80.27,121.65,122.0,111.0,132.0,26.93
1.9,10,0,80.73,121.48,105.12,77.52,85.54,121.48,121.0,110.0,132.0,27.66
1.9,10,1,83.68,122.08,105.86,76.9,80.21,122.08,122.0,110.0,133.0,26.7
1.9,10,2,86.23,120.03,101.49,73.13,71.8,120.03,121.0,112.0,135.0,28.32
1.9,15,0,77.65,118.21,98.8,75.22,87.49,118.21,118.0,109.0,135.0,30.56
1.9,15,1,73.27,123.82,101.36,76.24,104.11,123.82,122.0,106.0,135.0,26.25
1.9,15,2,74.17,119.64,100.05,76.65,96.91,119.64,118.0,108.0,133.0,30.28
1.9,30,0,72.79,112.42,90.8,73.22,89.9,112.42,112.0,108.0,136.0,36.44
1.9,30,1,74.6,116.48,96.07,74.96,91.67,116.48,116.0,108.0,134.0,32.31
1.9,30,2,72.42,109.22,93.44,76.71,85.92,109.22,109.0,111.0,133.0,39.64
1.9,45,0,71.24,106.23,94.29,79.32,83.99,106.23,107.0,113.0,131.0,41.99
1.9,45,1,66.8,109.95,90.4,75.99,100.07,109.95,109.0,108.0,134.0,39.26
1.9,45,2,73.13,103.98,95.53,81.33,75.66,103.98,105.0,115.0,129.0,44.49
1.9,60,0,74.69,107.95,84.88,68.81,78.58,107.95,108.0,111.0,137.0,40.91
1.9,60,1,73.44,106.29,84.61,69.81,78.81,106.29,107.0,111.0,136.0,41.79
1.9,60,2,70.88,106.17,91.09,76.75,84.76,106.17,107.0,111.0,132.0,41.59
1.9,90,0,70.07,102.87,90.99,78.69,81.3,102.87,103.0,114.0,131.0,46.11
1.9,90,1,73.22,93.4,85.62,78.0,55.09,93.4,96.0,118.0,130.0,53.89
1.9,90,2,69.05,96.74,86.85,78.85,73.0,96.74,98.0,116.0,130.0,51.46
1.9,120,0,72.34,96.67,85.66,76.0,64.18,96.67,98.0,116.0,131.0,51.43
1.9,120,1,65.84,97.91,89.08,81.29,83.52,97.91,98.0,114.0,129.0,51.08
1.9,120,2,66.96,101.31,79.04,70.15,86.46,101.31,101.0,110.0,136.0,47.55
1.9,180,0,72.91,98.96,81.53,69.54,67.13,98.96,100.0,115.0,135.0,49.34
1.9,180,1,69.05,92.92,85.62,80.38,65.52,92.92,95.0,118.0,129.0,54.9
1.9,180,2,66.35,96.54,80.6,73.75,79.75,96.54,97.0,113.0,134.0,51.83
1.9,240,0,64.72,97.37,81.11,74.65,85.5,97.37,98.0,112.0,133.0,50.65
1.9,240,1,68.42,95.26,81.89,74.64,71.85,95.26,97.0,115.0,133.0,52.18
1.9,240,2,65.21,101.97,75.64,68.13,91.94,101.97,101.0,109.0,139.0,47.78
1.9,300,0,69.61,97.99,76.5,66.91,73.87,97.99,98.0,113.0,137.0,51.05
1.9,300,1,72.51,96.88,81.97,71.24,64.13,96.88,98.0,115.0,134.0,51.23
1.9,300,2,65.91,93.24,78.43,73.33,74.74,93.24,94.0,114.0,133.0,54.93
1.9,360,0,66.49,96.99,78.57,71.49,80.19,96.99,97.0,113.0,135.0,51.87
1.9,360,1,62.58,95.26,80.79,76.29,87.47,95.26,95.0,112.0,133.0,53.61
1.9,360,2,67.28,95.02,77.22,70.35,74.44,95.02,96.0,113.0,135.0,52.86
1.9,480,0,61.76,88.5,71.57,70.61,77.05,88.5,89.0,114.0,135.0,59.92
1.9,480,1,65.26,90.86,75.15,71.2,71.84,90.86,92.0,115.0,134.0,57.11
1.9,480,2,55.68,87.37,79.84,82.41,92.48,87.37,88.0,114.0,129.0,60.9
2.0,0,0,90.01,152.08,127.83,77.84,104.08,152.08,149.0,102.0,135.0,3.74
2.0,0,1,96.32,150.57,132.87,79.77,91.88,150.57,148.0,106.0,132.0,2.0
2.0,0,2,98.98,155.55,131.08,76.6,92.74,155.55,152.0,104.0,135.0,5.0
2.0,1,0,85.42,139.55,123.82,80.83,98.91,139.55,137.0,106.0,131.0,11.22
2.0,1,1,86.88,139.34,126.69,82.31,96.0,139.34,138.0,107.0,129.0,10.86
2.0,1,2,86.86,147.43,122.56,77.25,104.76,147.43,144.0,102.0,135.0,5.39
2.0,2,0,89.99,136.01,120.0,79.12,86.27,136.01,135.0,108.0,132.0,13.6
2.0,2,1,82.46,132.38,118.49,81.2,96.15,132.38,131.0,108.0,130.0,17.58
2.0,2,2,87.6,135.06,113.25,75.79,89.6,135.06,134.0,107.0,135.0,14.63
2.0,5,0,76.56,121.93,103.72,77.52,94.89,121.93,120.0,108.0,133.0,28.3
2.0,5,1,80.97,129.59,108.98,76.86,95.67,129.59,128.0,107.0,134.0,20.32
2.0,5,2,73.86,125.64,108.54,79.64,105.1,125.64,124.0,106.0,132.0,24.08
2.0,10,0,83.79,115.0,101.51,76.6,69.2,115.0,117.0,113.0,132.0,32.28
2.0,10,1,82.62,120.72,104.37,76.69,80.48,120.72,121.0,111.0,133.0,27.91
2.0,10,2,77.85,120.36,105.01,78.73,90.07,120.36,120.0,109.0,132.0,28.44
2.0,15,0,73.29,118.11,94.95,74.08,96.77,118.11,117.0,107.0,136.0,31.4
2.0,15,1,76.7,116.01,97.22,75.24,86.4,116.01,116.0,110.0,134.0,32.62
2.0,15,2,75.65,113.61,95.85,75.54,85.2,113.61,113.0,111.0,134.0,35.75
2.0,30,0,71.76,105.85,94.18,79.29,82.12,105.85,106.0,113.0,130.0,43.0
2.0,30,1,69.37,111.3,89.67,74.11,96.05,111.3,110.0,108.0,136.0,38.42
2.0,30,2,71.13,107.29,97.19,81.17,85.95,107.29,108.0,113.0,130.0,41.05
2.0,45,0,72.24,105.08,91.51,77.18,79.71,105.08,106.0,113.0,132.0,42.95
2.0,45,1,64.92,105.59,96.01,82.47,98.21,105.59,105.0,111.0,129.0,43.67
2.0,45,2,71.64,105.92,91.66,77.09,82.52,105.92,106.0,112.0,132.0,42.76
2.0,60,0,72.86,97.39,82.81,71.76,64.22,97.39,99.0,115.0,134.0,50.26
2.0,60,1,70.81,101.24,91.79,80.24,76.65,101.24,102.0,114.0,130.0,47.12
2.0,60,2,69.23,97.58,84.05,75.26,74.09,97.58,99.0,115.0,132.0,50.22
2.0,90,0,60.5,99.56,84.4,77.92,100.05,99.56,99.0,110.0,132.0,49.37
2.0,90,1,67.47,103.5,88.56,77.13,88.76,103.5,104.0,111.0,132.0,44.55
2.0,90,2,68.24,93.86,86.82,81.3,69.62,93.86,95.0,117.0,129.0,54.65
2.0,120,0,69.45,99.09,85.96,76.28,76.28,99.09,100.0,114.0,132.0,49.03
2.0,120,1,64.29,104.19,80.14,71.52,97.66,104.19,103.0,108.0,137.0,45.45
2.0,120,2,70.03,93.1,80.23,72.85,63.19,93.1,95.0,116.0,133.0,54.35
2.0,180,0,71.05,94.58,82.94,74.74,63.44,94.58,96.0,116.0,132.0,53.37
2.0,180,1,67.21,95.05,84.51,78.21,74.68,95.05,97.0,115.0,131.0,52.18
2.0,180,2,65.79,90.02,78.01,74.71,68.64,90.02,92.0,116.0,132.0,57.27
2.0,240,0,67.29,94.67,73.98,66.95,73.74,94.67,95.0,114.0,137.0,54.17
2.0,240,1,63.46,91.74,77.58,74.56,78.59,91.74,92.0,114.0,133.0,56.89
2.0,240,2,61.51,91.6,76.49,74.52,83.76,91.6,92.0,113.0,133.0,56.73
2.0,300,0,67.31,94.51,76.94,70.23,73.39,94.51,95.0,114.0,135.0,54.02
2.0,300,1,63.82,92.5,74.93,71.22,79.07,92.5,93.0,113.0,135.0,55.81
2.0,300,2,61.56,89.26,75.47,74.65,79.15,89.26,90.0,114.0,133.0,58.86
2.0,360,0,61.0,91.46,78.54,76.85,84.93,91.46,92.0,113.0,132.0,56.72
2.0,360,1,59.73,91.05,75.69,74.87,87.73,91.05,91.0,112.0,133.0,57.57
2.0,360,2,65.51,90.94,71.99,67.27,71.29,90.94,91.0,114.0,136.0,58.01
2.0,480,0,59.93,89.38,77.88,77.85,84.02,89.38,90.0,114.0,131.0,58.86
2.0,480,1,57.08,90.33,78.36,78.76,93.88,90.33,90.0,113.0,131.0,58.7
2.0,480,2,63.26,90.95,72.69,69.82,77.63,90.95,91.0,114.0,135.0,57.95
2.1,0,0,91.64,146.14,124.97,77.91,95.09,146.14,144.0,105.0,134.0,4.58
2.1,0,1,94.83,148.05,130.63,79.74,91.66,148.05,146.0,106.0,132.0,2.83
2.1,0,2,87.84,146.77,131.48,81.76,102.38,146.77,144.0,105.0,130.0,4.58
2.1,1,0,84.79,141.17,123.19,79.99,101.85,141.17,139.0,105.0,132.0,9.06
2.1,1,1,87.94,140.75,126.57,81.49,95.68,140.75,139.0,107.0,130.0,9.7
2.1,1,2,83.77,139.87,125.23,81.72,102.27,139.87,137.0,106.0,130.0,11.36
2.1,2,0,88.1,129.94,115.5,79.2,82.12,129.94,129.0,110.0,131.0,19.95
2.1,2,1,88.38,135.73,117.02,77.71,88.96,135.73,134.0,108.0,133.0,14.59
2.1,2,2,83.65,133.06,117.3,79.98,94.69,133.06,132.0,107.0,131.0,16.31
2.1,5,0,79.4,125.03,108.28,78.55,93.07,125.03,124.0,108.0,132.0,24.33
2.1,5,1,78.12,126.76,116.79,83.38,97.84,126.76,126.0,109.0,128.0,22.91
2.1,5,2,74.83,126.13,105.76,77.66,103.73,126.13,124.0,106.0,134.0,24.17
2.1,10,0,78.65,118.24,103.78,78.61,85.37,118.24,119.0,110.0,132.0,29.61
2.1,10,1,80.45,118.68,104.89,78.74,82.14,118.68,119.0,111.0,131.0,29.85
2.1,10,2,69.89,122.87,102.62,78.1,109.96,122.87,120.0,105.0,133.0,28.04
2.1,15,0,78.32,110.44,95.29,75.43,74.16,110.44,111.0,113.0,133.0,38.09
2.1,15,1,75.52,114.04,98.64,77.57,86.13,114.04,114.0,111.0,133.0,34.73
2.1,15,2,78.34,108.8,100.71,81.57,71.39,108.8,110.0,115.0,129.0,39.67
2.1,30,0,72.15,107.02,87.38,72.7,83.09,107.02,108.0,111.0,135.0,40.72
2.1,30,1,73.63,100.39,93.74,82.09,67.97,100.39,102.0,116.0,129.0,47.63
2.1,30,2,67.65,107.8,91.44,77.35,94.97,107.8,107.0,110.0,133.0,41.45
2.1,45,0,74.02,103.59,86.46,72.22,72.78,103.59,105.0,113.0,134.0,43.98
2.1,45,1,69.0,107.94,90.15,75.87,92.01,107.94,107.0,110.0,133.0,41.45
2.1,45,2,69.36,103.41,83.84,72.35,83.98,103.41,104.0,111.0,136.0,44.73
2.1,60,0,70.6,96.48,88.6,80.42,68.41,96.48,98.0,116.0,130.0,51.46
2.1,60,1,69.82,108.92,83.05,69.76,91.55,108.92,108.0,108.0,138.0,40.64
2.1,60,2,69.12,107.15,89.92,75.98,90.5,107.15,107.0,110.0,134.0,41.48
2.1,90,0,65.89,99.27,83.42,75.34,85.73,99.27,100.0,112.0,133.0,48.67
2.1,90,1,68.83,96.5,83.15,75.11,73.12,96.5,98.0,115.0,132.0,51.2
2.1,90,2,63.19,99.0,84.77,77.64,92.25,99.0,99.0,111.0,132.0,49.5
2.1,120,0,66.33,91.63,84.42,80.99,70.42,91.63,93.0,117.0,129.0,56.6
2.1,120,1,68.1,94.3,80.61,73.91,70.83,94.3,96.0,115.0,133.0,53.16
2.1,120,2,62.51,93.4,79.84,76.4,84.34,93.4,94.0,113.0,132.0,54.74
2.1,180,0,69.4,91.73,80.75,74.83,62.08,91.73,93.0,117.0,131.0,56.52
2.1,180,1,64.1,94.4,78.41,73.76,81.84,94.4,95.0,113.0,134.0,53.8
2.1,180,2,68.33,92.05,74.12,66.94,65.69,92.05,94.0,115.0,135.0,55.19
2.1,240,0,60.7,90.17,73.34,72.46,83.33,90.17,91.0,112.0,134.0,57.59
2.1,240,1,66.08,90.37,84.21,81.93,68.53,90.37,92.0,117.0,128.0,57.63
2.1,240,2,59.64,92.37,73.7,72.48,90.37,92.37,92.0,111.0,135.0,56.52
2.1,300,0,62.73,90.79,68.81,66.13,78.81,90.79,91.0,112.0,137.0,57.78
2.1,300,1,64.92,96.07,74.42,68.77,82.69,96.07,96.0,111.0,137.0,52.71
2.1,300,2,64.99,93.44,75.29,70.47,77.64,93.44,94.0,113.0,135.0,54.83
2.1,360,0,61.96,82.43,76.68,81.12,63.33,82.43,84.0,118.0,129.0,65.58
2.1,360,1,63.36,86.22,75.14,75.04,67.6,86.22,88.0,117.0,132.0,61.39
2.1,360,2,61.95,87.67,76.57,76.63,74.81,87.67,88.0,115.0,131.0,61.01
2.1,480,0,58.92,90.72,69.01,69.13,89.39,90.72,90.0,111.0,136.0,58.56
2.1,480,1,60.94,93.34,76.58,74.07,88.52,93.34,93.0,112.0,134.0,55.61
2.1,480,2,63.22,84.75,71.61,71.29,64.78,84.75,86.0,117.0,133.0,63.36
2.2,0,0,92.22,151.11,131.73,79.68,99.38,151.11,148.0,104.0,132.0,0.0
2.2,0,1,91.91,150.36,127.67,77.92,99.13,150.36,147.0,103.0,134.0,2.45
2.2,0,2,90.45,153.74,127.89,77.32,104.98,153.74,149.0,101.0,135.0,4.36
2.2,1,0,86.18,137.08,121.71,80.49,94.69,137.08,136.0,107.0,131.0,12.41
2.2,1,1,85.58,143.98,122.9,78.73,103.42,143.98,140.0,104.0,133.0,8.06
2.2,1,2,82.81,141.56,119.06,78.07,105.82,141.56,138.0,103.0,134.0,10.25
2.2,2,0,82.24,134.43,114.29,77.99,98.99,134.43,132.0,106.0,133.0,16.16
2.2,2,1,86.65,131.16,113.91,77.93,86.54,131.16,131.0,108.0,133.0,17.49
2.2,2,2,82.0,131.79,119.06,81.87,96.33,131.79,130.0,108.0,129.0,18.68
2.2,5,0,81.57,129.25,113.88,79.89,94.08,129.25,128.0,108.0,132.0,20.4
2.2,5,1,76.59,124.33,103.55,76.52,97.92,124.33,123.0,107.0,134.0,25.26
2.2,5,2,77.35,122.23,103.91,77.32,93.64,122.23,121.0,108.0,133.0,27.31
2.2,10,0,73.19,116.42,96.69,75.88,94.68,116.42,116.0,108.0,134.0,32.31
2.2,10,1,78.87,114.1,108.77,84.99,78.72,114.1,115.0,114.0,127.0,34.84
2.2,10,2,74.99,117.07,96.46,74.88,91.64,117.07,117.0,108.0,135.0,31.4
2.2,15,0,79.58,116.1,97.43,74.24,80.21,116.1,116.0,111.0,134.0,32.82
2.2,15,1,70.43,113.38,93.17,75.46,96.6,113.38,113.0,108.0,134.0,35.28
2.2,15,2,78.85,115.17,96.82,74.43,80.41,115.17,116.0,110.0,134.0,32.62
2.2,30,0,64.14,103.2,92.48,81.32,96.53,103.2,103.0,111.0,130.0,45.59
2.2,30,1,75.08,109.48,85.65,68.83,80.12,109.48,109.0,110.0,138.0,39.91
2.2,30,2,72.35,109.2,85.45,70.27,86.05,109.2,109.0,109.0,137.0,39.64
2.2,45,0,69.78,103.4,86.21,74.24,82.91,103.4,104.0,112.0,134.0,44.77
2.2,45,1,64.25,101.6,86.13,77.14,93.75,101.6,101.0,111.0,132.0,47.52
2.2,45,2,69.36,100.89,85.78,75.2,79.68,100.89,101.0,113.0,133.0,47.86
2.2,60,0,68.59,101.51,83.97,73.61,82.7,101.51,102.0,112.0,134.0,46.73
2.2,60,1,67.48,100.46,79.12,70.2,83.71,100.46,101.0,111.0,136.0,47.69
2.2,60,2,70.14,100.18,85.01,74.43,76.47,100.18,101.0,113.0,133.0,47.86
2.2,90,0,70.13,91.13,76.0,68.02,58.77,91.13,93.0,116.0,134.0,56.33
2.2,90,1,68.07,96.97,82.44,74.5,76.0,96.97,97.0,115.0,133.0,52.18
2.2,90,2,65.86,98.98,84.72,76.66,85.33,98.98,99.0,113.0,132.0,49.82
2.2,120,0,67.72,94.07,73.62,66.35,71.43,94.07,95.0,114.0,137.0,54.17
2.2,120,1,68.57,98.52,81.88,72.92,77.51,98.52,99.0,113.0,134.0,49.86
2.2,120,2,63.63,96.87,82.53,76.63,87.51,96.87,97.0,112.0,132.0,51.62
2.2,180,0,69.64,89.39,76.64,70.24,56.33,89.39,91.0,117.0,133.0,58.47
2.2,180,1,67.21,92.19,73.96,67.74,69.1,92.19,93.0,114.0,136.0,56.04
2.2,180,2,66.21,93.75,77.58,71.98,74.91,93.75,94.0,114.0,134.0,54.95
2.2,240,0,64.76,89.34,80.0,78.16,70.18,89.34,91.0,116.0,131.0,58.26
2.2,240,1,61.4,88.36,75.59,75.38,77.82,88.36,89.0,114.0,132.0,59.84
2.2,240,2,66.73,85.63,71.63,67.4,56.27,85.63,87.0,117.0,134.0,62.4
2.2,300,0,57.34,88.82,70.9,72.52,90.37,88.82,88.0,112.0,135.0,60.61
2.2,300,1,62.3,90.7,72.34,70.21,79.85,90.7,91.0,113.0,135.0,57.78
2.2,300,2,64.15,87.82,76.28,74.95,68.74,87.82,89.0,116.0,132.0,60.21
2.2,360,0,64.37,85.54,72.73,71.45,63.09,85.54,87.0,117.0,133.0,62.38
2.2,360,1,66.08,88.79,69.04,63.56,65.23,88.79,90.0,115.0,137.0,59.25
2.2,360,2,64.91,84.36,77.47,78.93,58.78,84.36,87.0,118.0,130.0,62.62
2.2,480,0,65.25,86.81,72.16,69.22,63.32,86.81,88.0,117.0,134.0,61.42
2.2,480,1,61.55,87.98,70.57,69.85,76.59,87.98,88.0,114.0,135.0,60.9
2.2,480,2,62.89,88.56,70.0,67.93,73.91,88.56,89.0,114.0,135.0,59.92
2.3,0,0,90.15,147.42,128.81,79.8,99.06,147.42,145.0,105.0,132.0,3.16
2.3,0,1,86.51,153.19,137.43,82.45,110.99,153.19,149.0,103.0,130.0,2.45
2.3,0,2,96.28,146.12,134.17,82.35,86.99,146.12,145.0,108.0,129.0,5.83
2.3,1,0,90.79,137.69,121.23,79.03,86.85,137.69,136.0,108.0,131.0,12.69
2.3,1,1,80.5,139.86,117.74,78.38,108.22,139.86,136.0,103.0,134.0,12.21
2.3,1,2,87.13,134.37,122.56,82.04,89.66,134.37,134.0,109.0,129.0,15.17
2.3,2,0,86.72,130.42,111.69,76.71,85.45,130.42,130.0,108.0,133.0,18.47
2.3,2,1,77.18,131.97,113.36,79.36,105.88,131.97,129.0,106.0,132.0,19.1
2.3,2,2,78.99,134.13,113.75,78.47,104.83,134.13,132.0,104.0,134.0,16.12
2.3,5,0,75.98,121.43,109.35,81.57,95.44,121.43,121.0,109.0,130.0,27.53
2.3,5,1,81.02,122.71,107.99,78.97,86.63,122.71,122.0,110.0,132.0,26.68
2.3,5,2,75.73,123.19,106.57,79.05,98.25,123.19,122.0,107.0,132.0,26.17
2.3,10,0,74.38,116.93,96.87,75.43,92.8,116.93,116.0,108.0,134.0,32.31
2.3,10,1,77.32,117.28,90.46,69.47,86.9,117.28,117.0,108.0,138.0,31.83
2.3,10,2,79.36,106.48,97.36,79.46,64.96,106.48,109.0,116.0,130.0,40.85
2.3,15,0,76.94,110.47,90.91,72.1,77.41,110.47,111.0,111.0,135.0,37.78
2.3,15,1,70.58,114.51,89.55,72.55,97.82,114.51,113.0,107.0,137.0,35.48
2.3,15,2,77.25,111.26,91.73,72.37,77.95,111.26,112.0,111.0,135.0,36.8
2.3,30,0,69.03,101.66,91.68,80.38,81.83,101.66,102.0,114.0,130.0,47.12
2.3,30,1,72.98,99.55,87.87,76.39,68.06,99.55,101.0,115.0,132.0,48.27
2.3,30,2,68.19,108.59,85.03,72.1,94.86,108.59,108.0,108.0,137.0,40.51
2.3,45,0,73.94,100.99,82.24,68.83,68.31,100.99,102.0,114.0,135.0,47.17
2.3,45,1,67.09,98.68,81.9,73.65,81.63,98.68,99.0,112.0,134.0,49.69
2.3,45,2,69.41,97.4,79.19,70.09,73.29,97.4,98.0,113.0,135.0,50.89
2.3,60,0,66.87,93.25,81.22,75.89,72.14,93.25,95.0,115.0,132.0,54.13
2.3,60,1,65.28,96.05,89.48,83.13,81.67,96.05,98.0,115.0,128.0,51.35
2.3,60,2,68.18,99.4,78.15,69.19,80.08,99.4,100.0,112.0,137.0,48.92
2.3,90,0,64.57,96.08,77.42,71.83,83.63,96.08,97.0,112.0,135.0,51.71
2.3,90,1,69.26,91.83,79.63,73.38,62.68,91.83,93.0,117.0,132.0,56.52
2.3,90,2,64.78,95.93,78.57,72.87,82.82,95.93,96.0,113.0,134.0,52.81
2.3,120,0,64.74,92.58,76.29,72.05,76.69,92.58,93.0,114.0,134.0,55.94
2.3,120,1,67.0,94.0,78.23,72.07,73.24,94.0,95.0,114.0,134.0,53.97
2.3,120,2,64.26,95.68,77.79,72.51,83.74,95.68,96.0,112.0,135.0,52.7
2.3,180,0,63.33,90.76,80.95,78.83,77.08,90.76,92.0,115.0,131.0,57.08
2.3,180,1,60.22,92.75,70.18,68.8,89.43,92.75,92.0,111.0,137.0,56.66
2.3,180,2,64.9,95.17,77.33,71.92,81.11,95.17,96.0,112.0,135.0,52.7
2.3,240,0,63.89,86.87,74.2,73.05,67.46,86.87,88.0,117.0,132.0,61.39
2.3,240,1,62.62,86.19,73.24,73.1,69.74,86.19,88.0,116.0,133.0,61.2
2.3,240,2,63.97,86.25,71.69,70.0,65.86,86.25,88.0,116.0,134.0,61.22
2.3,300,0,58.66,88.32,74.44,75.54,85.66,88.32,89.0,113.0,133.0,59.69
2.3,300,1,63.43,90.05,73.07,70.47,75.37,90.05,91.0,114.0,135.0,57.95
2.3,300,2,63.91,88.06,72.53,70.32,69.93,88.06,89.0,115.0,134.0,60.05
2.3,360,0,60.64,92.69,70.43,68.78,88.18,92.69,92.0,111.0,137.0,56.66
2.3,360,1,60.23,87.35,72.54,73.21,79.17,87.35,88.0,114.0,134.0,60.86
2.3,360,2,58.02,89.42,71.5,72.48,89.55,89.42,89.0,113.0,135.0,59.76
2.3,480,0,58.14,87.96,72.12,73.66,86.45,87.96,88.0,113.0,133.0,60.68
2.3,480,1,57.68,89.72,72.22,73.21,91.08,89.72,89.0,112.0,134.0,59.57
2.3,480,2,61.44,89.16,70.72,69.66,79.28,89.16,90.0,113.0,136.0,58.83
2.4,0,0,91.92,149.02,133.75,81.52,97.71,149.02,147.0,105.0,130.0,2.45
2.4,0,1,93.43,151.04,129.63,78.41,97.27,151.04,148.0,104.0,134.0,2.0
2.4,0,2,92.39,150.79,128.0,77.86,98.76,150.79,147.0,104.0,134.0,2.24
2.4,1,0,81.89,140.27,112.67,75.4,106.13,140.27,137.0,102.0,137.0,12.25
2.4,1,1,86.92,137.14,124.4,81.93,93.38,137.14,136.0,108.0,130.0,12.81
2.4,1,2,84.82,140.55,119.29,78.12,101.11,140.55,138.0,104.0,133.0,10.05
2.4,2,0,83.66,134.27,113.06,76.99,96.12,134.27,132.0,106.0,134.0,16.25
2.4,2,1,86.31,129.08,115.33,79.91,84.5,129.08,129.0,110.0,131.0,19.95
2.4,2,2,86.09,134.04,120.19,80.88,91.23,134.04,133.0,108.0,130.0,15.65
2.4,5,0,76.46,117.95,102.21,78.18,89.7,117.95,117.0,110.0,132.0,31.58
2.4,5,1,80.73,123.58,105.5,76.91,88.42,123.58,123.0,109.0,133.0,25.51
2.4,5,2,75.38,124.39,101.52,75.58,100.47,124.39,123.0,106.0,135.0,25.26
2.4,10,0,78.71,123.0,99.19,73.46,91.81,123.0,122.0,107.0,136.0,26.48
2.4,10,1,76.99,112.95,92.66,72.67,81.19,112.95,113.0,110.0,135.0,35.64
2.4,10,2,73.43,111.15,93.75,75.74,86.54,111.15,111.0,110.0,134.0,37.54
2.4,15,0,78.44,110.96,95.26,75.1,74.73,110.96,111.0,113.0,133.0,38.09
2.4,15,1,72.34,109.62,97.01,79.41,86.71,109.62,110.0,112.0,131.0,38.85
2.4,15,2,73.17,111.73,93.53,75.42,87.99,111.73,111.0,110.0,134.0,37.54
2.4,30,0,69.11,99.09,81.85,72.34,77.13,99.09,100.0,113.0,135.0,48.93
2.4,30,1,69.36,103.48,83.93,72.41,84.08,103.48,104.0,111.0,136.0,44.73
2.4,30,2,70.04,103.47,81.32,69.73,82.39,103.47,104.0,111.0,137.0,44.83
2.4,45,0,65.71,100.86,85.55,76.5,88.86,100.86,101.0,112.0,133.0,47.69
2.4,45,1,65.0,100.11,87.45,78.74,89.44,100.11,101.0,112.0,131.0,47.69
2.4,45,2,70.79,99.35,82.98,72.4,73.31,99.35,100.0,113.0,134.0,48.88
2.4,60,0,65.45,98.59,82.7,75.19,85.72,98.59,99.0,112.0,133.0,49.66
2.4,60,1,69.23,97.59,84.57,75.81,74.11,97.59,99.0,115.0,132.0,50.22
2.4,60,2,67.62,99.54,84.73,75.65,81.78,99.54,100.0,113.0,133.0,48.85
2.4,90,0,63.44,88.52,83.74,83.81,72.26,88.52,90.0,117.0,128.0,59.57
2.4,90,1,66.62,88.8,76.96,73.58,63.7,88.8,90.0,117.0,132.0,59.44
2.4,90,2,68.17,93.11,77.57,70.92,68.31,93.11,95.0,115.0,134.0,54.17
2.4,120,0,69.06,88.65,74.71,68.27,56.33,88.65,90.0,118.0,134.0,59.7
2.4,120,1,65.5,92.96,78.6,73.9,75.34,92.96,93.0,114.0,133.0,55.91
2.4,120,2,67.6,92.38,78.57,72.88,68.42,92.38,94.0,115.0,133.0,55.12
2.4,180,0,62.78,89.13,74.79,73.26,75.39,89.13,90.0,114.0,134.0,58.89
2.4,180,1,64.2,91.26,76.13,72.82,75.6,91.26,92.0,115.0,134.0,57.11
2.4,180,2,63.69,86.51,74.67,74.02,67.28,86.51,88.0,117.0,132.0,61.39
2.4,240,0,62.61,87.63,79.34,79.61,72.82,87.63,89.0,117.0,129.0,60.49
2.4,240,1,61.12,88.32,75.92,75.9,78.53,88.32,89.0,114.0,132.0,59.84
2.4,240,2,62.98,94.07,71.58,67.92,84.26,94.07,94.0,111.0,137.0,54.68
2.4,300,0,63.02,83.26,70.37,70.49,61.98,83.26,85.0,118.0,133.0,64.54
2.4,300,1,62.8,88.2,72.38,70.92,73.43,88.2,89.0,114.0,134.0,59.87
2.4,300,2,65.83,85.37,70.43,66.68,58.38,85.37,87.0,117.0,134.0,62.4
2.4,360,0,69.66,85.75,68.25,57.26,52.03,85.75,88.0,118.0,136.0,61.74
2.4,360,1,59.47,81.74,73.22,78.09,69.47,81.74,83.0,118.0,130.0,66.52
2.4,360,2,60.46,84.95,70.22,71.56,73.51,84.95,85.0,116.0,133.0,64.14
2.4,480,0,62.99,80.38,65.65,64.24,55.16,80.38,82.0,118.0,135.0,67.54
2.4,480,1,61.47,84.72,69.88,70.46,69.98,84.72,85.0,116.0,134.0,64.16
2.4,480,2,58.37,84.95,66.65,68.96,79.79,84.95,85.0,113.0,136.0,63.77
2.5,0,0,90.44,148.17,135.9,83.16,99.36,148.17,146.0,106.0,129.0,4.12
2.5,0,1,93.9,152.81,135.74,80.85,98.31,152.81,149.0,105.0,131.0,1.73
2.5,0,2,100.44,145.87,129.78,78.94,79.42,145.87,145.0,109.0,132.0,5.83
2.5,1,0,84.24,135.54,116.8,78.6,96.52,135.54,134.0,106.0,133.0,14.18
2.5,1,1,85.18,134.44,121.04,81.38,93.43,134.44,133.0,108.0,130.0,15.65
2.5,1,2,86.24,139.53,121.56,79.44,97.4,139.53,137.0,106.0,132.0,11.18
2.5,2,0,84.81,130.24,120.16,82.88,88.95,130.24,130.0,110.0,128.0,19.39
2.5,2,1,83.7,125.77,110.79,78.87,85.3,125.77,125.0,110.0,132.0,23.77
2.5,2,2,77.78,131.41,113.43,79.5,104.08,131.41,129.0,106.0,132.0,19.1
2.5,5,0,76.89,127.13,105.92,76.91,100.77,127.13,126.0,105.0,135.0,22.23
2.5,5,1,80.47,118.3,101.28,76.07,81.54,118.3,119.0,111.0,133.0,29.85
2.5,5,2,78.4,121.61,98.7,73.68,90.6,121.61,120.0,108.0,136.0,28.57
2.5,10,0,74.16,113.29,96.36,76.59,88.09,113.29,113.0,110.0,133.0,35.52
2.5,10,1,72.26,111.63,96.47,78.01,89.94,111.63,111.0,111.0,132.0,37.66
2.5,10,2,74.97,115.07,100.25,78.47,88.86,115.07,115.0,110.0,132.0,33.54
2.5,15,0,71.81,107.51,94.26,78.43,84.67,107.51,108.0,112.0,131.0,40.8
2.5,15,1,74.53,107.58,95.32,78.44,78.34,107.58,108.0,113.0,131.0,41.01
2.5,15,2,75.63,112.75,98.28,77.87,83.95,112.75,113.0,111.0,132.0,35.69
2.5,30,0,66.92,101.98,86.55,76.37,87.68,101.98,102.0,112.0,132.0,46.69
2.5,30,1,69.22,100.0,82.06,72.12,78.48,100.0,100.0,113.0,134.0,48.88
2.5,30,2,69.79,99.64,86.78,76.64,76.38,99.64,101.0,114.0,132.0,48.05
2.5,45,0,65.44,94.94,83.79,78.22,79.24,94.94,95.0,115.0,131.0,54.14
2.5,45,1,68.27,99.98,89.64,79.78,80.87,99.98,101.0,114.0,130.0,48.09
2.5,45,2,68.65,99.69,79.85,70.43,79.41,99.69,100.0,112.0,136.0,48.83
2.5,60,0,62.82,100.52,78.03,71.7,95.62,100.52,100.0,109.0,136.0,48.43
2.5,60,1,63.55,95.65,80.53,75.44,85.57,95.65,96.0,113.0,133.0,52.78
2.5,60,2,63.98,94.85,84.48,79.48,83.0,94.85,95.0,114.0,130.0,53.97
2.5,90,0,62.77,88.33,80.6,80.48,73.77,88.33,90.0,116.0,129.0,59.3
2.5,90,1,66.67,90.65,73.03,67.58,67.46,90.65,92.0,115.0,135.0,57.15
2.5,90,2,62.96,92.35,81.27,78.26,81.15,92.35,93.0,114.0,131.0,55.91
2.5,120,0,61.09,90.09,77.8,76.85,82.09,90.09,91.0,114.0,132.0,57.87
2.5,120,1,57.06,93.45,72.22,72.1,99.3,93.45,93.0,110.0,136.0,55.47
2.5,120,2,65.2,91.09,79.02,75.6,72.48,91.09,93.0,115.0,132.0,56.09
2.5,180,0,64.55,80.37,70.78,71.41,50.2,80.37,83.0,119.0,132.0,66.71
2.5,180,1,63.31,86.92,74.57,73.89,69.26,86.92,88.0,117.0,132.0,61.39
2.5,180,2,65.27,89.33,72.49,68.62,68.69,89.33,90.0,115.0,135.0,59.11
2.5,240,0,56.5,84.25,72.64,77.01,84.01,84.25,85.0,114.0,132.0,63.79
2.5,240,1,58.76,87.51,74.11,75.59,83.78,87.51,88.0,114.0,132.0,60.83
2.5,240,2,62.42,76.43,67.55,70.61,46.76,76.43,79.0,121.0,131.0,71.07
2.5,300,0,67.06,82.6,64.15,54.96,56.94,82.6,85.0,118.0,136.0,64.66
2.5,300,1,65.11,84.28,73.42,72.6,58.0,84.28,86.0,118.0,132.0,63.56
2.5,300,2,62.23,85.61,71.19,71.1,69.64,85.61,86.0,116.0,133.0,63.16
2.5,360,0,62.99,89.98,72.01,69.63,76.48,89.98,90.0,114.0,135.0,58.93
2.5,360,1,56.16,84.49,72.52,76.9,85.5,84.49,85.0,114.0,132.0,63.79
2.5,360,2,64.51,81.87,72.59,73.56,54.07,81.87,84.0,119.0,131.0,65.74
2.5,480,0,62.94,89.23,65.33,62.38,75.15,89.23,90.0,112.0,139.0,58.97
2.5,480,1,58.63,80.6,66.11,69.83,69.5,80.6,82.0,116.0,134.0,67.11
2.5,480,2,57.48,73.23,66.28,76.33,54.83,73.23,75.0,120.0,130.0,74.76
2.6,0,0,93.11,149.52,137.81,83.31,96.21,149.52,147.0,107.0,129.0,4.36
2.6,0,1,92.04,154.87,132.78,79.01,103.46,154.87,151.0,103.0,133.0,3.32
2.6,0,2,94.48,151.84,136.11,81.32,96.33,151.84,149.0,106.0,130.0,3.0
2.6,1,0,86.03,139.1,120.69,79.15,97.29,139.1,137.0,106.0,133.0,11.22
2.6,1,1,85.0,138.83,126.29,82.55,98.87,138.83,137.0,107.0,129.0,11.79
2.6,1,2,85.05,138.87,123.36,80.9,98.82,138.87,137.0,107.0,130.0,11.58
2.6,2,0,86.1,130.7,106.0,72.98,87.02,130.7,129.0,107.0,137.0,19.87
2.6,2,1,84.23,124.01,117.56,84.66,81.79,124.01,125.0,112.0,127.0,24.86
2.6,2,2,83.19,133.66,110.44,75.77,96.3,133.66,131.0,106.0,135.0,17.38
2.6,5,0,73.19,120.9,103.26,78.48,100.63,120.9,119.0,108.0,132.0,29.27
2.6,5,1,76.37,120.37,111.67,83.6,93.21,120.37,120.0,110.0,128.0,28.91
2.6,5,2,80.35,123.26,105.9,77.43,88.78,123.26,123.0,109.0,133.0,25.51
2.6,10,0,78.61,111.53,89.77,69.78,75.27,111.53,112.0,111.0,136.0,36.89
2.6,10,1,73.61,114.54,93.03,73.82,91.13,114.54,114.0,109.0,135.0,34.5
2.6,10,2,73.64,110.02,100.44,81.64,84.32,110.02,111.0,112.0,129.0,37.97
2.6,15,0,74.38,109.6,93.67,76.01,81.95,109.6,110.0,111.0,133.0,38.65
2.6,15,1,72.02,108.24,88.25,73.04,85.33,108.24,108.0,110.0,135.0,40.56
2.6,15,2,65.57,108.1,92.78,78.75,100.32,108.1,108.0,109.0,132.0,40.31
2.6,30,0,72.54,105.33,90.0,75.55,79.4,105.33,106.0,112.0,133.0,42.77
2.6,30,1,65.91,99.56,86.73,78.13,86.18,99.56,100.0,113.0,131.0,48.85
2.6,30,2,76.5,105.06,88.65,72.36,69.31,105.06,107.0,113.0,134.0,42.02
2.6,45,0,66.03,94.23,84.19,78.88,76.31,94.23,96.0,115.0,130.0,53.19
2.6,45,1,63.89,96.16,81.48,75.93,85.57,96.16,97.0,112.0,133.0,51.63
2.6,45,2,71.97,95.82,74.51,62.84,63.45,95.82,97.0,114.0,137.0,52.21
2.6,60,0,67.57,92.3,79.65,74.24,68.32,92.3,94.0,115.0,132.0,55.11
2.6,60,1,65.8,93.57,81.89,76.96,75.7,93.57,95.0,115.0,132.0,54.13
2.6,60,2,61.46,92.84,81.58,78.79,86.2,92.84,93.0,114.0,131.0,55.91
2.6,90,0,62.72,86.3,78.5,79.63,69.69,86.3,88.0,117.0,130.0,61.42
2.6,90,1,67.93,90.99,70.61,63.14,64.64,90.99,92.0,115.0,137.0,57.29
2.6,90,2,66.68,86.15,77.42,76.13,57.63,86.15,88.0,118.0,131.0,61.62
2.6,120,0,60.9,85.48,73.16,74.54,73.32,85.48,86.0,115.0,132.0,62.97
2.6,120,1,63.02,87.03,76.25,76.11,70.36,87.03,89.0,116.0,132.0,60.21
2.6,120,2,62.23,91.9,75.33,72.84,82.34,91.9,92.0,113.0,134.0,56.75
2.6,180,0,60.17,83.53,66.91,68.28,71.3,83.53,84.0,115.0,135.0,65.01
2.6,180,1,63.14,85.06,64.74,61.85,65.72,85.06,86.0,115.0,137.0,63.17
2.6,180,2,60.66,83.42,76.58,80.54,69.58,83.42,85.0,118.0,129.0,64.61
2.6,240,0,56.3,79.93,73.45,81.32,75.39,79.93,81.0,118.0,129.0,68.51
2.6,240,1,65.48,82.02,68.22,64.62,51.42,82.02,84.0,118.0,134.0,65.54
2.6,240,2,63.26,77.27,64.54,62.39,46.25,77.27,80.0,120.0,134.0,69.89
2.6,300,0,59.93,87.53,67.54,67.89,80.39,87.53,87.0,113.0,136.0,61.79
2.6,300,1,61.08,86.28,75.17,76.34,74.48,86.28,87.0,116.0,131.0,62.18
2.6,300,2,59.05,82.83,74.31,78.82,73.21,82.83,84.0,117.0,130.0,65.34
2.6,360,0,55.72,84.88,64.79,68.95,87.62,84.88,84.0,112.0,136.0,64.62
2.6,360,1,60.59,81.07,64.97,66.05,64.42,81.07,82.0,116.0,135.0,67.15
2.6,360,2,57.33,82.63,70.83,75.59,78.06,82.63,83.0,115.0,132.0,65.92
2.6,480,0,59.15,80.4,68.06,72.18,67.37,80.4,82.0,117.0,132.0,67.27
2.6,480,1,56.63,82.4,68.81,73.76,79.76,82.4,83.0,115.0,133.0,65.93
2.6,480,2,67.35,79.06,64.97,54.63,45.42,79.06,82.0,120.0,135.0,67.98
2.7,0,0,94.31,153.46,130.39,77.87,98.29,153.46,150.0,103.0,134.0,3.0
2.7,0,1,90.79,152.62,129.52,78.35,103.31,152.62,149.0,103.0,134.0,2.45
2.7,0,2,90.77,151.27,134.99,81.47,101.99,151.27,148.0,104.0,131.0,1.0
2.7,1,0,83.83,131.61,113.4,78.13,92.57,131.61,130.0,107.0,133.0,18.28
2.7,1,1,81.87,133.2,118.68,81.06,98.27,133.2,132.0,107.0,131.0,16.31
2.7,1,2,82.08,135.03,116.83,79.24,99.99,135.03,133.0,106.0,133.0,15.17
2.7,2,0,81.04,133.94,114.49,78.53,100.71,133.94,131.0,106.0,133.0,17.15
2.7,2,1,82.41,128.59,111.21,78.27,91.58,128.59,128.0,108.0,132.0,20.4
2.7,2,2,83.35,131.73,109.79,75.97,93.66,131.73,130.0,107.0,135.0,18.49
2.7,5,0,77.51,113.05,103.11,81.15,80.17,113.05,114.0,113.0,129.0,35.3
2.7,5,1,79.69,118.31,107.92,81.48,83.24,118.31,119.0,112.0,130.0,30.15
2.7,5,2,74.76,119.8,102.36,77.95,95.88,119.8,119.0,109.0,132.0,29.43
2.7,10,0,73.35,110.63,95.21,77.16,85.92,110.63,111.0,111.0,132.0,37.66
2.7,10,1,76.2,115.1,94.88,73.99,86.19,115.1,115.0,109.0,135.0,33.51
2.7,10,2,76.1,108.87,97.19,78.87,76.75,108.87,110.0,114.0,130.0,39.34
2.7,15,0,69.29,109.72,97.33,80.36,93.95,109.72,109.0,111.0,130.0,39.67
2.7,15,1,71.21,99.87,89.05,78.24,73.17,99.87,101.0,115.0,130.0,48.31
2.7,15,2,75.27,108.1,91.44,74.36,77.44,108.1,109.0,112.0,134.0,39.86
2.7,30,0,71.34,100.79,87.75,76.29,74.49,100.79,102.0,115.0,132.0,47.3
2.7,30,1,71.08,103.9,85.18,72.48,80.55,103.9,104.0,112.0,135.0,44.82
2.7,30,2,71.03,98.41,82.29,71.94,70.94,98.41,100.0,114.0,134.0,49.07
2.7,45,0,71.71,96.21,83.02,73.44,64.94,96.21,98.0,115.0,133.0,51.21
2.7,45,1,66.96,93.81,80.64,74.87,72.97,93.81,95.0,115.0,132.0,54.13
2.7,45,2,70.9,97.23,75.47,64.85,69.05,97.23,98.0,113.0,137.0,51.05
2.7,60,0,64.8,98.42,77.65,71.07,87.09,98.42,98.0,111.0,136.0,50.65
2.7,60,1,60.05,98.75,80.34,75.31,99.94,98.75,98.0,110.0,134.0,50.4
2.7,60,2,65.24,91.95,81.54,77.87,74.09,91.95,93.0,116.0,130.0,56.33
2.7,90,0,62.32,93.24,76.88,73.72,84.56,93.24,94.0,112.0,134.0,54.63
2.7,90,1,64.68,90.23,74.73,71.4,72.2,90.23,91.0,115.0,134.0,58.09
2.7,90,2,67.08,87.2,70.39,64.57,58.82,87.2,89.0,117.0,135.0,60.49
2.7,120,0,64.8,89.53,74.69,71.6,70.43,89.53,90.0,115.0,134.0,59.07
2.7,120,1,64.18,86.67,75.62,74.84,66.17,86.67,88.0,117.0,132.0,61.39
2.7,120,2,62.82,86.17,72.32,71.8,69.1,86.17,87.0,116.0,133.0,62.18
2.7,180,0,67.72,79.6,72.13,70.74,38.05,79.6,83.0,122.0,131.0,67.45
2.7,180,1,56.62,84.48,69.33,73.28,84.09,84.48,85.0,114.0,133.0,63.8
2.7,180,2,55.41,85.97,69.49,73.41,90.66,85.97,85.0,113.0,134.0,63.67
2.7,240,0,54.51,85.46,73.21,77.69,92.36,85.46,85.0,114.0,131.0,63.8
2.7,240,1,65.28,84.02,69.05,65.66,56.89,84.02,86.0,117.0,135.0,63.42
2.7,240,2,64.79,87.99,72.31,69.33,67.23,87.99,89.0,116.0,134.0,60.24
2.7,300,0,57.36,82.19,68.96,73.61,77.03,82.19,83.0,115.0,133.0,65.93
2.7,300,1,54.75,82.99,74.46,80.49,86.76,82.99,83.0,116.0,129.0,66.17
2.7,300,2,62.1,86.0,68.19,67.27,70.86,86.0,87.0,115.0,135.0,62.06
2.7,360,0,59.48,81.66,64.21,66.03,69.28,81.66,82.0,115.0,135.0,66.98
2.7,360,1,56.8,84.32,70.77,74.81,83.21,84.32,85.0,114.0,133.0,63.8
2.7,360,2,56.72,83.42,66.4,70.48,81.61,83.42,83.0,114.0,135.0,65.83
2.7,480,0,59.98,80.3,68.16,71.67,64.52,80.3,82.0,117.0,132.0,67.27
2.7,480,1,59.21,83.15,66.11,68.26,73.42,83.15,84.0,115.0,135.0,65.01
2.7,480,2,60.84,76.42,71.65,80.37,52.0,76.42,79.0,121.0,129.0,71.13
2.8,0,0,93.41,153.14,127.18,76.53,99.46,153.14,150.0,102.0,136.0,4.9
2.8,0,1,89.53,154.71,132.86,79.5,107.43,154.71,150.0,102.0,133.0,3.0
2.8,0,2,86.26,154.11,130.37,79.06,112.28,154.11,150.0,101.0,134.0,4.12
2.8,1,0,89.66,136.4,119.32,78.6,87.37,136.4,135.0,108.0,132.0,13.6
2.8,1,1,88.97,133.97,115.73,77.41,85.66,133.97,132.0,109.0,133.0,16.79
2.8,1,2,84.84,139.15,114.72,76.08,99.52,139.15,137.0,104.0,136.0,11.7
2.8,2,0,77.05,131.76,110.07,77.67,105.89,131.76,129.0,105.0,134.0,19.13
2.8,2,1,80.87,123.72,109.84,79.83,88.31,123.72,123.0,110.0,131.0,25.73
2.8,2,2,82.03,132.08,109.56,76.08,96.64,132.08,131.0,106.0,135.0,17.38
2.8,5,0,81.94,116.14,99.54,75.02,75.1,116.14,117.0,111.0,133.0,31.8
2.8,5,1,81.58,118.83,99.93,74.37,79.94,118.83,119.0,111.0,134.0,29.9
2.8,5,2,76.5,122.26,105.99,78.89,95.44,122.26,121.0,108.0,132.0,27.29
2.8,10,0,70.7,109.74,94.13,77.58,90.72,109.74,109.0,111.0,132.0,39.62
2.8,10,1,70.19,109.7,93.88,77.56,91.84,109.7,109.0,110.0,133.0,39.47
2.8,10,2,76.57,113.49,92.87,72.85,82.96,113.49,113.0,110.0,136.0,35.74
2.8,15,0,70.4,107.26,87.85,73.79,87.64,107.26,107.0,110.0,135.0,41.55
2.8,15,1,72.81,105.01,86.7,72.54,78.2,105.01,106.0,112.0,135.0,42.86
2.8,15,2,68.17,109.61,89.14,74.76,96.41,109.61,109.0,109.0,135.0,39.43
2.8,30,0,72.67,96.54,83.81,73.6,63.06,96.54,98.0,116.0,133.0,51.43
2.8,30,1,74.92,94.91,77.25,63.13,53.7,94.91,97.0,116.0,135.0,52.48
2.8,30,2,71.61,95.6,82.88,73.68,64.0,95.6,97.0,116.0,132.0,52.39
2.8,45,0,64.25,95.1,76.57,71.59,82.71,95.1,96.0,112.0,135.0,52.7
2.8,45,1,65.47,95.64,76.4,70.48,80.45,95.64,96.0,112.0,135.0,52.7
2.8,45,2,63.91,93.25,75.14,71.09,80.24,93.25,94.0,113.0,135.0,54.83
2.8,60,0,63.59,92.14,75.91,72.53,79.01,92.14,93.0,113.0,134.0,55.77
2.8,60,1,64.05,91.73,75.14,71.62,76.95,91.73,92.0,114.0,134.0,56.92
2.8,60,2,66.93,96.09,75.71,68.65,77.38,96.09,97.0,112.0,136.0,51.78
2.8,90,0,64.81,87.79,75.16,73.1,66.74,87.79,89.0,117.0,132.0,60.42
2.8,90,1,68.06,90.03,68.75,60.6,62.25,90.03,92.0,115.0,138.0,57.38
2.8,90,2,64.72,92.21,73.4,69.09,76.02,92.21,93.0,113.0,136.0,55.87
2.8,120,0,65.36,84.28,67.61,63.22,57.26,84.28,86.0,117.0,136.0,63.47
2.8,120,1,62.79,81.08,71.35,73.62,57.52,81.08,83.0,118.0,131.0,66.5
2.8,120,2,66.23,80.62,68.23,63.81,45.52,80.62,83.0,120.0,133.0,66.95
2.8,180,0,57.99,83.35,68.36,71.87,77.6,83.35,84.0,115.0,134.0,64.97
2.8,180,1,65.28,86.4,70.95,67.67,62.35,86.4,88.0,116.0,135.0,61.26
2.8,180,2,61.52,84.72,66.87,66.55,69.84,84.72,85.0,115.0,136.0,64.08
2.8,240,0,62.81,78.36,70.26,73.95,50.61,78.36,81.0,120.0,131.0,68.89
2.8,240,1,63.79,82.33,67.22,65.18,57.41,82.33,84.0,117.0,134.0,65.34
2.8,240,2,61.44,73.11,68.66,78.12,40.72,73.11,76.0,122.0,129.0,74.28
2.8,300,0,59.28,80.2,68.62,72.99,66.51,80.2,82.0,117.0,132.0,67.27
2.8,300,1,59.39,76.93,66.08,71.04,58.12,76.93,78.0,119.0,132.0,71.59
2.8,300,2,59.82,80.69,66.99,69.91,65.96,80.69,82.0,116.0,134.0,67.11
2.8,360,0,62.25,76.04,66.05,67.89,46.23,76.04,79.0,120.0,132.0,70.83
2.8,360,1,63.01,74.09,66.06,67.89,38.16,74.09,77.0,122.0,131.0,73.25
2.8,360,2,57.38,78.18,62.81,67.45,67.85,78.18,79.0,116.0,135.0,70.1
2.8,480,0,57.91,83.25,60.27,62.45,77.62,83.25,83.0,113.0,138.0,65.89
2.8,480,1,54.91,73.82,69.25,82.29,65.33,73.82,75.0,120.0,128.0,74.84
2.8,480,2,57.03,77.64,62.86,68.1,67.71,77.64,78.0,116.0,134.0,71.05
2.9,0,0,89.17,150.29,139.37,84.17,103.71,150.29,148.0,106.0,128.0,4.47
2.9,0,1,96.18,148.44,133.94,81.22,89.78,148.44,147.0,107.0,130.0,3.74
2.9,0,2,89.51,145.67,135.06,83.86,98.32,145.67,143.0,107.0,127.0,7.68
2.9,1,0,88.69,139.33,116.86,76.26,92.68,139.33,137.0,105.0,135.0,11.45
2.9,1,1,84.71,138.44,119.45,78.95,98.97,138.44,136.0,106.0,133.0,12.21
2.9,1,2,84.03,131.34,118.61,81.48,91.84,131.34,131.0,109.0,130.0,17.83
2.9,2,0,84.98,125.02,113.16,80.67,81.68,125.02,126.0,111.0,130.0,23.17
2.9,2,1,82.73,130.87,113.86,78.96,93.79,130.87,129.0,108.0,132.0,19.42
2.9,2,2,79.66,123.76,109.65,79.95,90.88,123.76,123.0,110.0,131.0,25.73
2.9,5,0,79.2,115.64,98.64,75.58,80.34,115.64,116.0,111.0,133.0,32.77
2.9,5,1,71.07,122.52,103.2,78.3,107.08,122.52,121.0,106.0,133.0,27.09
2.9,5,2,78.85,120.16,102.45,76.71,87.68,120.16,120.0,109.0,133.0,28.46
2.9,10,0,71.92,108.29,91.57,75.79,85.65,108.29,109.0,111.0,133.0,39.64
2.9,10,1,80.55,110.45,91.46,70.56,69.02,110.45,112.0,113.0,135.0,37.23
2.9,10,2,74.04,105.74,97.37,81.62,76.44,105.74,107.0,115.0,129.0,42.56
2.9,15,0,68.53,105.63,91.74,78.33,89.55,105.63,105.0,112.0,132.0,43.74
2.9,15,1,71.67,104.41,88.57,75.07,79.96,104.41,105.0,113.0,133.0,43.94
2.9,15,2,70.34,102.39,87.19,75.35,79.81,102.39,103.0,113.0,133.0,45.9
2.9,30,0,71.63,96.54,79.46,69.04,65.8,96.54,98.0,115.0,135.0,51.28
2.9,30,1,65.64,100.17,83.84,75.39,87.9,100.17,101.0,111.0,134.0,47.56
2.9,30,2,68.87,96.09,83.53,75.74,72.24,96.09,98.0,115.0,132.0,51.2
2.9,45,0,63.51,92.28,81.19,78.0,79.49,92.28,93.0,114.0,131.0,55.91
2.9,45,1,68.07,90.11,75.72,70.02,62.39,90.11,92.0,116.0,134.0,57.31
2.9,45,2,65.77,98.24,72.54,65.88,84.28,98.24,98.0,110.0,139.0,50.84
2.9,60,0,65.13,86.42,74.05,72.17,62.83,86.42,88.0,117.0,132.0,61.39
2.9,60,1,63.2,89.29,74.35,72.42,74.5,89.29,90.0,115.0,134.0,59.07
2.9,60,2,64.31,88.94,71.57,68.45,70.61,88.94,89.0,115.0,135.0,60.09
2.9,90,0,65.13,89.53,75.45,72.28,69.5,89.53,91.0,116.0,133.0,58.26
2.9,90,1,58.17,88.17,74.95,76.35,86.76,88.17,89.0,113.0,133.0,59.69
2.9,90,2,59.7,87.3,72.57,73.58,80.62,87.3,88.0,114.0,133.0,60.84
2.9,120,0,67.33,90.9,65.94,58.0,70.03,90.9,91.0,114.0,140.0,58.42
2.9,120,1,69.29,82.38,73.87,70.11,40.52,82.38,86.0,121.0,132.0,64.29
2.9,120,2,64.72,82.14,72.41,72.84,54.08,82.14,85.0,118.0,132.0,64.54
2.9,180,0,60.2,83.99,69.03,70.74,72.22,83.99,84.0,116.0,133.0,65.12
2.9,180,1,64.12,82.56,67.84,65.68,56.96,82.56,84.0,117.0,135.0,65.38
2.9,180,2,63.82,84.07,70.53,69.56,61.44,84.07,86.0,117.0,134.0,63.38
2.9,240,0,57.7,77.37,64.94,70.65,64.84,77.37,78.0,117.0,133.0,71.2
2.9,240,1,57.83,82.86,69.57,73.66,77.04,82.86,83.0,116.0,133.0,66.11
2.9,240,2,59.22,84.8,70.75,73.11,76.9,84.8,85.0,115.0,133.0,63.96
2.9,300,0,59.81,76.7,70.13,77.9,56.17,76.7,78.0,120.0,129.0,71.87
2.9,300,1,58.9,79.55,64.39,67.6,66.21,79.55,80.0,116.0,134.0,69.08
2.9,300,2,56.41,74.76,67.31,77.38,62.61,74.76,76.0,119.0,130.0,73.57
2.9,360,0,56.25,87.31,61.19,64.41,90.71,87.31,87.0,110.0,140.0,61.81
2.9,360,1,54.83,79.66,69.03,76.73,79.49,79.66,80.0,116.0,131.0,69.06
2.9,360,2,58.8,79.85,58.91,59.83,67.23,79.85,80.0,115.0,138.0,69.14
2.9,480,0,55.86,73.36,57.32,62.16,60.84,73.36,74.0,117.0,135.0,75.19
2.9,480,1,58.24,69.85,59.04,61.72,42.38,69.85,71.0,122.0,133.0,79.08
2.9,480,2,56.28,74.09,64.2,72.93,61.29,74.09,76.0,119.0,132.0,73.55
3.0,0,0,92.92,153.68,134.26,79.96,100.83,153.68,150.0,104.0,132.0,2.0
3.0,0,1,95.42,150.99,132.91,79.79,93.85,150.99,148.0,106.0,132.0,2.0
3.0,0,2,93.53,151.42,130.81,78.88,97.49,151.42,148.0,104.0,133.0,1.0
3.0,1,0,84.0,133.27,119.1,80.92,94.27,133.27,132.0,108.0,130.0,16.61
3.0,1,1,84.72,133.74,115.85,78.62,93.47,133.74,132.0,107.0,132.0,16.28
3.0,1,2,81.37,138.66,118.08,78.78,105.36,138.66,136.0,104.0,133.0,12.04
3.0,2,0,78.84,130.37,108.94,77.09,100.78,130.37,128.0,105.0,134.0,20.12
3.0,2,1,77.21,131.01,109.01,77.3,104.71,131.01,129.0,105.0,134.0,19.13
3.0,2,2,80.21,128.07,114.05,80.76,95.3,128.07,127.0,108.0,130.0,21.47
3.0,5,0,76.17,112.74,101.5,80.33,82.71,112.74,113.0,113.0,130.0,36.19
3.0,5,1,74.66,122.0,99.86,75.55,98.95,122.0,121.0,106.0,136.0,27.37
3.0,5,2,69.41,117.41,105.7,82.22,104.25,117.41,116.0,109.0,130.0,32.45
3.0,10,0,76.89,113.21,88.81,69.46,81.81,113.21,113.0,109.0,138.0,35.86
3.0,10,1,74.9,105.55,92.54,76.84,74.05,105.55,106.0,114.0,132.0,43.17
3.0,10,2,68.34,105.78,89.84,76.8,90.25,105.78,105.0,111.0,133.0,43.58
3.0,15,0,72.7,105.4,88.33,73.93,79.13,105.4,106.0,112.0,134.0,42.8
3.0,15,1,65.95,102.07,85.26,75.62,90.23,102.07,102.0,111.0,133.0,46.54
3.0,15,2,72.61,106.53,90.67,75.55,81.2,106.53,107.0,112.0,133.0,41.79
3.0,30,0,64.38,87.47,75.42,73.93,67.3,87.47,89.0,117.0,132.0,60.42
3.0,30,1,70.91,94.48,78.47,69.23,63.61,94.48,96.0,115.0,134.0,53.19
3.0,30,2,71.58,99.48,80.79,69.52,71.53,99.48,101.0,113.0,136.0,48.02
3.0,45,0,64.01,91.47,77.86,74.71,76.53,91.47,92.0,114.0,133.0,56.89
3.0,45,1,69.7,93.13,79.35,71.96,64.17,93.13,95.0,116.0,133.0,54.35
3.0,45,2,68.4,88.35,79.44,76.17,57.58,88.35,91.0,118.0,131.0,58.7
3.0,60,0,62.86,81.8,68.46,68.49,59.05,81.8,83.0,117.0,133.0,66.29
3.0,60,1,60.69,90.94,75.19,73.96,84.83,90.94,91.0,113.0,133.0,57.71
3.0,60,2,64.3,95.2,71.04,66.17,82.78,95.2,95.0,111.0,138.0,53.8
3.0,90,0,62.16,87.0,69.61,68.61,72.79,87.0,87.0,115.0,135.0,62.06
3.0,90,1,62.33,81.28,76.05,81.26,59.45,81.28,84.0,119.0,129.0,65.8
3.0,90,2,60.2,92.18,71.72,70.41,88.46,92.18,92.0,111.0,136.0,56.58
3.0,120,0,64.35,83.79,69.74,67.94,59.15,83.79,85.0,118.0,134.0,64.57
3.0,120,1,59.51,84.3,70.79,73.24,74.98,84.3,85.0,115.0,133.0,63.96
3.0,120,2,58.91,83.57,68.0,70.67,75.23,83.57,84.0,115.0,134.0,64.97
3.0,180,0,66.89,80.9,71.9,70.33,44.15,80.9,83.0,120.0,131.0,66.95
3.0,180,1,59.41,81.95,63.3,64.82,70.14,81.95,82.0,115.0,136.0,67.03
3.0,180,2,58.65,81.8,72.02,76.89,72.16,81.8,83.0,117.0,131.0,66.29
3.0,240,0,59.83,83.52,67.51,69.34,72.31,83.52,84.0,115.0,134.0,64.97
3.0,240,1,64.05,79.19,72.76,76.83,48.75,79.19,82.0,121.0,130.0,68.18
3.0,240,2,57.71,77.07,61.96,66.21,64.04,77.07,78.0,117.0,135.0,71.26
3.0,300,0,65.56,80.51,63.36,55.85,54.29,80.51,83.0,118.0,136.0,66.61
3.0,300,1,62.31,80.11,70.27,73.0,56.66,80.11,82.0,119.0,132.0,67.68
3.0,300,2,53.92,77.25,62.98,71.25,77.02,77.25,78.0,115.0,134.0,70.89
3.0,360,0,52.17,80.2,62.61,70.77,89.12,80.2,80.0,113.0,135.0,68.66
3.0,360,1,60.31,84.1,62.36,62.23,72.13,84.1,85.0,114.0,138.0,64.07
3.0,360,2,56.83,77.38,66.38,73.53,67.72,77.38,78.0,117.0,132.0,71.2
3.0,480,0,55.7,73.61,65.18,75.46,62.05,73.61,75.0,119.0,130.0,74.55
3.0,480,1,58.53,69.36,58.33,59.12,40.57,69.36,71.0,121.0,133.0,78.86
3.0,480,2,61.9,76.7,59.72,55.84,56.47,76.7,78.0,118.0,136.0,71.5
3.1,0,0,91.49,151.04,134.21,81.07,100.54,151.04,148.0,104.0,131.0,1.0
3.1,0,1,87.93,148.48,132.82,81.79,103.99,148.48,145.0,104.0,130.0,3.61
3.1,0,2,91.7,152.72,128.31,77.57,101.88,152.72,149.0,103.0,134.0,2.45
3.1,1,0,85.86,138.54,118.87,78.36,96.96,138.54,136.0,106.0,133.0,12.21
3.1,1,1,85.2,134.97,114.9,77.47,94.03,134.97,133.0,107.0,134.0,15.43
3.1,1,2,84.57,139.04,117.05,77.46,99.9,139.04,137.0,104.0,134.0,11.18
3.1,2,0,78.46,125.8,110.61,79.93,95.97,125.8,124.0,108.0,131.0,24.35
3.1,2,1,80.01,128.74,111.58,79.0,96.52,128.74,127.0,108.0,132.0,21.38
3.1,2,2,83.8,131.55,113.0,77.91,92.57,131.55,130.0,107.0,133.0,18.28
3.1,5,0,72.89,112.72,98.8,79.07,90.09,112.72,112.0,110.0,131.0,36.51
3.1,5,1,74.34,112.01,97.7,78.16,85.76,112.01,113.0,111.0,132.0,35.69
3.1,5,2,74.27,113.41,98.08,77.81,88.0,113.41,114.0,111.0,132.0,34.71
3.1,10,0,75.22,107.27,98.32,81.17,76.19,107.27,109.0,114.0,129.0,40.37
3.1,10,1,72.19,105.8,90.92,76.29,81.0,105.8,106.0,112.0,133.0,42.77
3.1,10,2,72.45,107.98,97.13,80.39,83.9,107.98,108.0,113.0,130.0,41.05
3.1,15,0,66.96,104.48,87.11,75.69,91.57,104.48,104.0,110.0,133.0,44.42
3.1,15,1,64.78,104.22,90.29,78.96,96.48,104.22,104.0,110.0,131.0,44.42
3.1,15,2,66.93,101.88,81.31,71.94,87.48,101.88,101.0,111.0,135.0,47.61
3.1,30,0,62.34,97.68,78.25,73.1,92.25,97.68,97.0,111.0,135.0,51.57
3.1,30,1,62.79,95.23,78.09,73.73,86.84,95.23,95.0,112.0,134.0,53.64
3.1,30,2,64.71,96.75,76.17,70.34,84.46,96.75,97.0,111.0,136.0,51.63
3.1,45,0,61.65,91.17,79.01,77.21,82.56,91.17,92.0,114.0,131.0,56.89
3.1,45,1,68.08,88.71,78.91,75.33,59.3,88.71,91.0,118.0,131.0,58.7
3.1,45,2,62.01,96.18,72.7,69.0,90.59,96.18,96.0,110.0,138.0,52.69
3.1,60,0,67.2,86.22,79.81,79.45,56.27,86.22,89.0,119.0,130.0,60.91
3.1,60,1,64.99,85.15,72.21,70.35,60.37,85.15,87.0,117.0,133.0,62.38
3.1,60,2,65.56,91.35,73.56,68.92,72.0,91.35,92.0,114.0,135.0,56.96
3.1,90,0,61.85,87.21,71.15,70.6,74.14,87.21,88.0,115.0,134.0,61.03
3.1,90,1,57.84,82.5,71.46,76.14,76.21,82.5,83.0,116.0,131.0,66.11
3.1,90,2,65.37,89.78,73.09,69.1,69.35,89.78,91.0,115.0,134.0,58.09
3.1,120,0,61.61,85.06,66.78,66.25,70.3,85.06,86.0,114.0,136.0,62.93
3.1,120,1,60.29,80.34,65.04,66.73,63.65,80.34,82.0,116.0,134.0,67.11
3.1,120,2,61.75,83.37,70.85,72.22,66.13,83.37,85.0,116.0,133.0,64.14
3.1,180,0,61.13,80.79,67.91,69.95,62.07,80.79,82.0,118.0,133.0,67.48
3.1,180,1,59.36,81.3,64.06,66.05,68.82,81.3,82.0,115.0,135.0,66.98
3.1,180,2,60.6,82.07,64.23,64.71,66.72,82.07,83.0,116.0,136.0,66.22
3.1,240,0,58.82,76.41,63.0,66.75,58.68,76.41,77.0,118.0,134.0,72.39
3.1,240,1,55.29,82.07,67.78,73.57,83.21,82.07,83.0,114.0,133.0,65.77
3.1,240,2,60.28,84.19,64.01,64.32,72.42,84.19,85.0,114.0,137.0,63.98
3.1,300,0,67.17,76.29,64.14,52.23,40.62,76.29,80.0,122.0,134.0,70.37
3.1,300,1,56.88,78.09,65.88,72.33,69.27,78.09,79.0,116.0,133.0,70.04
3.1,300,2,57.73,82.31,64.09,67.39,76.14,82.31,83.0,114.0,135.0,65.83
3.1,360,0,58.42,73.24,63.7,70.28,51.6,73.24,75.0,120.0,132.0,74.73
3.1,360,1,57.21,74.14,60.11,64.78,58.25,74.14,76.0,118.0,134.0,73.38
3.1,360,2,65.63,75.18,58.07,46.49,58.03,75.18,78.0,120.0,137.0,71.98
3.1,480,0,54.83,74.32,62.69,71.7,66.86,74.32,75.0,117.0,133.0,74.16
3.1,480,1,58.59,76.5,59.12,60.55,59.71,76.5,77.0,117.0,136.0,72.29
3.1,480,2,57.95,71.84,59.19,62.34,49.33,71.84,73.0,119.0,133.0,76.49
3.2,0,0,89.25,147.43,135.19,83.22,100.64,147.43,145.0,106.0,128.0,5.39
3.2,0,1,94.07,153.93,132.12,78.63,99.17,153.93,150.0,104.0,133.0,2.24
3.2,0,2,94.33,145.72,134.59,83.04,89.92,145.72,144.0,108.0,129.0,6.4
3.2,1,0,85.11,136.68,118.12,78.76,96.22,136.68,135.0,106.0,132.0,13.15
3.2,1,1,81.61,130.3,114.84,80.03,95.29,130.3,129.0,107.0,131.0,19.26
3.2,1,2,86.27,136.87,112.88,75.35,94.27,136.87,134.0,106.0,136.0,14.7
3.2,2,0,77.88,124.45,108.33,79.17,95.42,124.45,123.0,108.0,132.0,25.32
3.2,2,1,76.74,122.35,106.93,79.41,95.07,122.35,121.0,108.0,132.0,27.29
3.2,2,2,81.08,123.08,109.05,79.53,87.0,123.08,123.0,110.0,131.0,25.73
3.2,5,0,78.46,110.63,97.57,77.39,74.14,110.63,112.0,113.0,131.0,37.12
3.2,5,1,78.36,113.28,96.47,75.14,78.6,113.28,114.0,111.0,133.0,34.73
3.2,5,2,78.78,113.62,101.51,79.13,78.19,113.62,114.0,113.0,131.0,35.19
3.2,10,0,72.5,104.62,91.39,77.22,78.29,104.62,105.0,113.0,132.0,43.93
3.2,10,1,72.18,108.71,88.31,72.84,85.7,108.71,108.0,110.0,135.0,40.56
3.2,10,2,71.34,105.46,92.07,77.79,82.51,105.46,106.0,113.0,131.0,42.97
3.2,15,0,65.93,103.88,86.89,76.14,93.16,103.88,103.0,110.0,133.0,45.41
3.2,15,1,65.06,104.46,92.19,80.21,96.19,104.46,104.0,111.0,130.0,44.6
3.2,15,2,72.01,105.11,85.75,72.05,80.3,105.11,106.0,112.0,135.0,42.86
3.2,30,0,60.63,87.89,79.39,80.19,79.1,87.89,88.0,116.0,129.0,61.26
3.2,30,1,63.83,90.68,78.43,75.89,75.49,90.68,91.0,115.0,132.0,58.05
3.2,30,2,67.46,89.06,77.27,73.22,61.86,89.06,91.0,117.0,132.0,58.46
3.2,45,0,68.38,86.36,77.67,75.08,53.08,86.36,89.0,119.0,131.0,60.89
3.2,45,1,62.4,91.22,78.35,76.18,80.58,91.22,92.0,114.0,132.0,56.89
3.2,45,2,66.07,92.31,71.61,65.96,72.48,92.31,93.0,114.0,137.0,56.12
3.2,60,0,66.04,84.52,73.52,71.73,55.74,84.52,87.0,118.0,132.0,62.59
3.2,60,1,63.48,88.53,73.75,71.9,72.17,88.53,89.0,115.0,134.0,60.05
3.2,60,2,60.17,83.03,75.35,79.49,70.2,83.03,85.0,117.0,130.0,64.36
3.2,90,0,61.77,87.28,69.59,68.82,74.52,87.28,88.0,114.0,135.0,60.9
3.2,90,1,57.0,86.73,68.62,71.33,87.41,86.73,86.0,112.0,135.0,62.59
3.2,90,2,62.24,81.89,74.66,78.53,61.18,81.89,83.0,119.0,130.0,66.74
3.2,120,0,57.62,80.71,68.1,73.2,72.96,80.71,81.0,116.0,132.0,68.07
3.2,120,1,56.97,82.71,72.61,77.79,79.36,82.71,83.0,116.0,131.0,66.11
3.2,120,2,58.78,82.91,59.52,60.59,74.22,82.91,83.0,113.0,139.0,65.99
3.2,180,0,58.88,78.06,62.8,65.75,62.65,78.06,79.0,116.0,135.0,70.1
3.2,180,1,62.24,78.02,64.72,64.34,51.57,78.02,80.0,119.0,134.0,69.66
3.2,180,2,57.87,73.25,61.85,67.4,53.55,73.25,75.0,118.0,133.0,74.34
3.2,240,0,61.08,70.91,61.32,60.4,35.36,70.91,73.0,122.0,132.0,77.13
3.2,240,1,56.99,82.47,65.92,70.12,78.77,82.47,83.0,114.0,135.0,65.83
3.2,240,2,56.52,81.15,61.39,65.57,77.39,81.15,82.0,114.0,137.0,66.94
3.2,300,0,60.63,71.88,65.65,72.97,39.9,71.88,74.0,122.0,130.0,76.18
3.2,300,1,56.39,72.87,61.78,69.42,57.68,72.87,74.0,119.0,132.0,75.5
3.2,300,2,58.44,74.47,64.09,70.18,54.91,74.47,76.0,119.0,132.0,73.55
3.2,360,0,55.4,76.83,62.84,70.02,71.11,76.83,77.0,117.0,134.0,72.21
3.2,360,1,56.97,73.64,61.96,68.61,57.73,73.64,75.0,118.0,133.0,74.34
3.2,360,2,58.8,81.15,64.33,67.04,70.23,81.15,82.0,115.0,135.0,66.98
3.2,480,0,59.4,82.76,61.69,62.59,71.96,82.76,83.0,114.0,138.0,66.04
3.2,480,1,57.93,75.61,57.12,58.36,62.35,75.61,77.0,116.0,137.0,72.18
3.2,480,2,55.14,71.98,62.09,71.97,59.63,71.98,73.0,119.0,131.0,76.49
3.3,0,0,91.48,151.41,135.26,81.46,100.94,151.41,148.0,105.0,130.0,2.24
3.3,0,1,94.59,150.51,129.99,78.55,94.75,150.51,148.0,105.0,133.0,1.41
3.3,0,2,95.41,153.32,127.18,76.03,96.32,153.32,150.0,103.0,136.0,4.58
3.3,1,0,83.42,134.84,118.89,80.25,97.23,134.84,133.0,107.0,131.0,15.33
3.3,1,1,87.09,135.19,118.31,79.03,90.72,135.19,134.0,108.0,132.0,14.56
3.3,1,2,84.56,132.32,115.77,79.16,92.04,132.32,131.0,107.0,132.0,17.26
3.3,2,0,80.58,125.86,103.14,74.53,91.74,125.86,124.0,107.0,135.0,24.37
3.3,2,1,79.33,126.14,107.95,77.91,94.62,126.14,125.0,108.0,133.0,23.37
3.3,2,2,79.79,127.43,105.56,75.8,95.34,127.43,126.0,107.0,135.0,22.41
3.3,5,0,70.0,112.61,99.67,80.44,96.49,112.61,112.0,110.0,131.0,36.51
3.3,5,1,79.94,116.0,92.97,70.44,79.26,116.0,115.0,110.0,137.0,33.91
3.3,5,2,74.18,114.42,97.91,77.26,89.67,114.42,114.0,110.0,133.0,34.54
3.3,10,0,72.37,101.9,89.22,76.69,73.88,101.9,103.0,115.0,131.0,46.34
3.3,10,1,72.02,107.12,86.61,72.07,83.57,107.12,107.0,111.0,136.0,41.79
3.3,10,2,69.72,96.54,87.16,79.07,70.83,96.54,98.0,115.0,130.0,51.23
3.3,15,0,66.95,96.73,85.02,77.77,78.49,96.73,97.0,114.0,131.0,51.98
3.3,15,1,68.36,93.01,85.17,80.01,67.58,93.01,95.0,117.0,130.0,54.61
3.3,15,2,65.74,101.24,80.67,72.22,89.42,101.24,101.0,110.0,136.0,47.55
3.3,30,0,65.2,91.49,78.52,74.79,73.26,91.49,92.0,115.0,132.0,57.07
3.3,30,1,65.49,91.57,73.01,68.27,72.64,91.57,92.0,114.0,135.0,56.96
3.3,30,2,60.68,90.59,77.59,76.54,84.18,90.59,91.0,113.0,132.0,57.71
3.3,45,0,61.53,90.37,73.22,71.76,81.39,90.37,91.0,113.0,134.0,57.74
3.3,45,1,60.46,87.66,74.73,75.32,79.14,87.66,88.0,115.0,132.0,61.0
3.3,45,2,64.33,94.13,72.05,67.39,80.74,94.13,95.0,112.0,137.0,53.83
3.3,60,0,61.99,87.27,71.67,71.09,73.89,87.27,88.0,115.0,134.0,61.03
3.3,60,1,60.7,81.35,70.2,73.39,64.71,81.35,83.0,117.0,132.0,66.29
3.3,60,2,58.99,80.82,69.35,73.83,68.88,80.82,82.0,117.0,132.0,67.27
3.3,90,0,57.59,84.52,70.55,74.02,81.26,84.52,85.0,114.0,133.0,63.8
3.3,90,1,58.02,81.99,63.17,66.08,74.56,81.99,82.0,115.0,136.0,67.03
3.3,90,2,59.24,83.96,71.22,74.12,75.08,83.96,84.0,116.0,132.0,65.12
3.3,120,0,57.63,83.83,62.26,64.94,79.7,83.83,83.0,113.0,137.0,65.81
3.3,120,1,56.02,82.8,71.82,77.26,82.47,82.8,83.0,115.0,131.0,65.93
3.3,120,2,61.25,80.55,60.22,58.15,64.38,80.55,82.0,116.0,137.0,67.27
3.3,180,0,52.47,78.37,63.23,72.07,84.29,78.37,78.0,115.0,134.0,70.89
3.3,180,1,55.22,78.18,64.65,71.93,74.9,78.18,79.0,116.0,133.0,70.04
3.3,180,2,61.37,78.39,67.99,71.28,55.38,78.39,80.0,119.0,132.0,69.63
3.3,240,0,57.76,75.9,65.89,73.03,60.94,75.9,77.0,119.0,132.0,72.57
3.3,240,1,54.8,84.69,63.82,68.67,89.99,84.69,84.0,112.0,137.0,64.69
3.3,240,2,58.88,77.82,68.33,74.55,62.06,77.82,79.0,119.0,131.0,70.62
3.3,300,0,59.54,70.17,65.74,77.06,38.64,70.17,73.0,122.0,129.0,77.19
3.3,300,1,56.14,75.3,57.69,62.08,64.91,75.3,76.0,116.0,136.0,73.1
3.3,300,2,58.74,73.03,61.83,66.11,49.9,73.03,75.0,120.0,133.0,74.74
3.3,360,0,55.86,79.78,66.57,73.02,76.46,79.78,80.0,115.0,133.0,68.89
3.3,360,1,56.85,74.2,59.5,64.22,59.62,74.2,76.0,117.0,135.0,73.23
3.3,360,2,60.03,73.02,59.36,58.2,47.71,73.02,75.0,120.0,135.0,74.79
3.3,480,0,58.99,70.95,59.17,60.13,43.0,70.95,72.0,120.0,133.0,77.67
3.3,480,1,51.31,74.68,65.11,77.28,79.81,74.68,75.0,117.0,130.0,74.18
3.3,480,2,58.21,76.95,56.75,57.5,66.95,76.95,77.0,117.0,138.0,72.43
3.4,0,0,92.71,148.17,131.32,80.43,95.45,148.17,146.0,105.0,131.0,2.45
3.4,0,1,94.32,151.31,127.76,77.18,96.05,151.31,148.0,104.0,135.0,3.0
3.4,0,2,88.05,146.86,133.47,82.71,102.1,146.86,144.0,106.0,129.0,5.39
3.4,1,0,90.35,137.97,110.44,72.26,88.02,137.97,136.0,106.0,137.0,13.15
3.4,1,1,88.42,136.69,111.49,73.93,90.06,136.69,135.0,106.0,136.0,13.75
3.4,1,2,83.24,137.17,117.78,78.77,100.25,137.17,135.0,105.0,133.0,13.08
3.4,2,0,76.3,127.15,101.78,74.61,101.98,127.15,125.0,105.0,137.0,23.56
3.4,2,1,79.56,128.74,108.25,77.07,97.4,128.74,127.0,107.0,134.0,21.31
3.4,2,2,78.73,127.99,111.12,79.28,98.13,127.99,126.0,108.0,131.0,22.38
3.4,5,0,78.41,115.41,99.81,76.93,81.74,115.41,116.0,111.0,133.0,32.77
3.4,5,1,76.68,113.58,96.84,75.96,82.84,113.58,114.0,111.0,133.0,34.73
3.4,5,2,73.77,109.15,93.7,76.48,82.64,109.15,110.0,111.0,133.0,38.65
3.4,10,0,69.46,104.39,92.44,79.29,85.33,104.39,105.0,113.0,131.0,43.94
3.4,10,1,70.18,106.67,91.35,76.98,87.24,106.67,107.0,111.0,132.0,41.59
3.4,10,2,69.61,105.45,87.39,74.46,86.67,105.45,105.0,111.0,134.0,43.61
3.4,15,0,72.02,100.67,80.0,67.97,72.56,100.67,101.0,113.0,136.0,48.02
3.4,15,1,68.54,103.71,83.03,71.96,86.46,103.71,103.0,111.0,135.0,45.64
3.4,15,2,69.4,100.4,80.46,70.31,78.73,100.4,101.0,112.0,136.0,47.84
3.4,30,0,66.16,87.1,74.76,71.92,61.3,87.1,89.0,117.0,133.0,60.42
3.4,30,1,67.86,92.35,75.73,69.25,67.64,92.35,94.0,115.0,135.0,55.19
3.4,30,2,65.97,91.1,76.68,72.37,70.35,91.1,92.0,115.0,133.0,57.08
3.4,45,0,64.84,85.26,73.2,71.88,61.08,85.26,87.0,117.0,132.0,62.37
3.4,45,1,61.93,82.69,70.32,71.72,64.0,82.69,84.0,117.0,132.0,65.31
3.4,45,2,67.58,88.6,69.11,61.84,60.51,88.6,90.0,116.0,137.0,59.44
3.4,60,0,57.11,84.62,75.45,79.56,82.9,84.62,85.0,116.0,130.0,64.16
3.4,60,1,61.17,88.87,71.82,71.14,79.49,88.87,89.0,114.0,135.0,59.92
3.4,60,2,63.14,80.94,73.58,77.16,56.09,80.94,83.0,119.0,130.0,66.74
3.4,90,0,59.25,84.33,65.35,66.92,75.84,84.33,85.0,114.0,136.0,63.91
3.4,90,1,60.79,82.8,67.33,68.53,67.79,82.8,83.0,116.0,134.0,66.13
3.4,90,2,61.47,80.94,65.85,66.37,61.35,80.94,82.0,117.0,134.0,67.3
3.4,120,0,64.12,82.82,63.59,58.84,59.21,82.82,84.0,116.0,137.0,65.31
3.4,120,1,61.01,77.44,62.32,62.03,54.1,77.44,79.0,119.0,135.0,70.68
3.4,120,2,62.41,74.56,68.65,75.0,41.55,74.56,77.0,122.0,130.0,73.27
3.4,180,0,57.33,76.37,64.63,71.11,63.59,76.37,77.0,118.0,133.0,72.37
3.4,180,1,59.83,74.53,65.56,71.29,50.29,74.53,77.0,120.0,131.0,72.79
3.4,180,2,58.43,73.24,62.89,68.66,51.57,73.24,75.0,119.0,133.0,74.53
3.4,240,0,61.45,80.32,63.97,63.65,59.93,80.32,82.0,116.0,136.0,67.2
3.4,240,1,53.73,76.77,64.37,73.44,76.52,76.77,77.0,116.0,132.0,72.01
3.4,240,2,59.48,77.65,62.9,65.29,59.67,77.65,79.0,117.0,135.0,70.28
3.4,300,0,56.52,72.23,54.97,57.0,60.93,72.23,73.0,118.0,137.0,76.46
3.4,300,1,57.75,74.61,62.34,67.78,57.62,74.61,76.0,118.0,133.0,73.36
3.4,300,2,52.72,75.99,66.83,77.75,78.08,75.99,76.0,117.0,131.0,73.17
3.4,360,0,56.53,72.91,60.71,67.27,57.3,72.91,74.0,119.0,133.0,75.51
3.4,360,1,62.39,70.03,60.39,53.47,35.1,70.03,73.0,122.0,133.0,77.14
3.4,360,2,53.9,71.46,59.63,69.41,62.67,71.46,72.0,118.0,133.0,77.29
3.4,480,0,59.69,77.09,59.81,59.88,57.55,77.09,78.0,117.0,136.0,71.31
3.4,480,1,54.52,79.16,57.19,62.9,79.39,79.16,79.0,113.0,138.0,69.84
3.4,480,2,53.93,66.36,62.66,80.61,47.75,66.36,68.0,122.0,129.0,82.05
3.5,0,0,94.9,158.25,127.83,75.17,102.08,158.25,154.0,100.0,138.0,9.38
3.5,0,1,96.37,151.21,134.42,80.36,92.47,151.21,149.0,106.0,131.0,2.45
3.5,0,2,87.06,155.4,134.36,80.31,112.15,155.4,151.0,101.0,132.0,4.24
3.5,1,0,83.83,135.36,113.41,76.79,97.08,135.36,133.0,105.0,134.0,15.17
3.5,1,1,82.21,132.04,110.15,76.4,96.23,132.04,131.0,106.0,135.0,17.38
3.5,1,2,86.53,137.0,113.61,75.67,93.94,137.0,135.0,105.0,135.0,13.38
3.5,2,0,80.98,123.88,108.58,78.86,88.31,123.88,123.0,109.0,132.0,25.5
3.5,2,1,78.05,122.03,110.76,81.85,91.89,122.03,122.0,110.0,130.0,26.76
3.5,2,2,79.75,130.75,107.74,76.04,99.47,130.75,128.0,106.0,135.0,20.32
3.5,5,0,71.31,115.61,97.67,77.42,97.7,115.61,115.0,108.0,133.0,33.26
3.5,5,1,76.27,115.5,93.82,73.01,86.6,115.5,115.0,109.0,136.0,33.62
3.5,5,2,73.71,111.41,91.9,74.06,86.29,111.41,111.0,110.0,135.0,37.6
3.5,10,0,69.07,106.71,87.94,74.62,89.94,106.71,106.0,110.0,135.0,42.53
3.5,10,1,65.82,98.03,92.22,84.11,83.78,98.03,99.0,115.0,128.0,50.38
3.5,10,2,69.59,100.76,86.4,75.76,78.88,100.76,101.0,113.0,132.0,47.85
3.5,15,0,63.17,102.03,81.47,73.71,97.13,102.03,102.0,109.0,135.0,46.37
3.5,15,1,71.7,97.92,86.93,77.0,68.27,97.92,99.0,116.0,131.0,50.46
3.5,15,2,68.37,100.32,84.8,75.01,81.22,100.32,101.0,112.0,133.0,47.69
3.5,30,0,66.03,91.3,74.99,70.24,70.59,91.3,92.0,115.0,135.0,57.15
3.5,30,1,69.91,87.54,75.7,69.47,51.36,87.54,90.0,118.0,133.0,59.67
3.5,30,2,64.21,91.47,74.4,70.82,76.0,91.47,92.0,114.0,135.0,56.96
3.5,45,0,63.35,85.92,67.39,65.01,66.99,85.92,86.0,115.0,136.0,63.1
3.5,45,1,62.43,83.13,66.93,66.15,63.48,83.13,85.0,116.0,135.0,64.2
3.5,45,2,62.81,87.89,73.72,72.64,72.75,87.89,88.0,115.0,133.0,61.01
3.5,60,0,62.97,78.15,65.75,65.14,49.53,78.15,80.0,119.0,133.0,69.64
3.5,60,1,67.19,80.8,71.67,69.48,42.97,80.8,83.0,121.0,131.0,67.19
3.5,60,2,59.2,84.18,67.93,70.09,75.66,84.18,85.0,115.0,135.0,64.02
3.5,90,0,61.49,81.17,65.53,65.8,61.82,81.17,83.0,117.0,135.0,66.36
3.5,90,1,56.65,81.56,63.24,67.56,77.87,81.56,82.0,114.0,136.0,66.87
3.5,90,2,61.09,88.64,70.93,70.32,79.26,88.64,89.0,113.0,135.0,59.76
3.5,120,0,61.02,78.45,59.16,56.79,62.7,78.45,80.0,117.0,137.0,69.41
3.5,120,1,54.9,82.55,62.6,67.98,85.42,82.55,82.0,113.0,136.0,66.73
3.5,120,2,56.77,78.21,61.79,66.65,69.91,78.21,79.0,115.0,135.0,69.94
3.5,180,0,53.98,75.92,59.86,67.67,73.7,75.92,76.0,116.0,135.0,73.05
3.5,180,1,55.44,73.73,64.11,73.8,63.27,73.73,75.0,119.0,131.0,74.53
3.5,180,2,56.96,75.54,64.33,71.5,62.71,75.54,77.0,118.0,132.0,72.37
3.5,240,0,56.46,73.55,62.38,70.01,59.26,73.55,75.0,118.0,133.0,74.34
3.5,240,1,58.89,73.95,61.22,64.27,51.92,73.95,75.0,120.0,133.0,74.74
3.5,240,2,54.54,71.81,63.28,74.77,61.31,71.81,73.0,119.0,131.0,76.49
3.5,300,0,57.66,74.54,60.69,65.02,57.73,74.54,76.0,118.0,134.0,73.38
3.5,300,1,56.47,75.26,62.65,69.48,63.68,75.26,77.0,118.0,133.0,72.37
3.5,300,2,59.06,72.87,64.01,70.35,48.31,72.87,75.0,121.0,131.0,74.96
3.5,360,0,56.58,74.13,59.82,65.17,60.36,74.13,76.0,117.0,135.0,73.23
3.5,360,1,56.64,70.02,61.08,69.56,48.74,70.02,72.0,120.0,132.0,77.67
3.5,360,2,64.43,71.11,59.19,46.54,42.74,71.11,75.0,122.0,134.0,75.21
3.5,480,0,53.93,69.38,62.33,75.88,56.81,69.38,71.0,120.0,130.0,78.67
3.5,480,1,53.24,69.43,52.93,59.1,60.59,69.43,70.0,118.0,136.0,79.35
3.5,480,2,52.99,65.72,59.59,75.12,49.4,65.72,67.0,121.0,130.0,82.79
3.6,0,0,100.4,149.9,127.0,75.7,84.21,149.9,147.0,106.0,135.0,3.74
3.6,0,1,94.7,148.82,135.9,82.38,92.73,148.82,146.0,107.0,129.0,4.69
3.6,0,2,91.15,149.1,131.47,80.42,99.11,149.1,147.0,105.0,132.0,1.41
3.6,1,0,86.01,132.29,113.8,77.58,89.21,132.29,131.0,108.0,133.0,17.49
3.6,1,1,83.14,129.16,116.48,81.28,90.85,129.16,129.0,109.0,130.0,19.75
3.6,1,2,78.38,131.64,117.57,81.62,103.18,131.64,130.0,107.0,130.0,18.36
3.6,2,0,80.55,125.82,106.82,76.98,91.73,125.82,124.0,108.0,134.0,24.41
3.6,2,1,83.16,126.82,108.35,76.88,87.8,126.82,126.0,109.0,133.0,22.58
3.6,2,2,82.43,126.3,105.69,75.49,88.57,126.3,126.0,108.0,135.0,22.56
3.6,5,0,69.67,112.34,96.63,78.51,96.86,112.34,112.0,109.0,132.0,36.35
3.6,5,1,76.98,108.27,92.27,74.25,73.71,108.27,109.0,112.0,133.0,39.82
3.6,5,2,75.08,110.87,89.34,71.55,82.31,110.87,111.0,111.0,136.0,37.87
3.6,10,0,70.56,96.2,83.51,74.74,67.98,96.2,98.0,115.0,132.0,51.2
3.6,10,1,73.49,107.23,82.7,67.81,80.25,107.23,107.0,110.0,138.0,41.87
3.6,10,2,68.44,101.89,91.69,80.41,83.7,101.89,102.0,113.0,130.0,46.91
3.6,15,0,65.67,95.36,86.39,80.48,79.38,95.36,96.0,115.0,130.0,53.19
3.6,15,1,66.03,98.95,77.31,69.89,84.85,98.95,99.0,111.0,136.0,49.66
3.6,15,2,66.64,91.81,78.57,73.81,69.91,91.81,93.0,116.0,132.0,56.29
3.6,30,0,66.22,89.12,73.81,69.55,65.51,89.12,91.0,116.0,134.0,58.28
3.6,30,1,61.46,88.6,75.67,75.29,78.12,88.6,89.0,114.0,132.0,59.84
3.6,30,2,66.65,81.39,72.27,71.04,46.17,81.39,84.0,120.0,131.0,65.98
3.6,45,0,62.43,85.14,72.43,72.8,68.03,85.14,87.0,116.0,133.0,62.18
3.6,45,1,62.75,84.53,69.64,69.1,65.68,84.53,86.0,116.0,134.0,63.18
3.6,45,2,61.22,88.89,69.02,68.09,79.38,88.89,89.0,113.0,136.0,59.82
3.6,60,0,60.63,83.52,73.61,76.59,69.88,83.52,85.0,117.0,131.0,64.34
3.6,60,1,59.92,85.85,72.63,74.29,77.02,85.85,86.0,115.0,132.0,62.97
3.6,60,2,60.63,82.34,67.94,69.72,67.23,82.34,83.0,116.0,134.0,66.13
3.6,90,0,58.6,82.37,66.69,69.82,73.58,82.37,83.0,115.0,134.0,65.95
3.6,90,1,60.08,76.43,63.09,65.17,54.57,76.43,78.0,118.0,134.0,71.41
3.6,90,2,65.8,79.27,63.67,55.6,50.18,79.27,82.0,119.0,136.0,67.8
3.6,120,0,62.73,78.62,65.85,65.52,51.53,78.62,80.0,119.0,133.0,69.64
3.6,120,1,58.02,76.82,63.6,68.53,62.39,76.82,78.0,118.0,133.0,71.39
3.6,120,2,54.29,77.51,65.0,73.43,76.39,77.51,78.0,116.0,132.0,71.02
3.6,180,0,62.8,75.44,54.71,48.02,70.08,75.44,77.0,118.0,139.0,72.7
3.6,180,1,56.97,83.4,64.31,67.95,80.82,83.4,83.0,113.0,136.0,65.74
3.6,180,2,54.82,76.96,59.48,65.96,73.36,76.96,77.0,116.0,135.0,72.07
3.6,240,0,52.43,72.48,60.45,71.6,70.54,72.48,73.0,117.0,133.0,76.12
3.6,240,1,50.87,70.07,60.2,74.16,69.87,70.07,71.0,118.0,132.0,78.26
3.6,240,2,55.26,74.71,56.53,61.6,66.36,74.71,75.0,116.0,137.0,74.15
3.6,300,0,58.08,68.77,63.99,76.15,39.64,68.77,71.0,123.0,130.0,79.33
3.6,300,1,50.79,69.05,60.31,75.23,67.42,69.05,70.0,118.0,131.0,79.25
3.6,300,2,60.93,73.27,60.75,59.23,43.57,73.27,75.0,120.0,134.0,74.76
3.6,360,0,55.57,68.33,56.74,62.4,47.6,68.33,70.0,120.0,134.0,79.65
3.6,360,1,51.88,67.57,59.42,73.99,59.2,67.57,69.0,120.0,131.0,80.61
3.6,360,2,52.15,72.37,54.3,62.85,71.23,72.37,73.0,116.0,136.0,76.06
3.6,480,0,55.79,68.59,61.18,72.22,47.58,68.59,70.0,121.0,131.0,79.84
3.6,480,1,55.87,73.76,54.69,57.82,65.93,73.76,74.0,116.0,137.0,75.13
3.6,480,2,55.07,67.11,55.71,61.27,45.76,67.11,69.0,121.0,134.0,80.83
3.7,0,0,91.21,148.82,128.35,78.9,98.71,148.82,146.0,104.0,133.0,2.24
3.7,0,1,87.76,143.98,128.83,81.46,99.57,143.98,141.0,106.0,130.0,7.55
3.7,0,2,93.88,146.2,127.9,79.06,91.26,146.2,144.0,106.0,133.0,4.58
3.7,1,0,88.91,130.62,115.84,78.93,81.43,130.62,130.0,110.0,131.0,19.0
3.7,1,1,85.46,134.51,110.31,74.78,92.99,134.51,133.0,106.0,136.0,15.65
3.7,1,2,82.84,127.67,122.21,85.87,89.54,127.67,128.0,111.0,126.0,22.02
3.7,2,0,74.57,120.27,103.31,78.42,96.89,120.27,119.0,108.0,132.0,29.27
3.7,2,1,74.87,127.47,113.69,81.69,105.23,127.47,126.0,107.0,130.0,22.29
3.7,2,2,77.93,119.45,99.72,75.32,88.64,119.45,119.0,109.0,134.0,29.5
3.7,5,0,72.59,109.3,92.27,75.66,85.65,109.3,109.0,111.0,133.0,39.64
3.7,5,1,73.99,111.44,95.19,76.56,85.69,111.44,111.0,111.0,133.0,37.67
3.7,5,2,72.38,106.95,96.22,80.24,82.43,106.95,107.0,113.0,130.0,42.02
3.7,10,0,69.04,103.5,87.86,75.96,84.89,103.5,104.0,112.0,133.0,44.73
3.7,10,1,64.74,96.53,83.22,77.01,83.97,96.53,97.0,113.0,132.0,51.79
3.7,10,2,65.84,103.1,86.54,76.25,92.16,103.1,103.0,110.0,133.0,45.41
3.7,15,0,70.01,97.02,81.48,72.33,70.99,97.02,99.0,114.0,134.0,50.05
3.7,15,1,70.31,97.24,81.06,71.57,70.61,97.24,99.0,114.0,134.0,50.05
3.7,15,2,71.16,96.18,79.94,70.14,66.34,96.18,98.0,115.0,135.0,51.28
3.7,30,0,60.75,90.41,77.58,76.6,83.66,90.41,91.0,113.0,132.0,57.71
3.7,30,1,63.11,92.22,67.96,64.64,80.5,92.22,92.0,112.0,139.0,57.0
3.7,30,2,63.1,88.18,71.69,69.89,72.54,88.18,89.0,114.0,135.0,59.92
3.7,45,0,68.67,84.29,69.11,60.52,47.26,84.29,87.0,118.0,135.0,62.66
3.7,45,1,61.59,78.48,68.05,71.09,54.86,78.48,80.0,119.0,132.0,69.63
3.7,45,2,64.46,82.6,67.85,65.23,55.98,82.6,84.0,117.0,135.0,65.38
3.7,60,0,64.32,86.05,69.61,66.93,64.4,86.05,88.0,116.0,135.0,61.26
3.7,60,1,59.02,81.31,65.64,68.53,69.89,81.31,82.0,115.0,135.0,66.98
3.7,60,2,57.4,78.89,66.2,71.88,69.46,78.89,80.0,116.0,133.0,69.06
3.7,90,0,55.85,74.2,65.81,75.86,63.08,74.2,76.0,118.0,131.0,73.36
3.7,90,1,59.65,83.99,63.14,63.94,73.89,83.99,84.0,114.0,137.0,64.97
3.7,90,2,59.84,79.83,64.39,66.46,63.86,79.83,81.0,117.0,134.0,68.28
3.7,120,0,60.26,79.21,64.27,65.98,60.99,79.21,81.0,117.0,134.0,68.28
3.7,120,1,57.26,75.81,59.18,62.76,62.39,75.81,77.0,117.0,135.0,72.24
3.7,120,2,55.61,75.02,59.91,66.28,65.96,75.02,76.0,116.0,135.0,73.05
3.7,180,0,58.18,77.92,58.19,59.69,64.6,77.92,78.0,116.0,137.0,71.2
3.7,180,1,57.71,71.22,60.0,64.73,48.39,71.22,73.0,119.0,133.0,76.49
3.7,180,2,54.79,76.13,58.88,65.39,71.49,76.13,77.0,115.0,136.0,71.96
3.7,240,0,59.14,71.96,57.45,56.19,51.39,71.96,73.0,120.0,135.0,76.75
3.7,240,1,52.35,73.45,62.09,73.43,73.26,73.45,74.0,117.0,132.0,75.13
3.7,240,2,56.93,79.41,63.69,68.64,72.19,79.41,80.0,115.0,135.0,68.95
3.7,300,0,54.65,70.57,59.73,69.18,57.52,70.57,72.0,118.0,133.0,77.29
3.7,300,1,53.06,75.02,59.4,68.28,74.65,75.02,76.0,116.0,135.0,73.05
3.7,300,2,56.34,73.58,63.49,72.03,59.75,73.58,75.0,118.0,132.0,74.33
3.7,360,0,55.67,70.28,62.01,72.6,53.01,70.28,72.0,120.0,131.0,77.67
3.7,360,1,58.06,69.66,57.5,58.28,44.52,69.66,71.0,121.0,134.0,78.88
3.7,360,2,55.75,71.71,53.41,55.86,65.06,71.71,72.0,117.0,137.0,77.27
3.7,480,0,49.93,66.64,53.36,65.8,63.95,66.64,67.0,118.0,134.0,82.23
3.7,480,1,52.62,71.2,55.75,64.69,66.54,71.2,72.0,117.0,135.0,77.16
3.7,480,2,55.14,65.63,54.87,58.91,41.79,65.63,67.0,122.0,133.0,82.98
3.8,0,0,93.76,152.78,129.83,77.9,98.51,152.78,149.0,103.0,134.0,2.45
3.8,0,1,92.48,157.6,131.95,77.75,105.35,157.6,153.0,101.0,135.0,6.56
3.8,0,2,89.92,150.48,132.28,80.53,102.62,150.48,147.0,104.0,131.0,1.41
3.8,1,0,82.88,131.99,110.13,76.22,94.88,131.99,130.0,106.0,134.0,18.22
3.8,1,1,80.44,131.63,113.96,79.2,99.17,131.63,130.0,106.0,132.0,18.11
3.8,1,2,81.63,131.55,114.64,79.4,96.77,131.55,130.0,107.0,132.0,18.25
3.8,2,0,81.74,122.5,107.05,78.19,84.84,122.5,122.0,110.0,132.0,26.68
3.8,2,1,77.45,124.51,106.98,78.39,96.39,124.51,123.0,108.0,133.0,25.34
3.8,2,2,81.67,124.93,107.62,77.56,88.31,124.93,124.0,109.0,133.0,24.54
3.8,5,0,72.65,110.17,96.65,78.75,86.83,110.17,111.0,111.0,131.0,37.67
3.8,5,1,70.99,107.55,94.01,78.45,86.67,107.55,108.0,111.0,131.0,40.62
3.8,5,2,74.19,106.96,93.24,77.01,78.12,106.96,107.0,113.0,132.0,41.98
3.8,10,0,68.31,93.28,83.99,78.4,68.26,93.28,95.0,117.0,131.0,54.58
3.8,10,1,68.12,99.45,88.9,79.46,80.33,99.45,101.0,114.0,131.0,48.06
3.8,10,2,64.94,97.45,76.81,70.56,85.06,97.45,97.0,111.0,136.0,51.63
3.8,15,0,64.84,93.71,78.46,73.74,78.55,93.71,94.0,114.0,133.0,54.93
3.8,15,1,69.61,97.48,80.22,71.03,72.91,97.48,98.0,113.0,134.0,50.84
3.8,15,2,65.18,97.98,79.93,73.09,85.37,97.98,98.0,112.0,135.0,50.72
3.8,30,0,60.38,82.21,71.68,75.11,67.73,82.21,84.0,117.0,132.0,65.31
3.8,30,1,65.1,94.19,73.19,67.96,78.77,94.19,95.0,112.0,137.0,53.83
3.8,30,2,60.54,83.8,74.66,77.77,70.8,83.8,85.0,117.0,130.0,64.36
3.8,45,0,55.8,85.21,71.93,76.03,88.03,85.21,85.0,114.0,133.0,63.8
3.8,45,1,62.4,82.9,71.17,72.43,63.06,82.9,84.0,118.0,132.0,65.51
3.8,45,2,61.6,81.22,75.03,80.08,61.6,81.22,83.0,119.0,129.0,66.78
3.8,60,0,58.92,83.44,59.96,60.93,74.96,83.44,83.0,113.0,139.0,65.99
3.8,60,1,63.8,85.52,67.3,64.48,64.77,85.52,86.0,115.0,136.0,63.1
3.8,60,2,61.65,82.79,65.28,64.8,65.13,82.79,83.0,116.0,135.0,66.17
3.8,90,0,60.19,75.58,62.51,64.16,51.94,75.58,77.0,119.0,134.0,72.59
3.8,90,1,61.93,80.93,62.21,60.12,59.88,80.93,82.0,116.0,136.0,67.2
3.8,90,2,56.35,76.07,66.53,75.07,66.13,76.07,77.0,118.0,131.0,72.37
3.8,120,0,54.64,77.09,64.73,73.08,74.28,77.09,78.0,116.0,133.0,71.03
3.8,120,1,57.37,79.05,61.58,65.45,69.94,79.05,80.0,115.0,136.0,69.0
3.8,120,2,56.99,73.09,65.54,75.51,56.16,73.09,75.0,120.0,130.0,74.76
3.8,180,0,54.18,74.56,59.94,68.1,69.68,74.56,75.0,117.0,135.0,74.21
3.8,180,1,53.32,71.68,64.31,77.52,65.3,71.68,73.0,119.0,130.0,76.51
3.8,180,2,57.09,70.48,61.07,68.55,48.45,70.48,72.0,120.0,132.0,77.67
3.8,240,0,55.31,82.27,59.53,64.33,83.56,82.27,82.0,112.0,138.0,66.75
3.8,240,1,54.61,76.16,53.15,57.78,77.06,76.16,76.0,115.0,139.0,73.17
3.8,240,2,56.03,77.89,58.32,62.79,71.56,77.89,78.0,116.0,137.0,71.2
3.8,300,0,50.02,69.57,61.97,77.9,71.65,69.57,70.0,119.0,130.0,79.45
3.8,300,1,56.35,68.24,55.55,57.79,47.41,68.24,70.0,120.0,134.0,79.65
3.8,300,2,53.54,71.84,61.62,72.84,64.95,71.84,73.0,118.0,132.0,76.3
3.8,360,0,57.97,71.24,52.79,51.29,66.03,71.24,73.0,118.0,138.0,76.53
3.8,360,1,50.83,71.47,52.75,62.44,73.64,71.47,71.0,115.0,137.0,77.94
3.8,360,2,54.14,70.79,53.38,58.36,62.72,70.79,71.0,117.0,136.0,78.19
3.8,480,0,51.15,68.3,57.1,70.02,64.02,68.3,69.0,119.0,133.0,80.42
3.8,480,1,57.41,70.4,55.81,56.4,52.85,70.4,72.0,119.0,135.0,77.52
3.8,480,2,51.99,65.37,54.06,64.29,52.2,65.37,66.0,120.0,133.0,83.55
3.9,0,0,93.23,152.01,125.7,76.15,98.6,152.01,149.0,102.0,136.0,4.58
3.9,0,1,89.64,154.61,132.24,79.23,107.15,154.61,150.0,102.0,133.0,3.0
3.9,0,2,87.75,158.07,131.91,78.4,113.44,158.07,153.0,99.0,135.0,7.68
3.9,1,0,84.28,132.84,112.95,77.28,93.21,132.84,131.0,107.0,134.0,17.38
3.9,1,1,80.94,138.0,117.06,78.55,105.43,138.0,136.0,104.0,133.0,12.04
3.9,1,2,85.59,133.37,111.04,75.56,91.35,133.37,132.0,107.0,135.0,16.55
3.9,2,0,82.62,119.65,106.13,78.61,78.91,119.65,120.0,112.0,131.0,29.14
3.9,2,1,73.87,116.05,106.23,82.55,92.69,116.05,116.0,111.0,129.0,32.89
3.9,2,2,76.36,116.21,106.9,82.53,87.44,116.21,117.0,112.0,129.0,32.16
3.9,5,0,78.94,112.79,91.94,71.13,76.54,112.79,113.0,111.0,136.0,35.92
3.9,5,1,72.6,111.29,96.08,77.77,88.64,111.29,111.0,111.0,132.0,37.66
3.9,5,2,71.55,108.73,93.62,77.38,87.2,108.73,109.0,111.0,132.0,39.62
3.9,10,0,69.85,98.64,83.47,73.78,74.43,98.64,99.0,114.0,133.0,50.02
3.9,10,1,72.32,102.67,85.26,72.38,75.36,102.67,103.0,113.0,134.0,45.93
3.9,10,2,73.34,97.88,88.69,78.33,63.93,97.88,100.0,117.0,130.0,49.77
3.9,15,0,67.5,103.8,75.57,66.3,89.19,103.8,103.0,108.0,140.0,45.88
3.9,15,1,63.8,95.24,80.34,75.36,84.18,95.24,96.0,113.0,133.0,52.78
3.9,15,2,71.72,91.98,81.86,74.6,56.17,91.98,94.0,118.0,131.0,55.79
3.9,30,0,65.9,88.56,69.27,64.1,65.25,88.56,89.0,115.0,136.0,60.15
3.9,30,1,66.64,90.13,73.95,68.96,66.48,90.13,92.0,115.0,135.0,57.15
3.9,30,2,63.03,87.13,71.92,70.67,70.53,87.13,88.0,115.0,134.0,61.03
3.9,45,0,62.6,82.75,66.1,64.85,62.1,82.75,84.0,116.0,135.0,65.18
3.9,45,1,57.53,80.41,69.31,75.03,72.54,80.41,82.0,116.0,132.0,67.08
3.9,45,2,60.6,83.31,70.15,72.21,69.51,83.31,84.0,116.0,133.0,65.12
3.9,60,0,57.69,84.63,65.59,68.42,81.2,84.63,85.0,113.0,136.0,63.77
3.9,60,1,58.27,81.68,60.89,63.01,73.1,81.68,82.0,114.0,138.0,67.02
3.9,60,2,57.2,83.18,61.18,64.25,79.66,83.18,83.0,113.0,138.0,65.89
3.9,90,0,61.51,81.69,62.44,61.04,63.0,81.69,82.0,116.0,137.0,67.27
3.9,90,1,59.03,80.52,62.14,63.99,68.04,80.52,81.0,116.0,136.0,68.18
3.9,90,2,60.76,75.15,62.11,62.47,48.82,75.15,77.0,119.0,134.0,72.59
3.9,120,0,54.86,76.23,65.2,74.1,71.48,76.23,77.0,117.0,132.0,72.18
3.9,120,1,56.71,71.39,58.48,63.27,52.44,71.39,73.0,119.0,134.0,76.51
3.9,120,2,58.44,80.73,62.91,65.64,70.41,80.73,81.0,115.0,136.0,68.01
3.9,180,0,54.96,75.02,58.71,65.24,68.18,75.02,76.0,116.0,136.0,73.1
3.9,180,1,54.99,69.85,63.66,77.07,54.25,69.85,71.0,120.0,130.0,78.67
3.9,180,2,48.51,75.12,58.04,70.35,90.34,75.12,75.0,114.0,135.0,73.74
3.9,240,0,54.17,76.22,55.83,61.91,73.78,76.22,77.0,115.0,138.0,72.1
3.9,240,1,53.36,70.76,59.21,69.7,62.69,70.76,71.0,119.0,132.0,78.45
3.9,240,2,54.08,66.43,55.37,62.8,47.41,66.43,68.0,120.0,133.0,81.59
3.9,300,0,58.73,70.25,58.28,58.55,43.44,70.25,72.0,120.0,134.0,77.69
3.9,300,1,54.1,68.04,61.96,76.48,52.25,68.04,70.0,121.0,130.0,79.86
3.9,300,2,54.32,68.69,60.22,71.9,53.35,68.69,70.0,120.0,131.0,79.63
3.9,360,0,52.32,67.38,56.16,67.27,56.97,67.38,69.0,119.0,133.0,80.42
3.9,360,1,54.49,69.94,62.4,74.95,56.32,69.94,71.0,120.0,130.0,78.67
3.9,360,2,55.5,62.03,57.11,67.02,26.84,62.03,65.0,123.0,130.0,85.17
3.9,480,0,54.03,68.03,55.7,63.23,52.49,68.03,70.0,119.0,134.0,79.45
3.9,480,1,53.83,67.74,56.8,66.04,52.38,67.74,69.0,119.0,133.0,80.42
3.9,480,2,52.29,65.06,64.03,87.1,50.06,65.06,68.0,122.0,127.0,82.15
4.0,0,0,89.85,151.3,127.51,77.95,103.56,151.3,148.0,102.0,134.0,2.83
4.0,0,1,92.35,148.2,130.67,80.14,96.1,148.2,146.0,105.0,132.0,2.24
4.0,0,2,95.14,152.42,133.71,79.75,95.83,152.42,149.0,105.0,132.0,1.41
4.0,1,0,77.61,136.71,110.06,76.05,110.23,136.71,133.0,102.0,136.0,15.65
4.0,1,1,87.51,134.26,115.37,77.45,88.79,134.26,133.0,107.0,133.0,15.33
4.0,1,2,80.36,131.65,112.23,78.2,99.35,131.65,130.0,106.0,133.0,18.14
4.0,2,0,78.6,120.81,98.59,73.8,89.11,120.81,120.0,108.0,136.0,28.57
4.0,2,1,81.87,121.32,103.25,75.84,82.91,121.32,121.0,110.0,133.0,27.68
4.0,2,2,76.83,122.64,102.03,76.08,95.25,122.64,121.0,107.0,134.0,27.24
4.0,5,0,65.45,109.05,93.54,78.88,101.96,109.05,109.0,109.0,132.0,39.32
4.0,5,1,71.62,104.39,92.25,78.45,80.06,104.39,105.0,113.0,131.0,43.94
4.0,5,2,67.82,104.75,89.73,77.36,89.9,104.75,104.0,111.0,132.0,44.55
4.0,10,0,70.32,97.08,81.67,72.33,70.3,97.08,99.0,114.0,134.0,50.05
4.0,10,1,73.65,99.22,84.04,71.78,65.73,99.22,101.0,115.0,133.0,48.28
4.0,10,2,66.68,96.38,76.46,69.49,78.59,96.38,97.0,112.0,136.0,51.78
4.0,15,0,68.37,94.44,77.78,70.44,70.4,94.44,95.0,115.0,135.0,54.21
4.0,15,1,65.05,95.31,73.66,68.15,80.95,95.31,95.0,112.0,137.0,53.83
4.0,15,2,63.69,89.69,83.63,82.55,73.91,89.69,91.0,117.0,128.0,58.6
4.0,30,0,64.63,78.95,66.79,64.16,46.25,78.95,81.0,120.0,133.0,68.89
4.0,30,1,61.61,84.14,67.36,67.28,68.29,84.14,85.0,115.0,135.0,64.02
4.0,30,2,67.84,86.5,72.76,67.53,55.0,86.5,88.0,117.0,134.0,61.42
4.0,45,0,58.2,83.96,66.7,69.51,78.22,83.96,84.0,115.0,135.0,65.01
4.0,45,1,59.43,83.63,62.95,64.01,73.78,83.63,84.0,114.0,138.0,65.05
4.0,45,2,65.07,82.34,71.68,71.09,53.48,82.34,85.0,119.0,132.0,64.76
4.0,60,0,55.95,76.62,62.12,68.58,68.78,76.62,77.0,117.0,134.0,72.21
4.0,60,1,59.93,79.59,64.22,66.17,62.98,79.59,81.0,117.0,134.0,68.28
4.0,60,2,56.14,75.59,65.46,73.97,65.62,75.59,77.0,118.0,132.0,72.37
4.0,90,0,56.39,74.29,67.43,78.07,61.45,74.29,76.0,119.0,130.0,73.57
4.0,90,1,57.54,80.15,61.19,64.48,71.96,80.15,81.0,115.0,137.0,68.08
4.0,90,2,58.52,76.18,57.69,58.34,61.87,76.18,77.0,117.0,137.0,72.35
4.0,120,0,61.18,74.0,63.23,64.44,44.18,74.0,77.0,120.0,133.0,72.79
4.0,120,1,54.64,73.91,58.39,65.48,66.5,73.91,74.0,117.0,135.0,75.19
4.0,120,2,60.6,75.34,62.1,62.69,49.89,75.34,77.0,119.0,134.0,72.59
4.0,180,0,59.85,75.44,61.03,61.92,52.69,75.44,77.0,118.0,134.0,72.39
4.0,180,1,51.51,69.88,55.72,66.5,67.03,69.88,70.0,118.0,134.0,79.27
4.0,180,2,57.96,72.48,54.56,54.01,63.05,72.48,73.0,118.0,137.0,76.46
4.0,240,0,54.5,65.94,57.14,66.55,44.24,65.94,67.0,122.0,131.0,82.98
4.0,240,1,50.1,72.01,58.44,71.01,77.58,72.01,72.0,116.0,134.0,76.97
4.0,240,2,60.79,72.97,56.03,51.28,59.19,72.97,74.0,120.0,136.0,75.82
4.0,300,0,57.02,65.13,53.39,50.45,45.96,65.13,68.0,122.0,134.0,82.02
4.0,300,1,55.56,62.85,56.17,62.14,29.56,62.85,65.0,123.0,131.0,85.15
4.0,300,2,51.5,69.63,53.05,62.21,66.37,69.63,70.0,117.0,135.0,79.13
4.0,360,0,55.45,68.54,59.7,69.35,48.69,68.54,70.0,121.0,132.0,79.83
4.0,360,1,54.2,66.18,54.76,61.06,46.15,66.18,68.0,120.0,134.0,81.61
4.0,360,2,50.15,69.7,57.27,70.53,71.54,69.7,70.0,117.0,133.0,79.08
4.0,480,0,61.02,65.39,53.56,40.84,46.14,65.39,69.0,124.0,135.0,81.55
4.0,480,1,51.89,67.89,55.5,66.41,60.1,67.89,68.0,119.0,133.0,81.4
4.0,480,2,53.46,70.51,52.51,58.1,65.11,70.51,71.0,117.0,137.0,78.25
4.1,0,0,94.96,152.62,131.96,78.81,96.34,152.62,149.0,104.0,133.0,1.41
4.1,0,1,91.06,158.28,129.55,76.75,108.3,158.28,154.0,100.0,137.0,8.77
4.1,0,2,92.89,148.75,137.36,83.42,95.75,148.75,146.0,107.0,128.0,5.39
4.1,1,0,85.38,128.72,114.77,79.9,85.86,128.72,128.0,110.0,131.0,20.9
4.1,1,1,83.49,129.21,115.51,80.56,90.22,129.21,129.0,109.0,131.0,19.67
4.1,1,2,83.89,131.4,113.11,78.01,92.2,131.4,130.0,107.0,133.0,18.28
4.1,2,0,79.52,121.64,104.32,77.23,88.3,121.64,121.0,110.0,133.0,27.68
4.1,2,1,76.31,126.04,101.0,74.48,100.62,126.04,124.0,105.0,137.0,24.54
4.1,2,2,79.51,120.0,109.43,81.71,86.03,120.0,120.0,112.0,129.0,29.27
4.1,5,0,69.14,104.84,88.34,75.71,86.82,104.84,105.0,111.0,133.0,43.58
4.1,5,1,72.83,102.93,89.82,76.51,74.58,102.93,104.0,114.0,132.0,45.12
4.1,5,2,65.4,107.77,89.75,76.81,100.26,107.77,107.0,109.0,133.0,41.32
4.1,10,0,62.93,100.57,78.3,71.85,95.44,100.57,100.0,109.0,136.0,48.43
4.1,10,1,69.78,95.21,87.03,79.9,68.1,95.21,97.0,117.0,129.0,52.72
4.1,10,2,69.64,94.29,79.48,71.57,66.66,94.29,96.0,115.0,133.0,53.16
4.1,15,0,66.88,91.44,77.0,71.97,68.49,91.44,93.0,115.0,133.0,56.1
4.1,15,1,68.88,89.98,77.79,72.26,59.8,89.98,91.0,117.0,132.0,58.46
4.1,15,2,67.93,94.65,77.03,69.83,72.01,94.65,95.0,114.0,134.0,53.97
4.1,30,0,60.74,79.48,67.36,70.21,60.11,79.48,81.0,118.0,132.0,68.45
4.1,30,1,62.57,84.28,70.76,70.92,65.71,84.28,86.0,116.0,133.0,63.16
4.1,30,2,64.73,81.14,69.82,68.93,51.56,81.14,83.0,119.0,133.0,66.72
4.1,45,0,60.46,78.84,71.35,77.35,59.44,78.84,80.0,119.0,130.0,69.66
4.1,45,1,62.62,81.82,72.44,74.93,59.84,81.82,83.0,118.0,131.0,66.5
4.1,45,2,55.4,80.93,68.16,74.58,80.45,80.93,81.0,116.0,132.0,68.07
4.1,60,0,56.06,79.47,61.53,66.64,75.12,79.47,80.0,114.0,136.0,68.85
4.1,60,1,60.87,81.74,65.66,66.52,65.1,81.74,83.0,116.0,135.0,66.17
4.1,60,2,53.24,75.67,66.54,77.36,75.57,75.67,77.0,117.0,131.0,72.19
4.1,90,0,57.48,67.47,65.79,84.46,37.75,67.47,70.0,123.0,128.0,80.38
4.1,90,1,57.83,73.1,65.04,73.76,53.26,73.1,75.0,120.0,131.0,74.74
4.1,90,2,55.39,73.49,63.13,72.43,62.81,73.49,75.0,118.0,132.0,74.33
4.1,120,0,61.89,78.52,61.37,58.76,55.7,78.52,80.0,118.0,136.0,69.54
4.1,120,1,57.93,76.02,56.52,57.5,65.43,76.02,77.0,116.0,138.0,72.26
4.1,120,2,58.48,71.45,61.24,66.03,46.28,71.45,73.0,121.0,132.0,76.9
4.1,180,0,54.77,72.76,58.42,65.73,63.05,72.76,73.0,118.0,134.0,76.32
4.1,180,1,46.23,71.79,59.99,75.73,90.79,71.79,71.0,115.0,132.0,77.78
4.1,180,2,56.79,70.94,62.99,72.75,50.89,70.94,72.0,120.0,131.0,77.67
4.1,240,0,55.69,71.05,59.8,67.64,55.13,71.05,73.0,119.0,133.0,76.49
4.1,240,1,55.84,67.04,49.35,48.72,67.31,67.04,69.0,119.0,137.0,80.57
4.1,240,2,53.32,72.02,55.6,63.3,66.2,72.02,73.0,116.0,136.0,76.06
4.1,300,0,56.66,69.11,59.53,66.53,45.91,69.11,71.0,121.0,132.0,78.85
4.1,300,1,53.37,70.06,57.18,66.47,60.74,70.06,71.0,118.0,134.0,78.29
4.1,300,2,58.77,63.54,54.29,45.23,37.13,63.54,66.0,124.0,133.0,84.41
4.1,360,0,56.43,72.47,55.62,58.24,59.3,72.47,73.0,118.0,136.0,76.4
4.1,360,1,53.01,70.11,57.51,67.52,62.21,70.11,71.0,118.0,134.0,78.29
4.1,360,2,52.8,68.83,58.44,70.16,59.36,68.83,69.0,119.0,132.0,80.41
4.1,480,0,59.01,68.87,53.92,49.52,55.34,68.87,71.0,121.0,136.0,78.96
4.1,480,1,53.17,68.31,53.44,60.2,56.51,68.31,69.0,119.0,135.0,80.47
4.1,480,2,53.9,63.46,57.68,71.45,38.42,63.46,65.0,122.0,130.0,84.95
4.2,0,0,88.58,149.7,132.29,81.0,104.12,149.7,146.0,104.0,131.0,2.24
4.2,0,1,97.97,149.73,130.0,78.13,88.15,149.73,147.0,106.0,133.0,2.45
4.2,0,2,90.35,155.98,123.56,74.77,107.29,155.98,151.0,100.0,138.0,7.81
4.2,1,0,79.51,138.51,114.6,77.41,108.62,138.51,135.0,103.0,135.0,13.38
4.2,1,1,79.2,130.19,113.03,79.46,99.87,130.19,129.0,107.0,132.0,19.24
4.2,1,2,85.06,135.84,113.99,76.67,95.32,135.84,134.0,106.0,135.0,14.46
4.2,2,0,76.34,122.72,101.49,75.85,96.38,122.72,121.0,107.0,135.0,27.33
4.2,2,1,74.85,115.08,98.89,77.5,89.13,115.08,115.0,110.0,133.0,33.56
4.2,2,2,75.27,116.82,104.53,80.68,90.71,116.82,116.0,111.0,130.0,32.82
4.2,5,0,67.9,96.85,87.41,79.77,76.21,96.85,98.0,115.0,130.0,51.23
4.2,5,1,70.09,104.46,95.1,81.37,83.91,104.46,105.0,114.0,129.0,44.25
4.2,5,2,69.66,108.92,90.48,75.49,91.91,108.92,108.0,110.0,134.0,40.5
4.2,10,0,66.88,93.97,81.27,75.52,73.5,93.97,95.0,115.0,132.0,54.13
4.2,10,1,64.71,96.98,80.74,74.48,84.85,96.98,97.0,113.0,133.0,51.8
4.2,10,2,64.18,99.45,82.73,75.36,90.45,99.45,99.0,111.0,134.0,49.54
4.2,15,0,63.33,91.81,76.47,73.43,79.11,91.81,92.0,114.0,133.0,56.89
4.2,15,1,62.07,91.59,74.86,72.59,82.19,91.59,92.0,113.0,134.0,56.75
4.2,15,2,61.84,86.51,75.65,76.37,72.72,86.51,87.0,116.0,131.0,62.18
4.2,30,0,62.93,81.78,77.32,82.44,58.77,81.78,84.0,119.0,128.0,65.86
4.2,30,1,63.88,87.77,72.14,69.98,69.4,87.77,88.0,115.0,134.0,61.03
4.2,30,2,66.79,81.5,62.07,52.43,60.78,81.5,83.0,118.0,137.0,66.68
4.2,45,0,58.18,81.81,66.76,70.49,73.65,81.81,82.0,116.0,134.0,67.11
4.2,45,1,60.35,84.1,67.45,68.59,72.02,84.1,85.0,115.0,135.0,64.02
4.2,45,2,61.92,77.32,63.02,61.8,50.79,77.32,79.0,119.0,134.0,70.64
4.2,60,0,63.28,78.07,62.24,57.71,51.71,78.07,80.0,119.0,136.0,69.75
4.2,60,1,56.57,75.82,61.98,68.05,64.74,75.82,77.0,117.0,134.0,72.21
4.2,60,2,54.59,73.27,63.53,73.94,65.02,73.27,74.0,118.0,132.0,75.31
4.2,90,0,55.3,78.12,62.23,68.74,74.5,78.12,79.0,115.0,135.0,69.94
4.2,90,1,57.87,72.57,60.99,66.0,51.65,72.57,74.0,119.0,133.0,75.51
4.2,90,2,58.16,76.95,61.07,64.3,62.27,76.95,77.0,118.0,134.0,72.39
4.2,120,0,59.45,72.94,61.99,65.28,47.17,72.94,74.0,120.0,133.0,75.72
4.2,120,1,54.74,67.48,60.42,72.96,48.13,67.48,69.0,121.0,131.0,80.81
4.2,120,2,58.39,74.64,60.88,64.24,55.53,74.64,76.0,118.0,134.0,73.38
4.2,180,0,54.09,68.14,59.08,70.27,52.6,68.14,70.0,120.0,132.0,79.62
4.2,180,1,56.41,68.88,60.76,70.06,46.16,68.88,70.0,121.0,131.0,79.84
4.2,180,2,52.48,68.81,62.34,77.67,60.51,68.81,70.0,120.0,129.0,79.68
4.2,240,0,57.06,68.0,56.91,59.28,41.59,68.0,70.0,121.0,134.0,79.86
4.2,240,1,54.92,60.84,53.33,53.37,31.47,60.84,63.0,124.0,131.0,87.33
4.2,240,2,54.3,68.01,56.79,65.09,51.4,68.01,70.0,119.0,133.0,79.44
4.2,300,0,57.36,67.06,51.9,48.93,57.64,67.06,69.0,120.0,136.0,80.7
4.2,300,1,54.94,67.04,54.61,58.86,47.31,67.04,69.0,119.0,134.0,80.44
4.2,300,2,53.09,74.75,48.35,54.31,90.05,74.75,74.0,114.0,141.0,75.21
4.2,360,0,52.44,67.21,51.99,58.79,57.76,67.21,68.0,118.0,136.0,81.31
4.2,360,1,56.3,69.66,54.19,55.59,56.64,69.66,71.0,120.0,135.0,78.7
4.2,360,2,52.79,66.89,54.02,62.26,53.74,66.89,68.0,119.0,134.0,81.42
4.2,480,0,52.83,65.49,54.01,62.43,49.29,65.49,67.0,120.0,133.0,82.57
4.2,480,1,55.33,62.36,50.1,46.95,50.16,62.36,64.0,123.0,134.0,86.15
4.2,480,2,47.82,68.65,54.0,68.51,77.38,68.65,68.0,116.0,134.0,80.92
4.3,0,0,93.52,146.71,137.35,84.25,92.46,146.71,145.0,108.0,127.0,7.07
4.3,0,1,90.17,151.5,134.56,81.26,103.23,151.5,148.0,104.0,131.0,1.0
4.3,0,2,89.04,149.36,132.54,81.18,102.99,149.36,146.0,104.0,131.0,2.24
4.3,1,0,90.9,130.79,117.24,79.37,77.78,130.79,131.0,111.0,131.0,18.41
4.3,1,1,85.94,130.99,109.46,75.24,87.7,130.99,129.0,108.0,134.0,19.52
4.3,1,2,85.5,125.39,117.23,83.39,81.12,125.39,126.0,112.0,128.0,23.75
4.3,2,0,78.28,111.81,102.02,80.79,76.47,111.81,113.0,114.0,129.0,36.52
4.3,2,1,79.64,119.05,105.18,79.0,84.41,119.05,119.0,111.0,131.0,29.85
4.3,2,2,75.13,115.84,102.82,79.96,89.61,115.84,115.0,111.0,131.0,33.75
4.3,5,0,71.25,104.47,93.51,79.66,81.09,104.47,105.0,113.0,130.0,43.98
4.3,5,1,68.6,106.46,90.04,76.56,90.67,106.46,106.0,111.0,133.0,42.59
4.3,5,2,66.48,101.56,89.87,79.56,88.07,101.56,102.0,113.0,131.0,46.88
4.3,10,0,72.58,97.39,75.51,63.2,64.97,97.39,99.0,113.0,137.0,50.07
4.3,10,1,57.3,97.85,80.4,76.66,105.68,97.85,97.0,109.0,133.0,51.25
4.3,10,2,70.06,93.01,81.74,74.85,62.93,93.01,95.0,117.0,132.0,54.57
4.3,15,0,66.83,89.2,74.68,70.13,63.96,89.2,91.0,115.0,134.0,58.09
4.3,15,1,64.37,92.17,75.91,72.05,76.93,92.17,93.0,114.0,135.0,55.98
4.3,15,2,67.21,89.16,71.97,66.13,62.77,89.16,91.0,115.0,136.0,58.19
4.3,30,0,66.79,81.23,67.3,60.72,45.35,81.23,84.0,119.0,134.0,65.76
4.3,30,1,60.66,83.25,67.84,69.15,69.2,83.25,84.0,115.0,135.0,65.01
4.3,30,2,60.8,82.93,69.53,71.43,68.03,82.93,83.0,117.0,133.0,66.29
4.3,45,0,52.09,84.99,65.13,71.49,98.72,84.99,84.0,112.0,135.0,64.57
4.3,45,1,60.9,75.21,64.16,66.46,48.52,75.21,77.0,119.0,133.0,72.57
4.3,45,2,57.14,83.76,63.81,67.15,81.03,83.76,83.0,113.0,137.0,65.81
4.3,60,0,60.36,75.05,62.04,63.08,49.92,75.05,77.0,119.0,134.0,72.59
4.3,60,1,57.35,80.86,57.73,60.15,74.14,80.86,81.0,113.0,139.0,67.96
4.3,60,2,54.14,71.16,60.14,70.18,61.0,71.16,73.0,119.0,132.0,76.49
4.3,90,0,54.3,69.22,58.47,68.01,54.96,69.22,71.0,119.0,133.0,78.45
4.3,90,1,50.69,71.01,64.28,79.61,72.96,71.01,72.0,118.0,130.0,77.3
4.3,90,2,57.95,74.63,57.67,59.17,57.95,74.63,76.0,117.0,136.0,73.27
4.3,120,0,51.28,68.8,58.83,72.52,64.92,68.8,69.0,119.0,132.0,80.41
4.3,120,1,58.5,74.92,60.85,63.95,55.91,74.92,76.0,118.0,134.0,73.38
4.3,120,2,53.68,72.29,58.0,66.59,65.65,72.29,73.0,117.0,135.0,76.18
4.3,180,0,54.23,76.01,51.53,56.38,82.14,76.01,76.0,114.0,140.0,73.13
4.3,180,1,54.13,73.54,52.42,57.25,73.23,73.54,74.0,116.0,138.0,75.21
4.3,180,2,52.9,68.32,56.15,65.95,57.54,68.32,69.0,119.0,133.0,80.42
4.3,240,0,49.38,70.24,57.47,71.24,75.73,70.24,71.0,116.0,133.0,77.94
4.3,240,1,55.69,65.84,55.73,59.78,39.31,65.84,67.0,122.0,133.0,82.98
4.3,240,2,51.47,67.45,61.93,79.19,60.43,67.45,69.0,120.0,130.0,80.63
4.3,300,0,53.98,63.86,55.06,62.92,39.44,63.86,65.0,122.0,131.0,84.94
4.3,300,1,49.64,63.82,51.39,63.36,56.68,63.82,64.0,119.0,133.0,85.33
4.3,300,2,52.36,70.23,56.25,66.16,64.89,70.23,71.0,118.0,134.0,78.29
4.3,360,0,54.9,63.34,52.16,52.36,44.99,63.34,65.0,122.0,134.0,84.95
4.3,360,1,54.15,64.75,52.95,56.64,46.46,64.75,66.0,121.0,134.0,83.77
4.3,360,2,54.66,65.59,54.47,59.15,43.25,65.59,67.0,120.0,133.0,82.57
4.3,480,0,57.59,64.98,56.27,55.15,34.19,64.98,67.0,123.0,132.0,83.2
4.3,480,1,54.49,61.1,49.43,46.72,48.71,61.1,63.0,123.0,134.0,87.12
4.3,480,2,50.31,62.94,52.46,64.75,51.15,62.94,63.0,120.0,133.0,86.5
4.4,0,0,93.84,154.77,132.92,78.8,100.38,154.77,151.0,103.0,133.0,3.32
4.4,0,1,90.66,144.75,132.21,82.58,95.29,144.75,143.0,107.0,129.0,6.56
4.4,0,2,92.08,151.55,138.32,82.86,100.07,151.55,149.0,106.0,129.0,3.74
4.4,1,0,85.85,131.81,109.14,74.79,88.92,131.81,130.0,107.0,135.0,18.49
4.4,1,1,80.59,129.17,109.7,77.54,95.91,129.17,128.0,107.0,134.0,20.32
4.4,1,2,83.63,130.53,108.76,75.66,91.62,130.53,129.0,107.0,135.0,19.47
4.4,2,0,81.0,119.48,97.3,72.31,82.12,119.48,119.0,110.0,136.0,29.88
4.4,2,1,77.26,120.01,105.41,79.31,90.85,120.01,120.0,109.0,132.0,28.44
4.4,2,2,76.4,121.65,103.05,77.24,94.86,121.65,120.0,108.0,133.0,28.3
4.4,5,0,66.87,100.52,92.51,82.39,85.38,100.52,101.0,114.0,129.0,48.15
4.4,5,1,74.4,105.74,93.63,77.97,75.58,105.74,107.0,114.0,131.0,42.21
4.4,5,2,73.98,106.82,86.41,70.95,78.39,106.82,107.0,111.0,136.0,41.79
4.4,10,0,71.46,96.46,78.79,68.41,66.09,96.46,98.0,114.0,135.0,51.08
4.4,10,1,64.26,95.62,74.93,69.82,83.63,95.62,95.0,112.0,136.0,53.75
4.4,10,2,68.36,91.99,81.06,75.69,65.49,91.99,93.0,117.0,131.0,56.52
4.4,15,0,62.36,88.94,72.93,71.53,76.22,88.94,89.0,114.0,134.0,59.87
4.4,15,1,63.44,95.4,79.36,74.52,85.44,95.4,96.0,112.0,133.0,52.62
4.4,15,2,64.98,89.66,77.73,75.08,70.18,89.66,91.0,116.0,132.0,58.25
4.4,30,0,63.88,79.77,68.03,67.47,50.78,79.77,82.0,119.0,132.0,67.68
4.4,30,1,55.03,85.62,74.46,78.62,91.13,85.62,86.0,114.0,131.0,62.81
4.4,30,2,60.73,75.88,70.09,78.11,50.9,75.88,78.0,121.0,129.0,72.1
4.4,45,0,56.1,76.59,66.74,75.16,68.24,76.59,77.0,118.0,131.0,72.37
4.4,45,1,59.57,77.12,62.91,65.35,58.02,77.12,79.0,117.0,135.0,70.28
4.4,45,2,59.19,77.35,61.54,63.52,59.89,77.35,79.0,117.0,135.0,70.28
4.4,60,0,56.75,77.28,62.18,67.56,67.76,77.28,78.0,117.0,134.0,71.22
4.4,60,1,53.51,79.23,54.5,60.82,82.8,79.23,79.0,112.0,140.0,69.92
4.4,60,2,56.41,74.4,63.16,70.86,61.68,74.4,76.0,118.0,132.0,73.35
4.4,90,0,58.1,76.74,57.89,59.33,62.66,76.74,77.0,117.0,137.0,72.35
4.4,90,1,58.18,73.95,54.89,54.52,65.73,73.95,75.0,118.0,137.0,74.5
4.4,90,2,62.12,69.05,61.28,56.46,28.67,69.05,72.0,123.0,132.0,78.34
4.4,120,0,56.75,72.37,56.85,59.86,55.03,72.37,73.0,118.0,135.0,76.35
4.4,120,1,58.06,66.86,58.14,59.92,33.55,66.86,69.0,122.0,132.0,81.02
4.4,120,2,53.89,69.51,59.62,70.61,57.3,69.51,70.0,120.0,132.0,79.62
4.4,180,0,57.77,68.24,58.57,61.94,39.12,68.24,70.0,121.0,133.0,79.84
4.4,180,1,54.69,66.59,55.46,61.59,45.58,66.59,68.0,120.0,133.0,81.59
4.4,180,2,53.64,67.18,57.52,68.2,51.39,67.18,69.0,120.0,133.0,80.61
4.4,240,0,54.59,63.08,49.96,49.13,53.04,63.08,65.0,121.0,135.0,84.78
4.4,240,1,55.16,65.4,55.82,61.57,39.92,65.4,67.0,122.0,133.0,82.98
4.4,240,2,56.23,64.04,50.68,47.26,53.2,64.04,66.0,122.0,135.0,84.01
4.4,300,0,58.45,67.9,52.72,48.4,57.0,67.9,70.0,121.0,136.0,79.93
4.4,300,1,50.63,65.31,50.41,59.23,58.19,65.31,66.0,118.0,135.0,83.24
4.4,300,2,56.08,64.51,57.26,63.85,33.34,64.51,67.0,123.0,131.0,83.2
4.4,360,0,51.88,62.95,51.99,59.98,44.86,62.95,63.0,121.0,133.0,86.69
4.4,360,1,45.21,65.72,52.76,70.66,79.59,65.72,65.0,116.0,133.0,83.87
4.4,360,2,55.55,60.42,56.76,67.05,20.55,60.42,63.0,125.0,130.0,87.58
4.4,480,0,55.03,68.73,52.09,54.39,61.74,68.73,70.0,119.0,136.0,79.53
4.4,480,1,55.61,60.56,54.38,53.73,26.0,60.56,63.0,125.0,131.0,87.56
4.4,480,2,50.26,60.02,48.87,55.96,47.35,60.02,61.0,121.0,134.0,88.67
4.5,0,0,92.02,148.53,133.13,81.37,97.02,148.53,146.0,106.0,130.0,3.46
4.5,0,1,86.58,144.62,136.12,85.13,102.35,144.62,142.0,107.0,126.0,9.0
4.5,0,2,94.71,147.85,131.99,80.6,91.65,147.85,145.0,107.0,131.0,4.36
4.5,1,0,84.99,130.28,112.07,77.51,88.66,130.28,129.0,108.0,133.0,19.44
4.5,1,1,85.21,126.83,111.72,78.67,83.68,126.83,126.0,110.0,132.0,22.8
4.5,1,2,81.88,128.21,110.46,78.07,92.15,128.21,127.0,108.0,133.0,21.4
4.5,2,0,77.36,118.69,98.8,75.15,88.79,118.69,118.0,109.0,135.0,30.56
4.5,2,1,79.55,115.66,101.29,77.63,79.61,115.66,116.0,112.0,132.0,32.98
4.5,2,2,76.26,119.66,95.59,72.96,92.49,119.66,118.0,107.0,137.0,30.56
4.5,5,0,73.14,102.0,92.12,79.28,72.14,102.0,103.0,116.0,130.0,46.62
4.5,5,1,69.04,103.88,94.2,81.21,85.54,103.88,104.0,114.0,129.0,45.22
4.5,5,2,69.64,107.75,88.57,74.49,90.19,107.75,107.0,110.0,134.0,41.48
4.5,10,0,67.15,94.27,81.76,75.73,73.36,94.27,96.0,115.0,132.0,53.15
4.5,10,1,63.85,91.11,77.3,74.39,76.3,91.11,92.0,114.0,133.0,56.89
4.5,10,2,66.2,93.4,81.34,76.28,74.25,93.4,95.0,115.0,132.0,54.13
4.5,15,0,67.47,86.01,72.26,67.38,54.97,86.01,88.0,117.0,134.0,61.42
4.5,15,1,59.25,95.03,75.38,73.12,96.02,95.03,95.0,110.0,135.0,53.42
4.5,15,2,65.0,84.92,74.46,73.84,59.83,84.92,86.0,118.0,131.0,63.57
4.5,30,0,61.67,80.73,70.78,73.93,60.21,80.73,82.0,118.0,132.0,67.47
4.5,30,1,67.07,78.64,64.49,54.22,45.9,78.64,81.0,121.0,135.0,69.19
4.5,30,2,57.51,86.3,70.68,73.32,85.09,86.3,87.0,113.0,134.0,61.69
4.5,45,0,58.06,77.95,61.73,65.16,65.06,77.95,78.0,117.0,135.0,71.26
4.5,45,1,61.14,76.7,63.4,63.99,51.74,76.7,78.0,119.0,134.0,71.62
4.5,45,2,60.3,77.28,63.47,65.25,56.04,77.28,79.0,118.0,134.0,70.43
4.5,60,0,57.45,77.93,66.99,73.56,67.03,77.93,79.0,117.0,132.0,70.21
4.5,60,1,59.17,77.96,61.45,63.28,61.44,77.96,79.0,117.0,135.0,70.28
4.5,60,2,55.29,77.51,62.56,69.43,73.09,77.51,78.0,116.0,134.0,71.05
4.5,90,0,51.84,71.7,59.15,70.64,70.64,71.7,72.0,117.0,133.0,77.11
4.5,90,1,54.57,77.13,60.84,67.95,74.57,77.13,78.0,115.0,135.0,70.92
4.5,90,2,60.23,73.48,59.64,58.41,48.02,73.48,75.0,120.0,135.0,74.79
4.5,120,0,52.47,70.93,57.77,68.23,66.35,70.93,71.0,118.0,134.0,78.29
4.5,120,1,51.18,69.28,56.76,68.87,66.6,69.28,70.0,118.0,134.0,79.27
4.5,120,2,56.53,72.28,55.99,58.69,57.46,72.28,73.0,118.0,136.0,76.4
4.5,180,0,55.67,68.12,47.06,47.47,78.83,68.12,69.0,118.0,139.0,80.54
4.5,180,1,52.81,71.9,50.62,56.6,75.46,71.9,72.0,115.0,138.0,77.03
4.5,180,2,54.6,73.42,53.39,57.86,69.58,73.42,74.0,116.0,137.0,75.13
4.5,240,0,53.63,63.36,59.26,76.93,39.16,63.36,65.0,123.0,129.0,85.2
4.5,240,1,53.38,67.41,58.44,70.43,53.1,67.41,69.0,120.0,132.0,80.6
4.5,240,2,55.61,64.65,52.44,51.92,48.16,64.65,66.0,122.0,134.0,83.98
4.5,300,0,54.66,64.42,47.12,46.66,68.49,64.42,66.0,120.0,137.0,83.7
4.5,300,1,53.02,61.85,58.32,77.57,36.43,61.85,64.0,124.0,129.0,86.4
4.5,300,2,53.71,63.58,51.37,53.96,48.95,63.58,65.0,121.0,134.0,84.75
4.5,360,0,47.17,62.25,55.83,76.8,61.79,62.25,63.0,120.0,130.0,86.52
4.5,360,1,59.53,67.73,52.5,45.9,57.32,67.73,70.0,121.0,136.0,79.93
4.5,360,2,51.54,62.68,58.96,79.54,45.32,62.68,64.0,123.0,129.0,86.17
4.5,480,0,51.78,70.82,55.96,66.23,68.57,70.82,71.0,117.0,135.0,78.15
4.5,480,1,47.12,62.47,49.77,64.83,62.68,62.47,63.0,119.0,134.0,86.34
4.5,480,2,52.1,64.29,60.77,80.88,48.35,64.29,66.0,122.0,129.0,84.01
4.6,0,0,88.77,151.69,133.85,81.04,105.77,151.69,148.0,103.0,131.0,1.41
4.6,0,1,92.0,151.33,128.87,78.2,99.98,151.33,148.0,103.0,134.0,2.24
4.6,0,2,92.32,152.53,132.98,79.81,100.66,152.53,149.0,104.0,132.0,1.0
4.6,1,0,83.44,132.84,114.04,78.15,94.82,132.84,131.0,107.0,133.0,17.29
4.6,1,1,81.95,125.08,109.43,78.68,87.94,125.08,125.0,109.0,132.0,23.54
4.6,1,2,81.07,129.36,109.8,77.41,95.18,129.36,128.0,107.0,134.0,20.32
4.6,2,0,74.07,114.44,96.46,76.21,89.95,114.44,114.0,110.0,133.0,34.54
4.6,2,1,76.17,113.6,98.41,77.39,84.01,113.6,114.0,111.0,132.0,34.71
4.6,2,2,75.7,114.0,102.55,80.58,85.68,114.0,114.0,112.0,130.0,34.99
4.6,5,0,72.36,101.66,86.47,74.04,73.49,101.66,102.0,114.0,133.0,47.09
4.6,5,1,71.75,101.16,85.43,73.55,74.13,101.16,102.0,113.0,133.0,46.88
4.6,5,2,73.73,105.96,89.59,74.35,77.56,105.96,106.0,112.0,133.0,42.77
4.6,10,0,68.33,87.36,82.56,81.98,55.55,87.36,90.0,120.0,129.0,60.24
4.6,10,1,66.73,96.32,79.66,72.7,78.35,96.32,97.0,113.0,134.0,51.83
4.6,10,2,65.7,92.46,79.6,75.16,73.82,92.46,93.0,115.0,132.0,56.09
4.6,15,0,62.27,90.77,68.99,66.7,80.08,90.77,91.0,112.0,137.0,57.78
4.6,15,1,61.58,94.3,71.87,69.05,88.49,94.3,94.0,110.0,137.0,54.56
4.6,15,2,62.48,85.52,74.76,75.56,68.68,85.52,87.0,117.0,131.0,62.38
4.6,30,0,57.59,80.18,69.41,75.27,71.85,80.18,82.0,116.0,132.0,67.08
4.6,30,1,57.7,83.1,69.33,73.32,77.95,83.1,84.0,115.0,133.0,64.95
4.6,30,2,62.96,81.16,76.59,82.0,57.18,81.16,84.0,119.0,129.0,65.8
4.6,45,0,61.3,78.1,60.88,58.94,56.21,78.1,80.0,117.0,137.0,69.41
4.6,45,1,57.85,81.4,68.64,73.33,73.79,81.4,82.0,116.0,133.0,67.09
4.6,45,2,62.58,79.48,59.74,55.39,63.32,79.48,81.0,117.0,138.0,68.51
4.6,60,0,58.56,71.13,56.95,56.27,50.86,71.13,73.0,119.0,135.0,76.54
4.6,60,1,57.82,76.43,64.12,69.77,62.09,76.43,77.0,118.0,133.0,72.37
4.6,60,2,58.59,76.45,58.45,59.44,60.03,76.45,77.0,117.0,136.0,72.29
4.6,90,0,55.49,67.51,52.78,54.18,55.64,67.51,69.0,119.0,136.0,80.51
4.6,90,1,58.03,69.77,61.41,68.25,42.92,69.77,72.0,122.0,131.0,78.11
4.6,90,2,59.13,70.18,60.56,63.53,40.13,70.18,73.0,121.0,132.0,76.9
4.6,120,0,53.02,64.73,57.53,71.15,46.16,64.73,66.0,122.0,131.0,83.96
4.6,120,1,53.59,68.95,63.08,78.11,56.82,68.95,70.0,121.0,129.0,79.89
4.6,120,2,50.42,71.42,54.17,65.0,74.97,71.42,71.0,116.0,136.0,78.03
4.6,180,0,56.72,68.98,56.27,58.6,46.99,68.98,70.0,121.0,134.0,79.86
4.6,180,1,51.16,65.79,57.91,73.44,56.69,65.79,67.0,120.0,131.0,82.57
4.6,180,2,59.31,69.53,52.44,47.67,62.67,69.53,71.0,120.0,137.0,78.8
4.6,240,0,54.39,74.01,54.18,59.35,68.33,74.01,75.0,115.0,137.0,73.99
4.6,240,1,57.76,64.51,53.75,48.53,42.54,64.51,67.0,122.0,134.0,83.0
4.6,240,2,55.23,67.92,51.57,52.98,61.37,67.92,69.0,119.0,136.0,80.51
4.6,300,0,50.51,68.73,56.56,69.57,67.62,68.73,69.0,118.0,133.0,80.24
4.6,300,1,57.47,71.18,53.39,52.82,63.74,71.18,73.0,118.0,137.0,76.46
4.6,300,2,52.0,69.82,55.12,64.89,65.08,69.82,70.0,118.0,134.0,79.27
4.6,360,0,49.66,61.94,53.79,69.7,50.58,61.94,63.0,121.0,131.0,86.69
4.6,360,1,52.07,64.96,55.53,67.67,50.61,64.96,66.0,121.0,132.0,83.74
4.6,360,2,54.88,69.03,46.52,48.59,83.17,69.03,70.0,117.0,140.0,79.48
4.6,480,0,52.88,66.08,46.76,50.21,74.55,66.08,67.0,118.0,138.0,82.42
4.6,480,1,50.16,61.48,51.41,62.95,46.94,61.48,63.0,121.0,133.0,86.69
4.6,480,2,57.01,70.07,48.9,48.24,77.04,70.07,71.0,118.0,139.0,78.57
4.7,0,0,93.58,152.68,133.16,79.65,98.7,152.68,149.0,104.0,132.0,1.0
4.7,0,1,93.2,151.91,137.06,81.96,98.56,151.91,149.0,106.0,129.0,3.74
4.7,0,2,95.31,147.82,134.39,81.87,90.59,147.82,146.0,108.0,129.0,5.39
4.7,1,0,84.22,129.12,114.23,79.61,88.68,129.12,129.0,109.0,131.0,19.67
4.7,1,1,82.1,128.78,111.2,78.27,92.42,128.78,128.0,108.0,132.0,20.4
4.7,1,2,75.48,127.93,108.84,78.64,104.54,127.93,126.0,106.0,133.0,22.11
4.7,2,0,73.05,121.73,102.39,77.65,101.97,121.73,120.0,107.0,133.0,28.18
4.7,2,1,76.52,115.74,101.77,78.87,86.39,115.74,116.0,111.0,132.0,32.76
4.7,2,2,79.59,114.95,100.86,77.62,78.44,114.95,115.0,112.0,132.0,33.96
4.7,5,0,72.42,96.78,86.95,77.46,64.2,96.78,99.0,116.0,131.0,50.46
4.7,5,1,68.52,102.19,85.61,74.81,84.0,102.19,103.0,112.0,134.0,45.75
4.7,5,2,70.22,108.36,86.15,72.12,89.74,108.36,108.0,109.0,136.0,40.51
4.7,10,0,66.08,98.52,76.14,68.93,83.96,98.52,98.0,111.0,137.0,50.73
4.7,10,1,70.65,92.55,83.14,76.69,60.35,92.55,95.0,118.0,130.0,54.85
4.7,10,2,67.45,93.45,77.6,71.31,70.95,93.45,95.0,114.0,134.0,53.97
4.7,15,0,60.98,87.64,75.74,76.18,77.56,87.64,88.0,115.0,132.0,61.0
4.7,15,1,62.81,86.46,72.29,71.63,69.74,86.46,87.0,116.0,133.0,62.18
4.7,15,2,65.83,91.08,71.04,65.82,70.7,91.08,92.0,113.0,136.0,56.86
4.7,30,0,57.46,81.15,70.77,76.43,74.45,81.15,82.0,116.0,132.0,67.08
4.7,30,1,62.9,76.26,65.4,65.24,44.66,76.26,79.0,120.0,133.0,70.84
4.7,30,2,56.67,79.21,71.0,78.63,72.56,79.21,81.0,117.0,130.0,68.28
4.7,45,0,53.55,71.57,60.38,70.97,64.2,71.57,72.0,119.0,132.0,77.47
4.7,45,1,58.68,78.29,64.18,68.03,63.86,78.29,80.0,117.0,134.0,69.26
4.7,45,2,61.35,71.14,66.43,75.15,35.1,71.14,74.0,123.0,130.0,76.43
4.7,60,0,55.86,76.38,56.82,61.06,68.52,76.38,77.0,115.0,137.0,72.02
4.7,60,1,56.81,74.9,64.26,71.95,61.58,74.9,76.0,119.0,132.0,73.55
4.7,60,2,52.04,74.28,57.53,67.04,76.35,74.28,75.0,115.0,136.0,73.93
4.7,90,0,57.04,73.74,62.07,68.66,57.76,73.74,75.0,119.0,133.0,74.53
4.7,90,1,53.91,74.19,62.29,72.0,69.68,74.19,75.0,117.0,133.0,74.16
4.7,90,2,50.59,73.24,61.08,73.49,78.87,73.24,74.0,116.0,132.0,74.97
4.7,120,0,53.95,66.04,59.43,73.19,46.69,66.04,68.0,121.0,131.0,81.79
4.7,120,1,51.13,69.14,56.48,68.54,66.43,69.14,70.0,118.0,134.0,79.27
4.7,120,2,56.87,67.79,54.55,54.43,49.82,67.79,69.0,121.0,135.0,80.86
4.7,180,0,54.04,70.55,61.48,73.11,59.68,70.55,72.0,120.0,131.0,77.67
4.7,180,1,49.22,68.48,51.36,62.98,71.71,68.48,69.0,117.0,136.0,80.16
4.7,180,2,56.8,64.72,52.59,49.32,47.76,64.72,66.0,122.0,134.0,83.98
4.7,240,0,51.37,65.97,54.36,65.77,56.46,65.97,66.0,120.0,133.0,83.55
4.7,240,1,54.59,66.19,49.4,50.45,64.69,66.19,68.0,119.0,137.0,81.55
4.7,240,2,55.32,66.04,56.87,63.99,41.41,66.04,68.0,121.0,133.0,81.79
4.7,300,0,50.58,60.46,52.42,65.21,41.66,60.46,62.0,122.0,132.0,87.86
4.7,300,1,56.59,65.75,51.92,49.59,53.64,65.75,67.0,122.0,135.0,83.03
4.7,300,2,50.1,70.54,49.43,58.73,76.31,70.54,70.0,115.0,138.0,79.0
4.7,360,0,50.21,66.27,46.3,53.83,76.86,66.27,66.0,117.0,138.0,83.24
4.7,360,1,56.21,66.44,54.56,55.54,45.57,66.44,68.0,121.0,134.0,81.81
4.7,360,2,54.06,64.08,48.68,49.24,61.3,64.08,66.0,120.0,137.0,83.7
4.7,480,0,51.5,60.62,52.38,62.56,38.38,60.62,62.0,122.0,132.0,87.86
4.7,480,1,54.34,67.98,52.04,55.36,59.79,67.98,69.0,119.0,135.0,80.47
4.7,480,2,54.69,62.65,49.49,47.88,53.59,62.65,64.0,121.0,135.0,85.76
4.8,0,0,93.42,149.84,132.81,80.49,96.02,149.84,147.0,106.0,131.0,2.45
4.8,0,1,88.82,148.36,133.91,82.26,102.34,148.36,146.0,105.0,130.0,3.0
4.8,0,2,94.66,148.04,134.01,81.66,91.95,148.04,146.0,107.0,130.0,4.12
4.8,1,0,79.75,127.8,114.7,81.37,95.88,127.8,126.0,109.0,130.0,22.65
4.8,1,1,83.77,130.14,116.18,80.52,90.86,130.14,130.0,108.0,131.0,18.47
4.8,1,2,79.23,124.8,108.28,78.69,93.1,124.8,124.0,109.0,132.0,24.52
4.8,2,0,75.59,109.8,99.73,80.72,79.45,109.8,110.0,113.0,130.0,39.1
4.8,2,1,74.72,119.21,101.41,77.56,95.17,119.21,119.0,108.0,133.0,29.29
4.8,2,2,74.55,118.63,102.52,78.6,94.75,118.63,118.0,109.0,132.0,30.41
4.8,5,0,67.18,100.4,79.79,70.99,84.37,100.4,101.0,111.0,136.0,47.69
4.8,5,1,66.22,99.66,86.69,77.93,85.57,99.66,100.0,113.0,132.0,48.84
4.8,5,2,66.65,100.34,82.79,73.96,85.62,100.34,101.0,111.0,134.0,47.56
4.8,10,0,65.37,93.07,78.31,73.61,75.87,93.07,94.0,114.0,133.0,54.93
4.8,10,1,64.9,87.17,75.25,73.53,65.14,87.17,89.0,117.0,132.0,60.42
4.8,10,2,63.64,90.58,77.33,74.83,75.84,90.58,91.0,115.0,132.0,58.05
4.8,15,0,66.79,89.1,69.4,63.15,63.86,89.1,90.0,115.0,137.0,59.25
4.8,15,1,64.55,88.59,69.94,66.36,69.2,88.59,89.0,114.0,136.0,59.97
4.8,15,2,65.06,86.19,68.13,64.0,62.5,86.19,88.0,116.0,136.0,61.32
4.8,30,0,60.51,79.96,64.85,66.33,62.03,79.96,81.0,117.0,134.0,68.28
4.8,30,1,59.03,77.15,67.36,73.39,59.9,77.15,79.0,119.0,132.0,70.61
4.8,30,2,59.01,79.81,66.61,70.56,66.45,79.81,81.0,117.0,133.0,68.26
4.8,45,0,54.05,73.07,55.61,62.12,66.39,73.07,74.0,116.0,137.0,75.13
4.8,45,1,59.21,72.12,62.64,67.6,45.66,72.12,74.0,121.0,132.0,75.93
4.8,45,2,58.63,77.56,58.63,59.67,62.26,77.56,78.0,116.0,137.0,71.2
4.8,60,0,56.3,78.55,65.33,71.77,72.23,78.55,79.0,116.0,133.0,70.04
4.8,60,1,59.46,74.55,57.17,55.74,59.44,74.55,76.0,118.0,136.0,73.46
4.8,60,2,58.65,73.07,61.87,66.33,50.3,73.07,75.0,120.0,133.0,74.74
4.8,90,0,53.34,70.28,58.14,68.12,61.46,70.28,71.0,118.0,133.0,78.27
4.8,90,1,55.98,72.28,55.91,59.54,57.75,72.28,73.0,117.0,136.0,76.22
4.8,90,2,51.21,75.67,65.12,76.62,82.43,75.67,76.0,116.0,131.0,73.0
4.8,120,0,55.8,65.13,53.75,54.28,44.54,65.13,67.0,121.0,134.0,82.79
4.8,120,1,55.99,73.12,52.43,54.54,72.15,73.12,74.0,116.0,138.0,75.21
4.8,120,2,54.09,69.69,58.66,68.42,57.07,69.69,71.0,119.0,133.0,78.45
4.8,180,0,52.47,62.31,55.99,70.34,40.27,62.31,64.0,122.0,131.0,85.91
4.8,180,1,56.87,66.75,55.34,55.66,43.59,66.75,68.0,122.0,133.0,82.01
4.8,180,2,52.08,64.46,57.2,72.02,49.0,64.46,66.0,121.0,131.0,83.75
4.8,240,0,54.07,67.17,57.43,67.32,49.75,67.17,69.0,121.0,133.0,80.81
4.8,240,1,49.74,64.05,53.4,67.29,56.96,64.05,65.0,119.0,133.0,84.35
4.8,240,2,51.21,68.05,52.36,61.7,63.1,68.05,69.0,117.0,136.0,80.16
4.8,300,0,49.51,64.99,52.59,65.6,60.73,64.99,65.0,119.0,133.0,84.35
4.8,300,1,55.29,65.97,53.46,55.3,48.36,65.97,67.0,121.0,134.0,82.79
4.8,300,2,53.45,64.23,49.93,52.32,56.77,64.23,66.0,120.0,136.0,83.64
4.8,360,0,53.04,63.11,56.51,69.95,40.67,63.11,65.0,122.0,131.0,84.94
4.8,360,1,56.2,66.0,52.58,51.62,51.87,66.0,68.0,120.0,135.0,81.64
4.8,360,2,51.91,60.32,50.79,56.17,40.28,60.32,62.0,122.0,133.0,87.87
4.8,480,0,52.02,63.81,51.93,59.44,47.45,63.81,65.0,121.0,134.0,84.75
4.8,480,1,54.48,61.04,48.48,45.4,52.49,61.04,63.0,123.0,135.0,87.15
4.8,480,2,56.07,65.43,49.35,47.2,62.66,65.43,67.0,121.0,137.0,82.92
4.9,0,0,91.68,150.69,132.09,80.1,99.86,150.69,147.0,104.0,131.0,1.41
4.9,0,1,93.42,158.6,132.57,77.58,104.81,158.6,154.0,101.0,135.0,7.35
4.9,0,2,93.99,145.94,130.55,80.66,90.78,145.94,144.0,107.0,131.0,5.1
4.9,1,0,84.84,128.54,96.89,67.89,86.7,128.54,127.0,106.0,141.0,22.93
4.9,1,1,83.18,133.09,104.07,72.16,95.64,133.09,131.0,104.0,138.0,18.03
4.9,1,2,85.71,119.02,112.87,84.0,71.36,119.02,121.0,114.0,128.0,29.07
4.9,2,0,76.07,109.25,101.17,82.23,77.44,109.25,111.0,114.0,129.0,38.44
4.9,2,1,79.55,117.39,101.58,77.04,82.2,117.39,118.0,111.0,133.0,30.82
4.9,2,2,74.86,110.71,101.9,82.17,82.58,110.71,111.0,113.0,129.0,38.2
4.9,5,0,74.42,104.58,79.86,65.05,73.54,104.58,105.0,111.0,139.0,44.12
4.9,5,1,64.62,98.65,81.04,74.06,87.95,98.65,99.0,111.0,134.0,49.54
4.9,5,2,69.3,102.37,81.53,70.7,82.37,102.37,103.0,111.0,136.0,45.72
4.9,10,0,66.86,92.86,74.79,68.76,71.41,92.86,93.0,114.0,135.0,55.98
4.9,10,1,64.01,85.21,75.43,75.74,63.45,85.21,87.0,118.0,131.0,62.59
4.9,10,2,64.55,91.57,77.57,74.04,75.24,91.57,92.0,114.0,133.0,56.89
4.9,15,0,62.92,85.15,72.55,72.59,66.59,85.15,87.0,116.0,133.0,62.18
4.9,15,1,65.19,85.66,72.64,70.53,60.94,85.66,87.0,117.0,133.0,62.38
4.9,15,2,61.62,84.0,73.26,75.17,67.94,84.0,86.0,117.0,132.0,63.35
4.9,30,0,57.16,79.78,64.98,69.98,72.3,79.78,80.0,116.0,134.0,69.08
4.9,30,1,57.91,77.64,63.37,67.93,64.78,77.64,78.0,117.0,134.0,71.22
4.9,30,2,53.89,79.77,65.59,73.16,82.73,79.77,80.0,114.0,133.0,68.74
4.9,45,0,59.76,73.51,67.33,76.08,47.69,73.51,76.0,121.0,130.0,74.01
4.9,45,1,56.08,72.48,58.66,64.36,57.71,72.48,74.0,118.0,134.0,75.34
4.9,45,2,52.01,79.7,65.75,74.47,88.59,79.7,80.0,114.0,133.0,68.74
4.9,60,0,58.01,70.23,65.04,76.84,44.35,70.23,73.0,122.0,129.0,77.19
4.9,60,1,55.16,72.11,63.92,75.09,59.95,72.11,74.0,119.0,131.0,75.51
4.9,60,2,58.19,79.52,60.36,62.7,68.4,79.52,80.0,115.0,137.0,69.07
4.9,90,0,53.78,68.38,51.57,55.73,62.7,68.38,69.0,118.0,136.0,80.33
4.9,90,1,54.14,73.65,58.9,66.95,67.56,73.65,74.0,117.0,135.0,75.19
4.9,90,2,55.04,67.23,57.79,66.4,46.26,67.23,69.0,121.0,133.0,80.81
4.9,120,0,57.25,69.84,56.06,57.09,50.31,69.84,71.0,120.0,134.0,78.67
4.9,120,1,51.82,71.15,46.16,52.91,89.55,71.15,71.0,115.0,141.0,78.3
4.9,120,2,55.36,76.26,51.03,54.55,84.35,76.26,77.0,114.0,140.0,72.15
4.9,180,0,52.54,66.47,52.27,59.09,54.48,66.47,67.0,119.0,135.0,82.43
4.9,180,1,56.38,67.91,54.11,54.77,51.81,67.91,69.0,121.0,135.0,80.86
4.9,180,2,55.66,66.54,63.19,80.32,41.71,66.54,69.0,123.0,128.0,81.35
4.9,240,0,53.14,65.81,47.35,50.31,71.54,65.81,66.0,119.0,137.0,83.51
4.9,240,1,51.06,68.67,48.47,55.85,74.99,68.67,69.0,117.0,138.0,80.29
4.9,240,2,46.21,65.32,56.59,75.87,74.59,65.32,66.0,118.0,131.0,83.19
4.9,300,0,52.41,63.33,46.08,48.72,69.45,63.33,64.0,120.0,137.0,85.66
4.9,300,1,53.64,66.32,46.31,48.74,76.94,66.32,67.0,118.0,139.0,82.5
4.9,300,2,55.68,66.63,55.05,58.04,44.32,66.63,68.0,120.0,133.0,81.59
4.9,360,0,53.72,65.63,52.6,57.09,50.63,65.63,67.0,120.0,135.0,82.62
4.9,360,1,54.58,58.21,46.53,39.12,51.16,58.21,60.0,124.0,134.0,90.27
4.9,360,2,49.77,63.28,52.2,65.04,54.46,63.28,64.0,120.0,133.0,85.52
4.9,480,0,52.51,66.06,53.59,62.06,52.32,66.06,68.0,119.0,134.0,81.42
4.9,480,1,48.92,63.43,47.6,57.19,63.61,63.43,63.0,118.0,136.0,86.24
4.9,480,2,50.97,63.68,39.92,45.79,95.13,63.68,63.0,117.0,141.0,86.46
5.0,0,0,99.23,152.7,130.21,76.95,89.28,152.7,150.0,105.0,134.0,3.0
5.0,0,1,97.78,149.96,132.4,79.46,88.72,149.96,147.0,107.0,131.0,3.32
5.0,0,2,90.54,155.96,131.69,78.43,106.96,155.96,151.0,101.0,134.0,4.69
5.0,1,0,81.41,130.53,111.43,77.9,95.96,130.53,129.0,107.0,133.0,19.26
5.0,1,1,80.8,130.25,117.29,81.68,96.81,130.25,129.0,108.0,130.0,19.52
5.0,1,2,81.91,127.27,110.19,78.26,90.87,127.27,126.0,108.0,132.0,22.36
5.0,2,0,79.77,113.94,98.48,76.0,76.48,113.94,114.0,112.0,132.0,34.93
5.0,2,1,71.23,112.19,97.76,78.99,93.1,112.19,112.0,110.0,132.0,36.5
5.0,2,2,75.67,121.05,100.92,76.27,95.59,121.05,120.0,107.0,135.0,28.32
5.0,5,0,66.12,98.32,89.31,81.15,83.51,98.32,99.0,114.0,129.0,50.1
5.0,5,1,72.24,100.59,83.86,71.9,71.88,100.59,102.0,114.0,135.0,47.17
5.0,5,2,72.23,97.52,86.36,76.33,66.13,97.52,99.0,116.0,131.0,50.46
5.0,10,0,71.02,90.96,73.44,63.29,55.91,90.96,93.0,117.0,136.0,56.66
5.0,10,1,65.43,88.94,71.59,67.48,67.39,88.94,90.0,115.0,135.0,59.11
5.0,10,2,66.3,93.7,74.84,68.96,74.56,93.7,94.0,114.0,136.0,55.06
5.0,15,0,60.73,82.35,70.58,73.26,66.96,82.35,84.0,116.0,132.0,65.12
5.0,15,1,60.17,82.21,76.71,82.06,68.35,82.21,84.0,118.0,129.0,65.58
5.0,15,2,63.26,86.96,73.68,72.79,69.49,86.96,88.0,116.0,133.0,61.2
5.0,30,0,60.83,76.72,65.1,67.68,52.79,76.72,78.0,120.0,132.0,71.81
5.0,30,1,57.71,79.27,65.31,70.17,69.34,79.27,80.0,116.0,134.0,69.08
5.0,30,2,57.37,73.97,64.72,72.87,57.21,73.97,75.0,120.0,131.0,74.74
5.0,45,0,56.31,68.8,62.58,74.63,46.29,68.8,71.0,121.0,130.0,78.88
5.0,45,1,59.82,82.06,59.88,59.75,69.1,82.06,83.0,114.0,139.0,66.14
5.0,45,2,55.31,71.15,61.68,71.67,56.76,71.15,73.0,119.0,132.0,76.49
5.0,60,0,56.54,69.88,58.53,64.1,48.67,69.88,71.0,120.0,133.0,78.65
5.0,60,1,50.0,75.09,56.74,67.68,85.21,75.09,75.0,114.0,136.0,73.79
5.0,60,2,55.83,68.03,57.3,63.27,45.74,68.03,70.0,120.0,133.0,79.63
5.0,90,0,53.88,69.62,58.03,67.53,57.66,69.62,70.0,120.0,132.0,79.62
5.0,90,1,59.03,71.85,59.47,60.69,45.49,71.85,74.0,120.0,134.0,75.74
5.0,90,2,59.06,71.36,56.48,54.5,53.2,71.36,73.0,120.0,136.0,76.79
5.0,120,0,56.99,71.23,57.01,59.71,50.98,71.23,73.0,119.0,135.0,76.54
5.0,120,1,49.6,65.49,54.24,68.38,61.87,65.49,66.0,119.0,133.0,83.37
5.0,120,2,56.3,67.95,58.48,65.23,43.71,67.95,70.0,121.0,132.0,79.83
5.0,180,0,56.99,69.6,56.82,59.27,46.83,69.6,71.0,120.0,134.0,78.67
5.0,180,1,49.93,67.45,51.38,62.13,66.23,67.45,68.0,117.0,136.0,81.15
5.0,180,2,48.1,65.14,57.18,75.56,66.73,65.14,66.0,119.0,131.0,83.37
5.0,240,0,53.86,70.82,52.59,57.59,65.65,70.82,71.0,117.0,137.0,78.25
5.0,240,1,59.82,65.3,52.12,42.24,51.46,65.3,68.0,123.0,135.0,82.28
5.0,240,2,48.64,68.1,50.55,62.59,72.87,68.1,68.0,116.0,136.0,80.99
5.0,300,0,50.14,67.75,54.73,67.44,66.27,67.75,68.0,118.0,134.0,81.24
5.0,300,1,55.48,62.82,51.1,48.52,47.56,62.82,65.0,123.0,134.0,85.17
5.0,300,2,51.9,66.25,55.91,68.01,55.23,66.25,67.0,120.0,133.0,82.57
5.0,360,0,52.89,69.18,53.34,60.5,60.05,69.18,70.0,118.0,135.0,79.3
5.0,360,1,51.08,65.74,55.77,69.21,56.87,65.74,66.0,120.0,132.0,83.55
5.0,360,2,57.78,66.81,50.73,46.59,61.39,66.81,68.0,120.0,137.0,81.74
5.0,480,0,50.71,64.05,54.81,68.84,53.13,64.05,65.0,120.0,132.0,84.53
5.0,480,1,52.66,63.69,49.94,53.77,55.03,63.69,65.0,120.0,135.0,84.58
5.0,480,2,50.37,61.84,50.2,59.21,48.01,61.84,62.0,121.0,133.0,87.67
