ppm,exposure_time_min,replicate,R_demo,G_demo,B_demo,H_demo,S_demo,V_demo,L_demo,a_demo,b_demo,DeltaE_demo,cumulative_exposure_ppm_min
5.0,0,1,92.61,151.08,130.18,158.56,0.387,0.5925,148.0,104.0,133.0,1.0,0.0
5.0,0,2,90.56,148.34,136.43,167.64,0.3895,0.5817,146.0,106.0,128.0,4.9,0.0
5.0,0,3,91.53,153.93,131.36,158.3,0.4054,0.6036,150.0,103.0,133.0,2.45,0.0
5.0,0,4,90.65,154.86,130.57,157.31,0.4147,0.6073,150.0,102.0,134.0,3.46,0.0
5.0,1,1,83.11,127.53,109.5,155.65,0.3483,0.5001,127.0,109.0,133.0,21.61,5.0
5.0,1,2,80.95,124.54,109.25,158.95,0.35,0.4884,124.0,109.0,131.0,24.54,5.0
5.0,1,3,83.56,127.03,111.13,158.05,0.3422,0.4982,127.0,109.0,132.0,21.59,5.0
5.0,1,4,81.71,128.14,109.7,156.17,0.3624,0.5025,127.0,108.0,133.0,21.4,5.0
5.0,2,1,75.04,118.07,100.45,155.43,0.3644,0.463,118.0,109.0,133.0,30.43,10.0
5.0,2,2,73.5,118.91,100.25,155.34,0.3819,0.4663,117.0,108.0,133.0,31.27,10.0
5.0,2,3,75.71,115.79,103.26,161.24,0.3461,0.4541,116.0,111.0,130.0,32.82,10.0
5.0,2,4,76.25,118.4,96.96,149.48,0.356,0.4643,118.0,108.0,135.0,30.41,10.0
5.0,5,1,67.83,102.12,84.02,148.33,0.3358,0.4005,102.0,111.0,134.0,46.57,25.0
5.0,5,2,68.8,102.4,83.61,146.45,0.3282,0.4016,103.0,111.0,135.0,45.64,25.0
5.0,5,3,71.27,101.37,84.65,146.67,0.2969,0.3975,102.0,113.0,134.0,46.91,25.0
5.0,5,4,68.9,103.72,84.6,147.06,0.3358,0.4068,103.0,111.0,135.0,45.64,25.0
5.0,10,1,64.11,91.51,80.56,156.01,0.2995,0.3589,92.0,116.0,131.0,57.28,50.0
5.0,10,2,66.17,88.74,76.57,147.66,0.2543,0.348,90.0,117.0,132.0,59.44,50.0
5.0,10,3,64.43,90.51,76.07,146.77,0.2881,0.3549,91.0,115.0,133.0,58.06,50.0
5.0,10,4,60.43,92.59,74.72,146.66,0.3474,0.3631,92.0,112.0,135.0,56.65,50.0
5.0,15,1,63.38,81.83,70.89,144.41,0.2254,0.3209,83.0,118.0,132.0,66.49,75.0
5.0,15,2,62.07,79.49,64.61,128.75,0.2192,0.3117,81.0,118.0,135.0,68.51,75.0
5.0,15,3,60.15,85.3,72.42,149.27,0.2948,0.3345,86.0,116.0,132.0,63.15,75.0
5.0,15,4,61.92,86.75,69.65,138.67,0.2862,0.3402,87.0,115.0,135.0,62.06,75.0
5.0,30,1,55.9,78.81,61.22,133.94,0.2907,0.3091,79.0,115.0,135.0,69.94,150.0
5.0,30,2,55.95,80.41,62.26,135.47,0.3042,0.3153,81.0,114.0,136.0,67.86,150.0
5.0,30,3,57.69,77.28,62.38,134.37,0.2535,0.3031,78.0,116.0,134.0,71.05,150.0
5.0,30,4,54.39,78.72,67.36,151.99,0.3091,0.3087,79.0,116.0,131.0,70.04,150.0
5.0,45,1,58.97,70.93,59.08,120.55,0.1686,0.2781,72.0,120.0,133.0,77.67,225.0
5.0,45,2,56.18,74.31,58.84,128.82,0.244,0.2914,76.0,117.0,135.0,73.23,225.0
5.0,45,3,55.91,73.57,59.94,133.72,0.2401,0.2885,74.0,118.0,134.0,75.34,225.0
5.0,45,4,59.07,74.65,56.69,112.07,0.2406,0.2928,76.0,118.0,137.0,73.52,225.0
5.0,60,1,54.41,76.4,58.83,132.06,0.2878,0.2996,77.0,115.0,136.0,71.96,300.0
5.0,60,2,57.53,73.98,58.23,122.58,0.2225,0.2901,75.0,118.0,135.0,74.39,300.0
5.0,60,3,55.16,70.87,62.3,147.27,0.2216,0.2779,72.0,120.0,131.0,77.67,300.0
5.0,60,4,55.4,72.0,60.22,137.43,0.2307,0.2824,74.0,118.0,133.0,75.32,300.0
5.0,90,1,50.66,72.41,58.25,140.95,0.3004,0.284,72.0,116.0,134.0,76.97,450.0
5.0,90,2,54.71,68.93,56.97,129.52,0.2063,0.2703,70.0,119.0,133.0,79.44,450.0
5.0,90,3,56.15,65.7,58.83,136.82,0.1454,0.2577,68.0,122.0,131.0,82.01,450.0
5.0,90,4,57.5,68.14,57.08,117.76,0.1622,0.2672,70.0,121.0,133.0,79.84,450.0
5.0,120,1,52.54,69.77,53.47,123.26,0.247,0.2736,70.0,118.0,135.0,79.3,600.0
5.0,120,2,51.94,69.33,52.93,123.43,0.2509,0.2719,70.0,117.0,136.0,79.18,600.0
5.0,120,3,50.39,67.66,59.3,150.95,0.2552,0.2653,68.0,119.0,131.0,81.4,600.0
5.0,120,4,55.03,68.28,55.32,121.33,0.1941,0.2678,70.0,119.0,134.0,79.45,600.0
5.0,180,1,51.72,65.53,51.38,118.55,0.216,0.257,66.0,119.0,135.0,83.41,900.0
5.0,180,2,54.34,67.18,52.66,113.03,0.2162,0.2635,69.0,119.0,135.0,80.47,900.0
5.0,180,3,49.28,64.64,53.43,136.22,0.2377,0.2535,65.0,119.0,133.0,84.35,900.0
5.0,180,4,52.89,65.11,56.53,137.84,0.1877,0.2554,67.0,120.0,132.0,82.57,900.0
5.0,240,1,50.35,64.98,53.05,131.05,0.225,0.2548,65.0,120.0,133.0,84.53,1200.0
5.0,240,2,52.6,67.12,52.2,118.41,0.2223,0.2632,68.0,118.0,135.0,81.27,1200.0
5.0,240,3,50.88,62.69,54.11,136.38,0.1884,0.2458,63.0,121.0,131.0,86.69,1200.0
5.0,240,4,47.53,65.19,49.46,126.56,0.271,0.2557,65.0,117.0,135.0,84.07,1200.0
5.0,300,1,54.32,67.49,50.9,107.64,0.2458,0.2647,69.0,119.0,137.0,80.57,1500.0
5.0,300,2,54.59,64.92,54.83,121.41,0.1591,0.2546,66.0,121.0,133.0,83.75,1500.0
5.0,300,3,51.23,63.98,50.4,116.33,0.2122,0.2509,64.0,121.0,134.0,85.73,1500.0
5.0,300,4,53.34,66.73,50.35,109.04,0.2455,0.2617,68.0,119.0,136.0,81.49,1500.0
5.0,360,1,57.57,67.23,52.75,100.05,0.2153,0.2637,69.0,121.0,136.0,80.91,1800.0
5.0,360,2,52.83,61.44,47.32,96.59,0.2298,0.241,63.0,121.0,135.0,86.74,1800.0
5.0,360,3,52.06,61.68,45.72,96.18,0.2587,0.2419,63.0,120.0,136.0,86.59,1800.0
5.0,360,4,52.45,65.96,51.28,115.19,0.2226,0.2587,66.0,120.0,135.0,83.6,1800.0
5.0,480,1,50.47,60.6,48.59,110.62,0.1981,0.2376,61.0,121.0,134.0,88.67,2400.0
5.0,480,2,51.32,62.16,49.06,109.66,0.2107,0.2438,63.0,120.0,134.0,86.52,2400.0
5.0,480,3,49.53,59.89,51.76,132.94,0.1731,0.2349,61.0,122.0,132.0,88.84,2400.0
5.0,480,4,46.99,65.64,46.78,119.33,0.2873,0.2574,65.0,116.0,137.0,84.01,2400.0
5.1,0,1,90.23,146.41,133.31,166.01,0.3837,0.5742,144.0,106.0,129.0,5.39,0.0
5.1,0,2,94.13,149.26,129.74,158.75,0.3694,0.5854,147.0,105.0,133.0,1.73,0.0
5.1,0,3,92.68,149.38,133.48,163.18,0.3795,0.5858,147.0,105.0,131.0,1.73,0.0
5.1,0,4,92.15,148.91,131.28,161.36,0.3811,0.5839,146.0,105.0,131.0,2.45,0.0
5.1,1,1,84.56,125.26,108.51,155.31,0.3249,0.4912,125.0,110.0,133.0,23.79,5.1
5.1,1,2,78.8,125.84,109.53,159.19,0.3739,0.4935,124.0,108.0,132.0,24.33,5.1
5.1,1,3,79.71,124.85,111.12,161.76,0.3616,0.4896,124.0,110.0,130.0,24.82,5.1
5.1,1,4,79.62,126.77,107.94,156.04,0.3719,0.4971,125.0,108.0,133.0,23.37,5.1
5.1,2,1,72.53,117.77,97.73,153.42,0.3842,0.4619,116.0,108.0,134.0,32.31,10.2
5.1,2,2,76.8,118.08,99.62,153.17,0.3496,0.463,118.0,109.0,134.0,30.48,10.2
5.1,2,3,73.9,115.12,99.61,157.42,0.3581,0.4515,115.0,109.0,132.0,33.38,10.2
5.1,2,4,75.38,116.72,100.13,155.91,0.3542,0.4577,116.0,110.0,132.0,32.56,10.2
5.1,5,1,66.92,96.03,86.41,160.17,0.3031,0.3766,97.0,115.0,130.0,52.21,25.5
5.1,5,2,69.04,104.18,80.92,140.28,0.3373,0.4086,104.0,110.0,137.0,44.69,25.5
5.1,5,3,71.43,98.84,84.58,148.78,0.2774,0.3876,100.0,115.0,133.0,49.25,25.5
5.1,5,4,70.46,101.14,84.06,146.61,0.3034,0.3966,102.0,113.0,134.0,46.91,25.5
5.1,10,1,62.91,89.26,77.15,152.42,0.2952,0.35,90.0,115.0,132.0,59.03,51.0
5.1,10,2,63.81,90.21,73.76,142.61,0.2926,0.3537,91.0,114.0,135.0,57.95,51.0
5.1,10,3,62.62,87.89,76.05,151.89,0.2875,0.3447,88.0,116.0,131.0,61.2,51.0
5.1,10,4,63.37,89.91,74.17,144.41,0.2952,0.3526,90.0,115.0,134.0,59.07,51.0
5.1,15,1,61.36,81.89,71.51,149.67,0.2507,0.3211,83.0,118.0,131.0,66.5,76.5
5.1,15,2,61.86,85.81,71.23,143.47,0.2791,0.3365,86.0,115.0,133.0,62.98,76.5
5.1,15,3,57.55,86.0,73.17,152.94,0.3308,0.3373,87.0,114.0,132.0,61.81,76.5
5.1,15,4,64.48,83.91,72.48,144.72,0.2315,0.329,85.0,118.0,132.0,64.54,76.5
5.1,30,1,56.66,77.37,63.6,140.11,0.2677,0.3034,78.0,116.0,134.0,71.05,153.0
5.1,30,2,60.56,81.23,62.56,125.81,0.2545,0.3186,82.0,115.0,137.0,67.1,153.0
5.1,30,3,57.62,79.07,63.53,136.51,0.2712,0.3101,80.0,115.0,135.0,68.95,153.0
5.1,30,4,56.69,78.45,64.32,141.03,0.2774,0.3076,79.0,116.0,134.0,70.06,153.0
5.1,45,1,57.84,76.41,58.52,122.2,0.243,0.2996,77.0,117.0,136.0,72.29,229.5
5.1,45,2,57.81,73.78,62.13,136.23,0.2166,0.2893,75.0,119.0,133.0,74.53,229.5
5.1,45,3,58.21,73.6,56.41,113.71,0.2336,0.2886,75.0,118.0,136.0,74.44,229.5
5.1,45,4,54.78,75.5,60.53,136.64,0.2744,0.2961,76.0,116.0,135.0,73.05,229.5
5.1,60,1,55.23,69.81,56.88,126.8,0.2089,0.2738,71.0,120.0,134.0,78.67,306.0
5.1,60,2,52.52,69.51,57.47,137.5,0.2444,0.2726,70.0,119.0,133.0,79.44,306.0
5.1,60,3,54.27,74.33,59.02,134.22,0.2699,0.2915,75.0,117.0,135.0,74.21,306.0
5.1,60,4,55.51,70.32,59.75,137.18,0.2107,0.2758,72.0,120.0,133.0,77.67,306.0
5.1,90,1,54.72,68.76,57.17,130.47,0.2042,0.2697,70.0,120.0,133.0,79.63,459.0
5.1,90,2,53.17,69.12,58.83,141.31,0.2308,0.2711,70.0,120.0,132.0,79.62,459.0
5.1,90,3,52.95,69.06,60.24,147.15,0.2333,0.2708,70.0,119.0,131.0,79.44,459.0
5.1,90,4,56.1,69.88,54.35,113.24,0.2223,0.274,71.0,120.0,135.0,78.7,459.0
5.1,120,1,54.65,68.34,50.66,106.44,0.2588,0.268,69.0,118.0,137.0,80.39,612.0
5.1,120,2,50.47,68.31,53.39,129.82,0.2612,0.2679,69.0,117.0,135.0,80.12,612.0
5.1,120,3,53.5,65.78,55.32,128.9,0.1867,0.2579,67.0,121.0,132.0,82.76,612.0
5.1,120,4,51.46,67.73,54.13,129.87,0.2402,0.2656,68.0,118.0,134.0,81.24,612.0
5.1,180,1,55.44,65.29,52.95,107.9,0.189,0.256,67.0,121.0,135.0,82.82,918.0
5.1,180,2,55.3,65.91,52.25,106.62,0.2073,0.2585,67.0,121.0,135.0,82.82,918.0
5.1,180,3,51.12,66.08,48.14,110.03,0.2715,0.2591,67.0,118.0,137.0,82.35,918.0
5.1,180,4,54.62,67.41,52.22,110.53,0.2254,0.2644,69.0,119.0,135.0,80.47,918.0
5.1,240,1,51.31,65.04,50.94,118.44,0.2168,0.2551,66.0,119.0,135.0,83.41,1224.0
5.1,240,2,50.65,65.58,52.28,126.52,0.2276,0.2572,66.0,119.0,134.0,83.38,1224.0
5.1,240,3,48.02,65.73,48.65,122.14,0.2695,0.2578,65.0,117.0,136.0,84.11,1224.0
5.1,240,4,49.86,64.25,52.99,133.05,0.224,0.252,65.0,119.0,133.0,84.35,1224.0
5.1,300,1,52.41,62.5,49.26,105.72,0.2119,0.2451,64.0,120.0,135.0,85.56,1530.0
5.1,300,2,50.56,62.24,52.78,131.43,0.1877,0.2441,63.0,120.0,133.0,86.5,1530.0
5.1,300,3,51.17,61.78,50.58,116.83,0.1814,0.2423,63.0,122.0,134.0,86.91,1530.0
5.1,300,4,50.9,65.68,51.24,121.39,0.225,0.2576,66.0,119.0,135.0,83.41,1530.0
5.1,360,1,48.52,64.13,50.55,127.8,0.2434,0.2515,65.0,118.0,135.0,84.23,1836.0
5.1,360,2,50.48,61.75,49.44,114.93,0.1994,0.2422,62.0,121.0,134.0,87.69,1836.0
5.1,360,3,51.67,61.22,51.33,117.93,0.1615,0.2401,63.0,122.0,133.0,86.89,1836.0
5.1,360,4,49.46,63.02,52.32,132.68,0.2152,0.2471,64.0,120.0,133.0,85.52,1836.0
5.1,480,1,51.76,65.31,50.74,115.79,0.2231,0.2561,66.0,119.0,135.0,83.41,2448.0
5.1,480,2,53.42,63.89,49.9,104.91,0.2189,0.2505,65.0,121.0,135.0,84.78,2448.0
5.1,480,3,53.49,62.49,48.78,99.37,0.2195,0.2451,64.0,121.0,136.0,85.8,2448.0
5.1,480,4,54.56,62.83,49.94,98.46,0.2052,0.2464,64.0,121.0,135.0,85.76,2448.0
5.2,0,1,91.02,151.02,132.21,161.19,0.3973,0.5922,148.0,104.0,132.0,0.0,0.0
5.2,0,2,95.34,152.24,132.15,158.81,0.3738,0.597,149.0,105.0,133.0,1.73,0.0
5.2,0,3,93.23,149.13,129.78,159.23,0.3748,0.5848,147.0,105.0,133.0,1.73,0.0
5.2,0,4,90.99,154.21,133.35,160.2,0.41,0.6048,150.0,102.0,133.0,3.0,0.0
5.2,1,1,81.97,127.72,110.74,157.73,0.3582,0.5008,126.0,108.0,132.0,22.36,5.2
5.2,1,2,85.01,127.0,109.27,154.66,0.3306,0.498,127.0,109.0,133.0,21.61,5.2
5.2,1,3,79.53,126.87,106.82,154.59,0.3731,0.4975,125.0,107.0,134.0,23.28,5.2
5.2,1,4,81.55,124.85,110.41,159.99,0.3469,0.4896,124.0,110.0,131.0,24.76,5.2
5.2,2,1,78.69,115.2,97.93,151.62,0.3169,0.4518,116.0,110.0,134.0,32.62,10.4
5.2,2,2,72.28,112.62,96.83,156.52,0.3582,0.4416,112.0,110.0,132.0,36.5,10.4
5.2,2,3,74.24,114.13,95.56,152.07,0.3495,0.4476,114.0,109.0,134.0,34.42,10.4
5.2,2,4,76.61,114.66,99.36,155.87,0.3319,0.4496,115.0,111.0,132.0,33.73,10.4
5.2,5,1,63.69,100.99,83.32,151.58,0.3694,0.3961,100.0,111.0,134.0,48.55,26.0
5.2,5,2,64.97,99.16,86.54,157.85,0.3448,0.3889,100.0,112.0,131.0,48.67,26.0
5.2,5,3,68.35,96.72,84.51,154.17,0.2933,0.3793,98.0,115.0,132.0,51.2,26.0
5.2,5,4,68.51,102.36,82.61,145.0,0.3307,0.4014,102.0,111.0,135.0,46.63,26.0
5.2,10,1,63.65,86.63,75.97,152.17,0.2652,0.3397,88.0,117.0,132.0,61.39,52.0
5.2,10,2,65.49,91.04,74.63,141.46,0.2806,0.357,92.0,115.0,135.0,57.15,52.0
5.2,10,3,67.38,91.53,73.42,135.01,0.2639,0.3589,93.0,115.0,136.0,56.23,52.0
5.2,10,4,62.6,89.45,74.23,145.99,0.3001,0.3508,90.0,114.0,134.0,58.89,52.0
5.2,15,1,63.53,83.34,70.71,141.75,0.2377,0.3268,85.0,118.0,133.0,64.54,78.0
5.2,15,2,61.82,83.02,70.99,145.97,0.2554,0.3256,85.0,116.0,133.0,64.14,78.0
5.2,15,3,61.77,84.05,68.93,139.28,0.2651,0.3296,85.0,116.0,135.0,64.2,78.0
5.2,15,4,60.84,84.79,71.75,147.32,0.2824,0.3325,85.0,116.0,133.0,64.14,78.0
5.2,30,1,57.54,77.84,63.94,138.9,0.2608,0.3053,78.0,117.0,134.0,71.22,156.0
5.2,30,2,57.24,79.07,60.51,128.98,0.2761,0.3101,80.0,115.0,137.0,69.07,156.0
5.2,30,3,59.69,76.6,60.85,124.09,0.2207,0.3004,78.0,117.0,135.0,71.26,156.0
5.2,30,4,54.94,74.35,62.05,141.99,0.2611,0.2916,75.0,117.0,133.0,74.16,156.0
5.2,45,1,60.98,71.03,64.24,139.44,0.1414,0.2785,74.0,122.0,131.0,76.16,234.0
5.2,45,2,53.23,72.92,58.5,136.06,0.27,0.286,73.0,117.0,134.0,76.14,234.0
5.2,45,3,58.3,76.22,58.4,120.35,0.2352,0.2989,77.0,117.0,136.0,72.29,234.0
5.2,45,4,57.85,71.04,59.12,125.77,0.1858,0.2786,73.0,119.0,133.0,76.49,234.0
5.2,60,1,50.64,70.19,54.51,131.9,0.2785,0.2752,71.0,116.0,135.0,77.99,312.0
5.2,60,2,55.99,72.18,56.32,121.23,0.2243,0.2831,73.0,118.0,135.0,76.35,312.0
5.2,60,3,54.43,69.37,57.25,131.34,0.2154,0.272,70.0,120.0,133.0,79.63,312.0
5.2,60,4,56.23,69.86,58.01,127.8,0.195,0.274,71.0,120.0,133.0,78.65,312.0
5.2,90,1,53.92,67.98,55.43,126.42,0.2068,0.2666,69.0,120.0,133.0,80.61,468.0
5.2,90,2,54.13,71.52,55.65,125.25,0.2432,0.2805,72.0,117.0,135.0,77.16,468.0
5.2,90,3,53.72,69.18,56.23,129.71,0.2234,0.2713,70.0,119.0,134.0,79.45,468.0
5.2,90,4,52.4,66.09,55.3,132.72,0.2072,0.2592,68.0,120.0,133.0,81.59,468.0
5.2,120,1,55.98,66.89,56.68,123.83,0.1632,0.2623,68.0,121.0,133.0,81.79,624.0
5.2,120,2,54.14,70.17,55.39,124.67,0.2284,0.2752,71.0,118.0,135.0,78.32,624.0
5.2,120,3,52.28,69.29,51.45,117.2,0.2575,0.2717,70.0,117.0,136.0,79.18,624.0
5.2,120,4,53.39,67.82,51.45,112.88,0.2413,0.266,69.0,119.0,136.0,80.51,624.0
5.2,180,1,52.9,63.07,52.18,116.03,0.1726,0.2473,65.0,121.0,133.0,84.73,936.0
5.2,180,2,50.81,63.09,52.61,128.8,0.1946,0.2474,64.0,120.0,133.0,85.52,936.0
5.2,180,3,55.73,64.35,52.35,103.12,0.1864,0.2524,66.0,122.0,134.0,83.98,936.0
5.2,180,4,52.62,63.31,49.51,106.48,0.218,0.2483,65.0,120.0,135.0,84.58,936.0
5.2,240,1,55.14,63.89,50.85,100.28,0.204,0.2505,65.0,121.0,135.0,84.78,1248.0
5.2,240,2,53.35,61.15,48.42,96.76,0.2083,0.2398,63.0,122.0,135.0,86.94,1248.0
5.2,240,3,50.71,66.26,52.07,125.22,0.2346,0.2598,67.0,118.0,135.0,82.26,1248.0
5.2,240,4,54.69,64.5,48.89,97.71,0.2421,0.253,66.0,120.0,137.0,83.7,1248.0
5.2,300,1,53.78,66.26,48.2,101.45,0.2726,0.2599,67.0,119.0,137.0,82.53,1560.0
5.2,300,2,48.91,64.35,53.01,135.96,0.24,0.2524,65.0,119.0,133.0,84.35,1560.0
5.2,300,3,53.26,65.81,48.35,103.14,0.2654,0.2581,66.0,120.0,137.0,83.7,1560.0
5.2,300,4,55.93,61.53,52.61,97.68,0.145,0.2413,64.0,123.0,133.0,86.13,1560.0
5.2,360,1,53.7,64.29,48.42,100.05,0.2469,0.2521,66.0,120.0,137.0,83.7,1872.0
5.2,360,2,52.67,65.93,46.44,100.82,0.2956,0.2586,66.0,119.0,138.0,83.58,1872.0
5.2,360,3,55.08,62.07,54.55,115.81,0.1211,0.2434,65.0,123.0,132.0,85.15,1872.0
5.2,360,4,52.46,64.44,52.37,119.55,0.1874,0.2527,66.0,120.0,134.0,83.57,1872.0
5.2,480,1,49.43,63.29,46.92,110.79,0.2587,0.2482,64.0,118.0,137.0,85.31,2496.0
5.2,480,2,49.54,61.7,48.5,115.28,0.2139,0.242,62.0,120.0,135.0,87.53,2496.0
5.2,480,3,52.95,60.56,48.2,96.92,0.2041,0.2375,62.0,122.0,134.0,87.89,2496.0
5.2,480,4,53.13,63.4,51.28,110.81,0.1912,0.2486,65.0,121.0,134.0,84.75,2496.0
5.3,0,1,92.39,153.9,134.43,161.01,0.3996,0.6035,150.0,104.0,132.0,2.0,0.0
5.3,0,2,93.26,154.43,135.32,161.26,0.3961,0.6056,151.0,104.0,132.0,3.0,0.0
5.3,0,3,92.32,151.66,131.93,160.06,0.3913,0.5947,148.0,104.0,132.0,0.0,0.0
5.3,0,4,91.28,151.05,133.16,162.04,0.3957,0.5924,148.0,104.0,131.0,1.0,0.0
5.3,1,1,79.25,124.44,105.74,155.18,0.3631,0.488,124.0,108.0,134.0,24.41,5.3
5.3,1,2,77.92,124.65,108.52,159.29,0.3749,0.4888,123.0,108.0,132.0,25.32,5.3
5.3,1,3,83.87,127.06,108.66,154.43,0.3399,0.4983,127.0,108.0,133.0,21.4,5.3
5.3,1,4,77.41,125.77,110.57,161.14,0.3845,0.4932,124.0,108.0,131.0,24.35,5.3
5.3,2,1,75.86,110.67,98.78,159.51,0.3146,0.434,111.0,113.0,131.0,38.09,10.6
5.3,2,2,73.71,112.73,93.88,151.01,0.3461,0.4421,112.0,110.0,134.0,36.55,10.6
5.3,2,3,78.2,116.21,97.18,149.96,0.3271,0.4557,116.0,110.0,134.0,32.62,10.6
5.3,2,4,77.27,111.68,99.89,159.45,0.3081,0.438,112.0,113.0,131.0,37.12,10.6
5.3,5,1,66.6,98.17,82.93,151.04,0.3216,0.385,99.0,113.0,133.0,49.83,26.5
5.3,5,2,70.14,96.56,85.7,155.33,0.2736,0.3787,98.0,115.0,131.0,51.21,26.5
5.3,5,3,69.45,99.86,80.54,141.9,0.3045,0.3916,100.0,113.0,135.0,48.93,26.5
5.3,5,4,71.44,97.45,82.82,146.27,0.2669,0.3822,99.0,115.0,133.0,50.23,26.5
5.3,10,1,62.5,88.88,70.56,138.32,0.2968,0.3486,89.0,114.0,135.0,59.92,53.0
5.3,10,2,64.97,87.21,75.1,147.34,0.2551,0.342,89.0,117.0,132.0,60.42,53.0
5.3,10,3,65.64,88.83,74.27,142.33,0.2611,0.3484,90.0,116.0,133.0,59.24,53.0
5.3,10,4,63.01,87.58,74.54,148.16,0.2805,0.3434,88.0,116.0,133.0,61.2,53.0
5.3,15,1,62.14,87.31,69.92,138.55,0.2882,0.3424,88.0,114.0,135.0,60.9,79.5
5.3,15,2,61.67,84.45,67.5,135.35,0.2698,0.3312,85.0,115.0,135.0,64.02,79.5
5.3,15,3,59.41,82.82,68.71,143.84,0.2827,0.3248,83.0,116.0,133.0,66.11,79.5
5.3,15,4,60.7,81.11,69.67,146.37,0.2516,0.3181,83.0,117.0,132.0,66.29,79.5
5.3,30,1,56.12,77.05,62.11,137.15,0.2716,0.3021,78.0,117.0,134.0,71.22,159.0
5.3,30,2,58.3,76.42,58.85,121.81,0.2371,0.2997,77.0,117.0,136.0,72.29,159.0
5.3,30,3,57.26,73.95,66.74,154.08,0.2257,0.29,75.0,120.0,130.0,74.76,159.0
5.3,30,4,53.98,79.03,57.83,129.23,0.317,0.3099,79.0,113.0,138.0,69.84,159.0
5.3,45,1,60.29,73.73,59.3,115.87,0.1957,0.2891,75.0,120.0,135.0,74.79,238.5
5.3,45,2,54.7,71.98,56.74,127.07,0.24,0.2823,72.0,117.0,135.0,77.16,238.5
5.3,45,3,58.62,71.9,60.28,127.49,0.1847,0.282,73.0,120.0,133.0,76.69,238.5
5.3,45,4,55.98,73.89,61.85,139.67,0.2424,0.2897,75.0,118.0,133.0,74.34,238.5
5.3,60,1,54.77,67.89,56.27,126.88,0.1933,0.2662,69.0,120.0,133.0,80.61,318.0
5.3,60,2,52.38,70.46,58.13,139.09,0.2566,0.2763,71.0,118.0,133.0,78.27,318.0
5.3,60,3,55.4,74.1,60.08,135.0,0.2523,0.2906,75.0,117.0,134.0,74.18,318.0
5.3,60,4,56.7,69.02,58.6,129.25,0.1786,0.2707,71.0,120.0,133.0,78.65,318.0
5.3,90,1,54.55,69.87,56.1,126.04,0.2193,0.274,70.0,119.0,134.0,79.45,477.0
5.3,90,2,58.47,69.87,57.19,113.94,0.1815,0.274,71.0,121.0,134.0,78.88,477.0
5.3,90,3,57.69,64.64,54.43,100.84,0.1579,0.2535,67.0,123.0,133.0,83.2,477.0
5.3,90,4,51.89,66.58,54.52,130.75,0.2207,0.2611,67.0,120.0,133.0,82.57,477.0
5.3,120,1,54.79,68.93,54.98,120.84,0.2052,0.2703,70.0,119.0,135.0,79.49,636.0
5.3,120,2,58.03,64.66,52.9,93.84,0.1819,0.2536,67.0,123.0,135.0,83.25,636.0
5.3,120,3,53.9,64.87,52.47,113.07,0.1912,0.2544,66.0,120.0,134.0,83.57,636.0
5.3,120,4,57.05,65.64,53.29,101.74,0.1881,0.2574,68.0,122.0,134.0,82.02,636.0
5.3,180,1,50.16,62.87,50.69,122.5,0.2021,0.2465,63.0,120.0,134.0,86.52,954.0
5.3,180,2,48.44,65.06,55.95,147.12,0.2556,0.2552,66.0,118.0,132.0,83.19,954.0
5.3,180,3,51.8,62.89,52.52,123.88,0.1763,0.2466,64.0,121.0,133.0,85.71,954.0
5.3,180,4,50.24,62.05,48.78,113.43,0.2138,0.2433,63.0,120.0,135.0,86.54,954.0
5.3,240,1,52.3,65.72,50.74,113.77,0.2279,0.2577,66.0,119.0,135.0,83.41,1272.0
5.3,240,2,49.24,62.25,50.73,126.87,0.2089,0.2441,63.0,120.0,133.0,86.5,1272.0
5.3,240,3,54.99,66.0,53.8,114.14,0.185,0.2588,68.0,120.0,134.0,81.61,1272.0
5.3,240,4,54.13,62.68,52.56,110.66,0.1615,0.2458,64.0,123.0,133.0,86.13,1272.0
5.3,300,1,52.69,63.59,48.54,103.46,0.2366,0.2494,64.0,121.0,136.0,85.8,1590.0
5.3,300,2,53.73,65.47,52.63,114.84,0.1962,0.2567,67.0,120.0,135.0,82.62,1590.0
5.3,300,3,54.65,57.99,49.67,84.12,0.1435,0.2274,60.0,125.0,133.0,90.48,1590.0
5.3,300,4,52.0,62.48,50.51,112.54,0.1916,0.245,63.0,121.0,134.0,86.71,1590.0
5.3,360,1,53.87,61.99,48.75,96.81,0.2136,0.2431,63.0,122.0,135.0,86.94,1908.0
5.3,360,2,53.94,61.71,51.67,106.43,0.1626,0.242,63.0,123.0,133.0,87.1,1908.0
5.3,360,3,52.83,62.94,47.07,98.24,0.2522,0.2468,63.0,120.0,136.0,86.59,1908.0
5.3,360,4,50.83,64.25,52.32,126.65,0.2088,0.252,65.0,119.0,133.0,84.35,1908.0
5.3,480,1,54.07,61.69,53.13,113.47,0.1388,0.2419,63.0,123.0,132.0,87.1,2544.0
5.3,480,2,51.62,60.48,51.43,118.74,0.1496,0.2372,62.0,122.0,132.0,87.86,2544.0
5.3,480,3,49.22,62.14,51.28,129.55,0.2079,0.2437,63.0,120.0,133.0,86.5,2544.0
5.3,480,4,50.73,61.8,51.06,121.8,0.179,0.2423,63.0,121.0,133.0,86.69,2544.0
5.4,0,1,89.43,154.26,133.77,161.03,0.4202,0.6049,150.0,102.0,133.0,3.0,0.0
5.4,0,2,89.75,150.18,133.97,163.91,0.4024,0.5889,147.0,104.0,131.0,1.41,0.0
5.4,0,3,92.19,148.75,134.19,164.55,0.3802,0.5833,146.0,106.0,130.0,3.46,0.0
5.4,0,4,91.75,151.71,128.14,156.41,0.3952,0.5949,148.0,103.0,134.0,2.24,0.0
5.4,1,1,83.62,125.5,105.25,150.99,0.3337,0.4922,125.0,109.0,134.0,23.62,5.4
5.4,1,2,77.43,124.36,110.39,162.14,0.3774,0.4877,124.0,109.0,131.0,24.54,5.4
5.4,1,3,82.64,122.47,106.46,155.88,0.3252,0.4803,122.0,110.0,132.0,26.68,5.4
5.4,1,4,81.61,125.59,108.82,157.12,0.3502,0.4925,125.0,109.0,132.0,23.54,5.4
5.4,2,1,77.47,113.7,96.92,152.21,0.3186,0.4459,114.0,111.0,133.0,34.73,10.8
5.4,2,2,74.92,114.36,100.32,158.65,0.3449,0.4485,114.0,111.0,131.0,34.73,10.8
5.4,2,3,73.85,114.6,97.06,154.18,0.3556,0.4494,114.0,109.0,133.0,34.38,10.8
5.4,2,4,76.24,115.77,100.63,157.02,0.3414,0.454,115.0,111.0,132.0,33.73,10.8
5.4,5,1,64.44,98.48,85.45,157.02,0.3456,0.3862,99.0,112.0,132.0,49.65,27.0
5.4,5,2,65.46,98.19,81.91,150.15,0.3333,0.3851,99.0,112.0,134.0,49.69,27.0
5.4,5,3,69.07,99.77,81.21,143.72,0.3077,0.3913,100.0,113.0,135.0,48.93,27.0
5.4,5,4,66.41,95.43,81.95,152.14,0.3041,0.3742,96.0,114.0,132.0,52.95,27.0
5.4,10,1,63.38,89.75,73.51,143.05,0.2938,0.352,90.0,114.0,134.0,58.89,54.0
5.4,10,2,61.95,87.87,72.11,143.5,0.295,0.3446,88.0,115.0,134.0,61.03,54.0
5.4,10,3,60.73,90.36,71.49,141.8,0.3279,0.3543,90.0,112.0,135.0,58.63,54.0
5.4,10,4,60.73,87.17,71.9,145.34,0.3033,0.3418,88.0,114.0,134.0,60.86,54.0
5.4,15,1,63.74,82.69,70.68,141.97,0.2291,0.3243,84.0,117.0,133.0,65.31,81.0
5.4,15,2,58.93,83.25,71.46,150.92,0.2922,0.3265,84.0,116.0,132.0,65.12,81.0
5.4,15,3,59.84,84.51,68.58,141.25,0.2918,0.3314,85.0,115.0,134.0,63.98,81.0
5.4,15,4,61.97,82.41,68.13,138.1,0.2481,0.3232,84.0,116.0,134.0,65.15,81.0
5.4,30,1,56.96,74.79,58.09,123.8,0.2384,0.2933,76.0,117.0,135.0,73.23,162.0
5.4,30,2,55.65,76.29,61.23,136.22,0.2705,0.2992,77.0,116.0,134.0,72.03,162.0
5.4,30,3,59.89,77.33,63.71,133.13,0.2256,0.3033,79.0,118.0,134.0,70.43,162.0
5.4,30,4,52.65,76.1,64.75,150.98,0.3082,0.2984,77.0,116.0,132.0,72.01,162.0
5.4,45,1,55.84,70.97,62.39,145.98,0.2131,0.2783,72.0,120.0,131.0,77.67,243.0
5.4,45,2,52.28,74.85,59.29,138.63,0.3015,0.2935,75.0,116.0,134.0,74.01,243.0
5.4,45,3,55.94,74.68,56.15,120.68,0.251,0.2929,75.0,116.0,137.0,74.15,243.0
5.4,45,4,57.75,71.73,57.12,117.4,0.2037,0.2813,73.0,119.0,135.0,76.54,243.0
5.4,60,1,55.84,68.11,54.94,115.9,0.1935,0.2671,70.0,119.0,135.0,79.49,324.0
5.4,60,2,55.74,69.72,57.79,128.78,0.2005,0.2734,71.0,120.0,133.0,78.65,324.0
5.4,60,3,54.21,69.32,56.85,130.49,0.2179,0.2718,70.0,119.0,134.0,79.45,324.0
5.4,60,4,54.84,69.75,53.8,116.09,0.2287,0.2735,70.0,118.0,136.0,79.35,324.0
5.4,90,1,52.61,66.07,56.01,135.19,0.2038,0.2591,68.0,120.0,132.0,81.58,486.0
5.4,90,2,53.66,70.7,52.29,115.53,0.2604,0.2773,71.0,117.0,137.0,78.25,486.0
5.4,90,3,52.73,66.82,55.42,131.44,0.2109,0.2621,68.0,120.0,133.0,81.59,486.0
5.4,90,4,55.1,67.5,56.15,125.06,0.1837,0.2647,69.0,120.0,133.0,80.61,486.0
5.4,120,1,51.56,63.92,53.59,129.85,0.1934,0.2507,65.0,121.0,132.0,84.72,648.0
5.4,120,2,51.33,66.22,58.25,147.89,0.225,0.2597,68.0,120.0,131.0,81.59,648.0
5.4,120,3,52.86,67.98,52.49,118.56,0.2279,0.2666,68.0,118.0,135.0,81.27,648.0
5.4,120,4,56.27,65.85,54.26,109.56,0.1761,0.2582,68.0,122.0,134.0,82.02,648.0
5.4,180,1,50.33,63.64,53.63,134.86,0.209,0.2496,64.0,121.0,132.0,85.7,972.0
5.4,180,2,51.35,66.41,53.47,128.42,0.2267,0.2604,67.0,119.0,134.0,82.4,972.0
5.4,180,3,50.44,65.42,52.67,128.92,0.229,0.2566,66.0,119.0,134.0,83.38,972.0
5.4,180,4,48.91,62.24,53.12,138.95,0.2142,0.2441,63.0,120.0,131.0,86.5,972.0
5.4,240,1,50.59,66.67,52.46,126.98,0.2411,0.2614,67.0,118.0,135.0,82.26,1296.0
5.4,240,2,51.58,62.88,47.27,103.42,0.2482,0.2466,63.0,120.0,136.0,86.59,1296.0
5.4,240,3,51.37,63.02,49.52,111.81,0.2142,0.2472,64.0,120.0,135.0,85.56,1296.0
5.4,240,4,44.38,66.37,47.55,128.64,0.3313,0.2603,65.0,115.0,137.0,83.87,1296.0
5.4,300,1,51.2,60.7,51.93,124.63,0.1565,0.2381,62.0,122.0,132.0,87.86,1620.0
5.4,300,2,52.63,62.71,50.79,110.72,0.1901,0.2459,64.0,121.0,134.0,85.73,1620.0
5.4,300,3,48.98,62.84,50.28,125.64,0.2205,0.2464,63.0,119.0,133.0,86.32,1620.0
5.4,300,4,52.25,62.95,48.19,103.5,0.2344,0.2468,63.0,121.0,135.0,86.74,1620.0
5.4,360,1,49.73,62.7,50.25,122.4,0.2069,0.2459,63.0,120.0,133.0,86.5,1944.0
5.4,360,2,53.14,58.25,50.88,101.58,0.1266,0.2284,61.0,124.0,132.0,89.27,1944.0
5.4,360,3,50.1,61.11,53.01,135.9,0.1802,0.2396,63.0,122.0,131.0,86.89,1944.0
5.4,360,4,53.43,62.77,50.62,106.09,0.1935,0.2461,64.0,122.0,134.0,85.93,1944.0
5.4,480,1,53.73,60.5,47.25,90.66,0.219,0.2373,62.0,122.0,135.0,87.91,2592.0
5.4,480,2,51.22,58.31,50.49,114.39,0.1342,0.2287,60.0,123.0,132.0,90.03,2592.0
5.4,480,3,50.09,60.64,46.11,103.58,0.2396,0.2378,61.0,120.0,135.0,88.51,2592.0
5.4,480,4,48.74,61.74,51.61,133.25,0.2105,0.2421,62.0,120.0,132.0,87.48,2592.0
5.5,0,1,88.19,149.58,129.51,160.38,0.4104,0.5866,146.0,103.0,132.0,2.24,0.0
5.5,0,2,94.09,154.64,134.78,160.32,0.3916,0.6064,151.0,104.0,132.0,3.0,0.0
5.5,0,3,93.1,150.96,129.5,157.75,0.3833,0.592,147.0,104.0,133.0,1.41,0.0
5.5,0,4,91.71,151.54,131.01,159.41,0.3948,0.5943,148.0,104.0,132.0,0.0,0.0
5.5,1,1,82.4,125.01,107.5,155.34,0.3409,0.4902,125.0,109.0,133.0,23.56,5.5
5.5,1,2,82.22,122.72,107.45,157.37,0.33,0.4813,122.0,111.0,132.0,26.93,5.5
5.5,1,3,80.51,121.89,108.14,160.07,0.3395,0.478,121.0,111.0,131.0,27.91,5.5
5.5,1,4,83.84,126.61,106.82,152.24,0.3378,0.4965,126.0,108.0,134.0,22.45,5.5
5.5,2,1,73.63,114.23,93.04,148.69,0.3554,0.448,114.0,109.0,135.0,34.5,11.0
5.5,2,2,72.76,115.24,96.76,153.9,0.3686,0.4519,115.0,108.0,134.0,33.3,11.0
5.5,2,3,72.79,116.2,95.13,150.87,0.3736,0.4557,115.0,108.0,135.0,33.38,11.0
5.5,2,4,73.92,112.67,96.47,154.92,0.3439,0.4418,112.0,110.0,133.0,36.51,11.0
5.5,5,1,70.45,99.71,82.27,144.25,0.2934,0.391,100.0,113.0,134.0,48.88,27.5
5.5,5,2,63.79,98.32,83.42,154.11,0.3513,0.3856,98.0,112.0,132.0,50.64,27.5
5.5,5,3,68.11,97.46,81.44,147.24,0.3011,0.3822,98.0,113.0,134.0,50.84,27.5
5.5,5,4,68.48,96.68,82.54,149.9,0.2917,0.3792,97.0,115.0,133.0,52.18,27.5
5.5,10,1,66.23,87.76,73.5,140.24,0.2453,0.3442,89.0,117.0,133.0,60.42,55.0
5.5,10,2,60.93,86.5,72.76,147.75,0.2957,0.3392,87.0,115.0,133.0,61.99,55.0
5.5,10,3,60.76,86.26,73.32,149.55,0.2957,0.3383,87.0,115.0,132.0,61.98,55.0
5.5,10,4,63.07,85.8,69.13,136.0,0.265,0.3365,87.0,115.0,135.0,62.06,55.0
5.5,15,1,58.21,80.44,64.62,137.31,0.2764,0.3155,81.0,116.0,135.0,68.13,82.5
5.5,15,2,61.84,80.62,66.86,136.04,0.233,0.3161,82.0,117.0,134.0,67.3,82.5
5.5,15,3,61.8,82.92,66.92,134.54,0.2546,0.3252,83.0,116.0,135.0,66.17,82.5
5.5,15,4,61.0,83.0,66.62,135.32,0.2651,0.3255,84.0,115.0,135.0,65.01,82.5
5.5,30,1,55.35,73.52,61.05,138.82,0.2472,0.2883,75.0,118.0,133.0,74.34,165.0
5.5,30,2,57.66,71.16,62.94,143.47,0.1898,0.2791,73.0,120.0,132.0,76.69,165.0
5.5,30,3,55.98,74.04,64.1,146.98,0.2438,0.2903,76.0,118.0,132.0,73.35,165.0
5.5,30,4,60.85,71.41,57.16,104.46,0.1996,0.28,74.0,120.0,135.0,75.77,165.0
5.5,45,1,58.16,73.68,57.44,117.36,0.2204,0.2889,75.0,118.0,136.0,74.44,247.5
5.5,45,2,59.55,71.6,54.63,102.6,0.2369,0.2808,73.0,119.0,137.0,76.65,247.5
5.5,45,3,55.28,73.52,61.92,141.84,0.2481,0.2883,75.0,118.0,133.0,74.34,247.5
5.5,45,4,53.87,71.5,58.23,134.84,0.2466,0.2804,72.0,118.0,134.0,77.3,247.5
5.5,60,1,51.07,74.53,56.38,133.58,0.3148,0.2923,74.0,115.0,136.0,74.92,330.0
5.5,60,2,53.5,72.48,54.04,121.68,0.2618,0.2842,73.0,117.0,136.0,76.22,330.0
5.5,60,3,53.27,71.02,58.98,139.32,0.25,0.2785,72.0,118.0,134.0,77.3,330.0
5.5,60,4,51.26,68.75,58.24,143.96,0.2544,0.2696,69.0,119.0,132.0,80.41,330.0
5.5,90,1,51.91,70.37,55.58,131.92,0.2624,0.276,71.0,117.0,135.0,78.15,495.0
5.5,90,2,55.92,63.57,55.06,113.96,0.1338,0.2493,65.0,123.0,131.0,85.15,495.0
5.5,90,3,54.63,65.42,52.4,109.74,0.199,0.2566,67.0,120.0,135.0,82.62,495.0
5.5,90,4,52.3,67.61,50.61,114.05,0.2514,0.2651,68.0,118.0,136.0,81.31,495.0
5.5,120,1,53.46,64.89,50.65,108.15,0.2194,0.2545,66.0,121.0,135.0,83.8,660.0
5.5,120,2,54.57,65.66,50.43,103.7,0.232,0.2575,67.0,120.0,136.0,82.66,660.0
5.5,120,3,51.09,67.5,49.04,113.33,0.2735,0.2647,68.0,118.0,137.0,81.37,660.0
5.5,120,4,50.24,64.71,53.55,133.74,0.2237,0.2538,65.0,120.0,133.0,84.53,660.0
5.5,180,1,52.61,65.3,55.39,133.13,0.1944,0.2561,67.0,120.0,132.0,82.57,990.0
5.5,180,2,54.15,64.57,49.82,102.37,0.2285,0.2532,66.0,120.0,136.0,83.64,990.0
5.5,180,3,52.29,63.92,53.68,127.2,0.182,0.2507,65.0,121.0,132.0,84.72,990.0
5.5,180,4,49.5,64.41,51.16,126.72,0.2315,0.2526,65.0,119.0,134.0,84.37,990.0
5.5,240,1,53.44,63.08,50.26,105.11,0.2033,0.2474,65.0,121.0,135.0,84.78,1320.0
5.5,240,2,50.66,65.08,49.06,114.03,0.2461,0.2552,66.0,118.0,136.0,83.28,1320.0
5.5,240,3,48.39,61.5,52.24,137.63,0.2132,0.2412,62.0,120.0,132.0,87.48,1320.0
5.5,240,4,53.91,62.64,50.96,104.83,0.1865,0.2456,64.0,122.0,134.0,85.93,1320.0
5.5,300,1,52.28,59.74,46.31,93.36,0.2248,0.2343,61.0,122.0,135.0,88.89,1650.0
5.5,300,2,50.91,66.38,50.81,119.61,0.2346,0.2603,67.0,118.0,136.0,82.3,1650.0
5.5,300,3,50.1,63.61,49.99,119.54,0.2141,0.2494,64.0,119.0,135.0,85.38,1650.0
5.5,300,4,53.62,61.24,50.31,101.84,0.1785,0.2402,63.0,123.0,134.0,87.12,1650.0
5.5,360,1,52.76,57.41,48.23,90.4,0.1598,0.2251,59.0,124.0,133.0,91.22,1980.0
5.5,360,2,53.47,61.1,55.17,133.32,0.1248,0.2396,63.0,123.0,130.0,87.12,1980.0
5.5,360,3,46.15,62.24,48.26,127.86,0.2584,0.2441,62.0,119.0,135.0,87.35,1980.0
5.5,360,4,51.96,62.41,45.86,97.88,0.2652,0.2447,63.0,120.0,137.0,86.64,1980.0
5.5,480,1,52.23,60.13,47.79,98.4,0.2052,0.2358,62.0,122.0,135.0,87.91,2640.0
5.5,480,2,52.64,59.87,50.08,104.28,0.1635,0.2348,61.0,123.0,132.0,89.05,2640.0
5.5,480,3,50.06,60.28,50.55,122.89,0.1695,0.2364,61.0,122.0,133.0,88.85,2640.0
5.5,480,4,51.04,59.03,46.37,97.86,0.2145,0.2315,61.0,122.0,135.0,88.89,2640.0
5.6,0,1,93.26,149.03,130.84,160.43,0.3742,0.5844,147.0,105.0,132.0,1.41,0.0
5.6,0,2,91.52,151.02,130.77,159.58,0.394,0.5922,148.0,103.0,133.0,1.41,0.0
5.6,0,3,88.79,151.27,132.35,161.83,0.413,0.5932,148.0,103.0,132.0,1.0,0.0
5.6,0,4,90.97,153.28,129.75,157.34,0.4065,0.6011,149.0,102.0,134.0,3.0,0.0
5.6,1,1,82.1,126.55,107.34,154.07,0.3512,0.4963,126.0,108.0,134.0,22.45,5.6
5.6,1,2,83.06,123.52,107.72,156.57,0.3276,0.4844,123.0,110.0,132.0,25.71,5.6
5.6,1,3,80.76,125.5,110.54,159.93,0.3565,0.4921,125.0,109.0,131.0,23.56,5.6
5.6,1,4,79.77,123.07,104.82,154.71,0.3518,0.4826,123.0,108.0,134.0,25.4,5.6
5.6,2,1,75.94,111.34,95.01,152.32,0.318,0.4366,112.0,112.0,133.0,36.89,11.2
5.6,2,2,75.55,112.1,95.41,152.61,0.3261,0.4396,113.0,111.0,133.0,35.71,11.2
5.6,2,3,75.4,115.09,94.77,149.29,0.3448,0.4513,115.0,109.0,135.0,33.51,11.2
5.6,2,4,75.84,113.26,93.63,148.52,0.3304,0.4442,113.0,110.0,135.0,35.64,11.2
5.6,5,1,65.37,96.73,81.92,151.66,0.3242,0.3793,97.0,113.0,133.0,51.8,28.0
5.6,5,2,68.13,97.38,82.23,148.92,0.3003,0.3819,98.0,114.0,133.0,51.0,28.0
5.6,5,3,64.31,93.94,86.65,165.25,0.3154,0.3684,95.0,116.0,129.0,54.42,28.0
5.6,5,4,69.15,97.7,82.48,148.02,0.2922,0.3831,99.0,114.0,133.0,50.02,28.0
5.6,10,1,61.84,89.1,72.1,142.58,0.3059,0.3494,90.0,113.0,135.0,58.77,56.0
5.6,10,2,62.74,87.93,74.3,147.55,0.2865,0.3448,88.0,115.0,133.0,61.01,56.0
5.6,10,3,62.27,90.04,68.31,133.04,0.3084,0.3531,91.0,112.0,137.0,57.78,56.0
5.6,10,4,60.49,89.04,71.49,143.12,0.3207,0.3492,90.0,113.0,135.0,58.77,56.0
5.6,15,1,58.26,81.13,66.78,142.35,0.2819,0.3182,82.0,116.0,134.0,67.11,84.0
5.6,15,2,55.51,82.88,65.17,141.18,0.3302,0.325,82.0,114.0,135.0,66.82,84.0
5.6,15,3,59.29,83.9,64.7,133.19,0.2933,0.329,84.0,115.0,136.0,65.06,84.0
5.6,15,4,62.31,83.49,66.33,131.39,0.2538,0.3274,85.0,116.0,135.0,64.2,84.0
5.6,30,1,56.23,72.1,60.73,137.02,0.2201,0.2827,74.0,119.0,133.0,75.51,168.0
5.6,30,2,54.62,73.48,61.52,141.94,0.2567,0.2882,74.0,118.0,133.0,75.32,168.0
5.6,30,3,56.37,75.27,64.84,146.88,0.2511,0.2952,77.0,118.0,132.0,72.37,168.0
5.6,30,4,56.8,75.32,63.96,143.19,0.2459,0.2954,77.0,118.0,133.0,72.37,168.0
5.6,45,1,57.86,68.97,53.49,103.08,0.2244,0.2705,70.0,120.0,135.0,79.68,252.0
5.6,45,2,53.5,74.65,57.5,131.35,0.2833,0.2928,75.0,115.0,136.0,73.93,252.0
5.6,45,3,57.66,69.01,54.25,106.16,0.2138,0.2706,71.0,120.0,136.0,78.75,252.0
5.6,45,4,50.97,69.46,56.89,139.23,0.2662,0.2724,70.0,117.0,133.0,79.08,252.0
5.6,60,1,53.89,70.56,55.38,125.39,0.2363,0.2767,71.0,118.0,135.0,78.32,336.0
5.6,60,2,52.94,69.39,55.69,130.04,0.2371,0.2721,70.0,118.0,134.0,79.27,336.0
5.6,60,3,55.73,65.34,53.81,110.02,0.1764,0.2562,67.0,121.0,134.0,82.79,336.0
5.6,60,4,53.88,64.28,56.14,133.01,0.1617,0.2521,66.0,122.0,131.0,83.96,336.0
5.6,90,1,53.27,65.81,52.98,118.63,0.195,0.2581,67.0,120.0,135.0,82.62,504.0
5.6,90,2,53.61,67.26,55.29,127.39,0.2029,0.2638,69.0,120.0,133.0,80.61,504.0
5.6,90,3,51.33,71.18,52.74,124.27,0.2788,0.2791,72.0,115.0,137.0,76.95,504.0
5.6,90,4,52.9,68.15,57.73,139.02,0.2237,0.2672,69.0,119.0,133.0,80.42,504.0
5.6,120,1,51.54,67.13,51.06,118.2,0.2394,0.2632,68.0,118.0,136.0,81.31,672.0
5.6,120,2,55.61,62.98,51.08,97.14,0.1889,0.247,65.0,123.0,134.0,85.17,672.0
5.6,120,3,52.2,63.27,50.07,110.33,0.2086,0.2481,65.0,121.0,135.0,84.78,672.0
5.6,120,4,52.86,65.97,51.0,112.53,0.227,0.2587,66.0,119.0,135.0,83.41,672.0
5.6,180,1,51.52,64.66,50.38,115.22,0.2207,0.2536,65.0,119.0,135.0,84.4,1008.0
5.6,180,2,52.29,60.0,51.54,114.7,0.141,0.2353,61.0,124.0,132.0,89.27,1008.0
5.6,180,3,49.41,62.51,49.23,119.19,0.2125,0.2451,63.0,120.0,134.0,86.52,1008.0
5.6,180,4,50.28,61.2,52.48,132.09,0.1785,0.24,63.0,121.0,132.0,86.68,1008.0
5.6,240,1,47.89,60.88,49.27,126.37,0.2134,0.2387,61.0,120.0,133.0,88.46,1344.0
5.6,240,2,51.64,64.19,51.57,119.67,0.1967,0.2517,65.0,120.0,134.0,84.55,1344.0
5.6,240,3,49.18,62.52,48.68,117.82,0.2214,0.2452,63.0,120.0,135.0,86.54,1344.0
5.6,240,4,51.12,63.16,48.89,110.62,0.2259,0.2477,64.0,120.0,136.0,85.6,1344.0
5.6,300,1,48.21,62.01,43.86,105.62,0.2927,0.2432,62.0,118.0,138.0,87.34,1680.0
5.6,300,2,53.18,62.68,49.09,101.92,0.2168,0.2458,64.0,122.0,135.0,85.96,1680.0
5.6,300,3,49.74,61.13,50.09,121.81,0.1862,0.2397,62.0,120.0,133.0,87.48,1680.0
5.6,300,4,53.16,62.43,46.89,95.79,0.2489,0.2448,64.0,120.0,137.0,85.66,1680.0
5.6,360,1,54.09,60.53,51.1,101.01,0.1558,0.2374,63.0,123.0,133.0,87.1,2016.0
5.6,360,2,51.29,63.72,50.26,115.39,0.2112,0.2499,64.0,121.0,134.0,85.73,2016.0
5.6,360,3,52.38,62.99,49.34,106.65,0.2166,0.247,64.0,120.0,135.0,85.56,2016.0
5.6,360,4,51.83,65.45,45.41,100.78,0.3062,0.2567,66.0,117.0,138.0,83.24,2016.0
5.6,480,1,50.38,59.64,48.58,110.22,0.1854,0.2339,61.0,121.0,134.0,88.67,2688.0
5.6,480,2,50.04,57.85,46.63,101.72,0.194,0.2269,58.0,123.0,134.0,92.01,2688.0
5.6,480,3,52.2,59.12,46.66,93.3,0.2108,0.2318,61.0,122.0,135.0,88.89,2688.0
5.6,480,4,52.9,61.25,43.98,89.03,0.282,0.2402,62.0,120.0,138.0,87.68,2688.0
5.7,0,1,90.8,150.78,129.66,158.87,0.3978,0.5913,147.0,103.0,133.0,1.73,0.0
5.7,0,2,89.46,150.87,132.81,162.35,0.4071,0.5917,147.0,104.0,131.0,1.41,0.0
5.7,0,3,88.86,150.38,133.14,163.19,0.4091,0.5897,147.0,104.0,131.0,1.41,0.0
5.7,0,4,88.37,146.36,131.67,164.8,0.3962,0.574,144.0,105.0,130.0,4.58,0.0
5.7,1,1,83.33,124.01,106.65,154.4,0.328,0.4863,124.0,109.0,133.0,24.54,5.7
5.7,1,2,79.33,120.92,108.19,161.64,0.344,0.4742,120.0,111.0,130.0,28.93,5.7
5.7,1,3,79.39,124.6,108.35,158.44,0.3629,0.4886,124.0,109.0,132.0,24.52,5.7
5.7,1,4,78.28,122.49,106.59,158.42,0.3609,0.4803,122.0,109.0,132.0,26.48,5.7
5.7,2,1,74.02,113.22,94.33,151.09,0.3463,0.444,113.0,110.0,134.0,35.57,11.4
5.7,2,2,75.68,111.88,95.59,153.0,0.3236,0.4388,112.0,112.0,133.0,36.89,11.4
5.7,2,3,74.37,111.39,95.34,153.99,0.3323,0.4368,112.0,111.0,133.0,36.69,11.4
5.7,2,4,76.07,111.16,98.16,157.77,0.3156,0.4359,112.0,112.0,131.0,36.89,11.4
5.7,5,1,65.37,93.87,79.65,150.06,0.3036,0.3681,94.0,114.0,133.0,54.93,28.5
5.7,5,2,65.45,96.15,81.14,150.67,0.3193,0.3771,97.0,113.0,133.0,51.8,28.5
5.7,5,3,64.66,97.89,79.38,146.58,0.3395,0.3839,97.0,112.0,134.0,51.66,28.5
5.7,5,4,69.2,97.74,76.42,135.17,0.292,0.3833,98.0,113.0,137.0,51.05,28.5
5.7,10,1,60.7,87.45,70.24,141.39,0.3059,0.3429,88.0,114.0,135.0,60.9,57.0
5.7,10,2,62.66,86.12,73.18,146.89,0.2724,0.3377,88.0,116.0,133.0,61.2,57.0
5.7,10,3,64.39,83.01,70.97,141.18,0.2244,0.3255,85.0,118.0,133.0,64.54,57.0
5.7,10,4,62.31,84.55,67.17,133.12,0.2631,0.3316,86.0,115.0,135.0,63.04,57.0
5.7,15,1,57.8,82.89,66.32,140.36,0.3026,0.325,83.0,115.0,134.0,65.95,85.5
5.7,15,2,57.92,82.17,68.22,145.48,0.2951,0.3222,83.0,115.0,133.0,65.93,85.5
5.7,15,3,58.34,82.69,66.77,140.77,0.2945,0.3243,83.0,115.0,134.0,65.95,85.5
5.7,15,4,59.67,78.59,64.25,134.54,0.2407,0.3082,80.0,118.0,134.0,69.46,85.5
5.7,30,1,58.45,69.15,61.04,134.52,0.1546,0.2712,72.0,122.0,131.0,78.11,171.0
5.7,30,2,58.38,73.16,57.94,118.27,0.208,0.2869,75.0,118.0,136.0,74.44,171.0
5.7,30,3,54.76,70.82,58.69,134.7,0.2268,0.2777,72.0,118.0,133.0,77.29,171.0
5.7,30,4,56.71,76.45,59.5,128.47,0.2582,0.2998,77.0,116.0,136.0,72.12,171.0
5.7,45,1,54.23,67.0,57.76,136.59,0.1906,0.2627,68.0,121.0,132.0,81.79,256.5
5.7,45,2,56.29,67.45,61.33,147.07,0.1655,0.2645,70.0,122.0,130.0,80.07,256.5
5.7,45,3,56.58,75.29,56.69,120.34,0.2485,0.2953,76.0,116.0,137.0,73.16,256.5
5.7,45,4,58.17,72.76,58.51,121.4,0.2005,0.2853,74.0,119.0,135.0,75.56,256.5
5.7,60,1,54.98,66.1,58.03,136.45,0.1682,0.2592,68.0,121.0,131.0,81.79,342.0
5.7,60,2,52.91,71.48,52.79,119.62,0.2614,0.2803,72.0,116.0,137.0,77.1,342.0
5.7,60,3,54.35,68.75,52.73,113.93,0.2331,0.2696,69.0,119.0,136.0,80.51,342.0
5.7,60,4,55.26,72.19,57.7,128.64,0.2345,0.2831,73.0,118.0,135.0,76.35,342.0
5.7,90,1,55.03,65.65,51.97,106.57,0.2084,0.2574,67.0,120.0,135.0,82.62,513.0
5.7,90,2,51.98,65.45,54.9,133.0,0.2058,0.2567,66.0,120.0,133.0,83.55,513.0
5.7,90,3,55.75,64.75,51.66,101.23,0.2022,0.2539,66.0,121.0,135.0,83.8,513.0
5.7,90,4,53.19,67.99,51.99,115.49,0.2354,0.2666,69.0,119.0,136.0,80.51,513.0
5.7,120,1,52.54,67.34,48.06,106.06,0.2863,0.2641,68.0,118.0,138.0,81.44,684.0
5.7,120,2,51.53,61.99,50.43,114.3,0.1865,0.2431,63.0,122.0,134.0,86.91,684.0
5.7,120,3,55.9,63.89,51.53,98.78,0.1935,0.2505,65.0,122.0,134.0,84.95,684.0
5.7,120,4,53.38,69.43,51.73,114.42,0.2549,0.2723,70.0,118.0,137.0,79.4,684.0
5.7,180,1,48.23,62.22,50.27,128.76,0.2248,0.244,63.0,119.0,133.0,86.32,1026.0
5.7,180,2,53.13,61.3,50.24,104.32,0.1805,0.2404,63.0,123.0,134.0,87.12,1026.0
5.7,180,3,52.13,65.01,54.76,132.27,0.1982,0.2549,67.0,120.0,133.0,82.57,1026.0
5.7,180,4,49.87,63.68,49.42,118.1,0.224,0.2497,64.0,119.0,135.0,85.38,1026.0
5.7,240,1,49.4,63.31,46.92,110.92,0.2588,0.2483,64.0,118.0,137.0,85.31,1368.0
5.7,240,2,52.56,61.13,47.85,98.71,0.2172,0.2397,63.0,121.0,135.0,86.74,1368.0
5.7,240,3,51.55,62.61,49.83,111.91,0.2041,0.2455,63.0,120.0,134.0,86.52,1368.0
5.7,240,4,50.69,61.96,44.26,98.19,0.2857,0.243,62.0,120.0,137.0,87.62,1368.0
5.7,300,1,49.29,59.46,44.39,100.5,0.2535,0.2332,60.0,121.0,136.0,89.72,1710.0
5.7,300,2,47.3,63.69,46.8,118.22,0.2652,0.2498,63.0,117.0,136.0,86.08,1710.0
5.7,300,3,50.65,63.1,46.18,104.15,0.2681,0.2475,64.0,119.0,137.0,85.48,1710.0
5.7,300,4,50.49,62.94,47.59,108.64,0.2439,0.2468,63.0,120.0,136.0,86.59,1710.0
5.7,360,1,51.71,60.72,49.48,108.09,0.1851,0.2381,62.0,122.0,134.0,87.89,2052.0
5.7,360,2,51.99,58.77,48.37,99.11,0.1769,0.2305,60.0,123.0,133.0,90.03,2052.0
5.7,360,3,51.86,62.0,47.19,101.08,0.2389,0.2431,63.0,120.0,135.0,86.54,2052.0
5.7,360,4,50.71,60.34,47.26,104.18,0.2167,0.2366,61.0,121.0,135.0,88.7,2052.0
5.7,480,1,49.52,63.88,45.27,106.29,0.2913,0.2505,64.0,118.0,137.0,85.31,2736.0
5.7,480,2,45.81,62.43,45.91,120.35,0.2661,0.2448,62.0,118.0,136.0,87.22,2736.0
5.7,480,3,51.56,62.0,47.64,103.64,0.2315,0.2431,63.0,120.0,135.0,86.54,2736.0
5.7,480,4,54.02,57.46,48.72,83.61,0.1521,0.2253,60.0,124.0,133.0,90.25,2736.0
5.8,0,1,92.05,152.73,131.31,158.82,0.3973,0.599,149.0,104.0,133.0,1.41,0.0
5.8,0,2,92.95,152.09,129.67,157.26,0.3889,0.5964,149.0,103.0,134.0,2.45,0.0
5.8,0,3,89.95,151.53,133.58,162.51,0.4064,0.5942,148.0,104.0,131.0,1.0,0.0
5.8,0,4,94.4,153.21,132.51,158.88,0.3838,0.6008,150.0,104.0,133.0,2.24,0.0
5.8,1,1,77.07,126.92,105.17,153.83,0.3928,0.4977,125.0,106.0,134.0,23.17,5.8
5.8,1,2,80.45,122.11,104.71,154.93,0.3412,0.4789,122.0,109.0,133.0,26.5,5.8
5.8,1,3,80.28,120.62,107.37,160.29,0.3344,0.473,120.0,111.0,131.0,28.88,5.8
5.8,1,4,76.47,123.85,102.54,153.02,0.3826,0.4857,122.0,107.0,135.0,26.34,5.8
5.8,2,1,70.37,112.43,91.57,150.24,0.3741,0.4409,112.0,108.0,135.0,36.35,11.6
5.8,2,2,72.71,111.54,98.23,159.42,0.3482,0.4374,112.0,111.0,131.0,36.69,11.6
5.8,2,3,74.51,112.08,95.34,153.27,0.3352,0.4395,112.0,111.0,133.0,36.69,11.6
5.8,2,4,73.22,112.01,93.3,151.06,0.3463,0.4393,112.0,110.0,134.0,36.55,11.6
5.8,5,1,69.92,92.92,78.35,141.98,0.2476,0.3644,94.0,116.0,133.0,55.33,29.0
5.8,5,2,63.87,93.88,80.27,152.79,0.3196,0.3681,94.0,114.0,132.0,54.92,29.0
5.8,5,3,67.58,92.53,79.2,147.95,0.2696,0.3629,94.0,115.0,132.0,55.11,29.0
5.8,5,4,63.61,94.17,78.83,149.88,0.3245,0.3693,95.0,113.0,134.0,53.8,29.0
5.8,10,1,60.35,83.96,68.61,140.99,0.2813,0.3293,84.0,116.0,134.0,65.15,58.0
5.8,10,2,59.61,84.45,73.67,153.96,0.2941,0.3312,85.0,116.0,131.0,64.14,58.0
5.8,10,3,59.87,89.0,75.41,152.0,0.3273,0.349,90.0,114.0,132.0,58.86,58.0
5.8,10,4,61.2,86.31,70.18,141.46,0.291,0.3385,87.0,115.0,134.0,62.02,58.0
5.8,15,1,59.37,80.8,70.84,152.12,0.2653,0.3169,82.0,117.0,131.0,67.28,87.0
5.8,15,2,61.3,82.99,66.57,134.56,0.2613,0.3255,83.0,116.0,135.0,66.17,87.0
5.8,15,3,61.38,76.07,66.22,139.78,0.1931,0.2983,78.0,120.0,132.0,71.81,87.0
5.8,15,4,59.26,78.93,65.91,140.28,0.2492,0.3095,80.0,117.0,133.0,69.24,87.0
5.8,30,1,55.57,74.32,60.78,136.66,0.2522,0.2914,75.0,117.0,134.0,74.18,174.0
5.8,30,2,57.3,72.98,59.8,129.56,0.2149,0.2862,74.0,119.0,134.0,75.53,174.0
5.8,30,3,58.36,73.49,60.22,127.37,0.2058,0.2882,75.0,119.0,134.0,74.55,174.0
5.8,30,4,56.36,70.53,59.0,131.19,0.201,0.2766,72.0,120.0,134.0,77.69,174.0
5.8,45,1,52.8,71.81,57.37,134.4,0.2647,0.2816,72.0,117.0,134.0,77.13,261.0
5.8,45,2,55.93,68.93,57.01,124.99,0.1887,0.2703,70.0,120.0,133.0,79.63,261.0
5.8,45,3,57.17,69.66,56.03,114.95,0.1957,0.2732,71.0,120.0,134.0,78.67,261.0
5.8,45,4,53.76,70.5,58.13,135.66,0.2376,0.2765,71.0,118.0,133.0,78.27,261.0
5.8,60,1,53.04,66.58,59.07,146.7,0.2034,0.2611,68.0,121.0,131.0,81.79,348.0
5.8,60,2,55.81,67.32,56.52,123.67,0.1709,0.264,69.0,120.0,133.0,80.61,348.0
5.8,60,3,57.09,67.89,54.5,108.36,0.1972,0.2662,69.0,121.0,134.0,80.83,348.0
5.8,60,4,55.32,65.98,53.81,112.53,0.1844,0.2587,67.0,121.0,134.0,82.79,348.0
5.8,90,1,51.74,67.11,56.69,139.33,0.229,0.2632,69.0,119.0,133.0,80.42,522.0
5.8,90,2,55.65,66.6,51.72,104.16,0.2234,0.2612,68.0,120.0,136.0,81.68,522.0
5.8,90,3,53.25,63.98,51.91,113.33,0.1886,0.2509,65.0,121.0,134.0,84.75,522.0
5.8,90,4,51.74,64.43,51.3,117.97,0.2038,0.2527,65.0,120.0,134.0,84.55,522.0
5.8,120,1,52.38,64.2,50.97,113.61,0.2061,0.2518,66.0,119.0,135.0,83.41,696.0
5.8,120,2,52.57,65.71,48.95,107.04,0.2551,0.2577,66.0,119.0,137.0,83.51,696.0
5.8,120,3,53.83,65.84,51.74,111.09,0.2141,0.2582,67.0,120.0,135.0,82.62,696.0
5.8,120,4,53.99,67.66,48.22,102.19,0.2873,0.2653,68.0,118.0,138.0,81.44,696.0
5.8,180,1,50.77,64.89,46.45,105.97,0.2841,0.2545,65.0,118.0,137.0,84.32,1044.0
5.8,180,2,52.12,61.08,48.43,102.48,0.2071,0.2395,63.0,122.0,135.0,86.94,1044.0
5.8,180,3,52.52,62.52,50.38,109.44,0.1942,0.2452,64.0,121.0,134.0,85.73,1044.0
5.8,180,4,54.33,63.14,49.28,98.14,0.2195,0.2476,65.0,121.0,135.0,84.78,1044.0
5.8,240,1,48.87,57.18,49.2,122.41,0.1453,0.2242,58.0,122.0,132.0,91.78,1392.0
5.8,240,2,50.43,62.71,46.96,106.79,0.2511,0.2459,63.0,120.0,136.0,86.59,1392.0
5.8,240,3,53.75,63.47,50.84,106.18,0.199,0.2489,65.0,121.0,135.0,84.78,1392.0
5.8,240,4,50.54,60.37,47.59,106.12,0.2117,0.2367,61.0,121.0,135.0,88.7,1392.0
5.8,300,1,50.71,61.07,45.21,99.22,0.2597,0.2395,62.0,120.0,136.0,87.57,1740.0
5.8,300,2,49.25,59.77,51.74,134.2,0.176,0.2344,61.0,122.0,132.0,88.84,1740.0
5.8,300,3,48.67,61.81,51.5,132.9,0.2126,0.2424,62.0,120.0,132.0,87.48,1740.0
5.8,300,4,50.68,57.58,48.11,103.7,0.1646,0.2258,59.0,123.0,133.0,91.01,1740.0
5.8,360,1,49.13,57.98,47.83,112.29,0.1751,0.2274,58.0,123.0,133.0,91.99,2088.0
5.8,360,2,49.02,59.19,48.72,118.26,0.1769,0.2321,60.0,121.0,133.0,89.63,2088.0
5.8,360,3,53.03,59.57,46.92,91.0,0.2125,0.2336,61.0,123.0,135.0,89.1,2088.0
5.8,360,4,49.75,61.4,46.67,107.46,0.2398,0.2408,62.0,120.0,136.0,87.57,2088.0
5.8,480,1,54.1,58.34,47.46,83.36,0.1865,0.2288,61.0,124.0,134.0,89.29,2784.0
5.8,480,2,50.94,62.97,49.35,113.01,0.2164,0.247,63.0,120.0,134.0,86.52,2784.0
5.8,480,3,48.42,59.36,45.86,108.61,0.2274,0.2328,60.0,121.0,135.0,89.68,2784.0
5.8,480,4,45.07,59.92,48.28,132.95,0.2477,0.235,59.0,120.0,133.0,90.43,2784.0
5.9,0,1,92.74,149.57,133.19,162.7,0.3799,0.5866,147.0,105.0,131.0,1.73,0.0
5.9,0,2,90.25,154.97,137.68,163.97,0.4176,0.6077,151.0,103.0,131.0,3.32,0.0
5.9,0,3,91.93,153.55,130.96,158.01,0.4013,0.6022,150.0,102.0,134.0,3.46,0.0
5.9,0,4,90.59,149.88,132.26,162.16,0.3956,0.5878,147.0,105.0,131.0,1.73,0.0
5.9,1,1,82.47,125.04,105.87,152.98,0.3404,0.4903,125.0,109.0,134.0,23.62,5.9
5.9,1,2,79.53,125.02,106.24,155.23,0.3639,0.4903,124.0,108.0,133.0,24.35,5.9
5.9,1,3,80.21,119.56,106.19,159.62,0.3291,0.4689,120.0,111.0,131.0,28.88,5.9
5.9,1,4,80.81,126.31,104.76,151.58,0.3602,0.4953,125.0,107.0,135.0,23.39,5.9
5.9,2,1,71.48,111.7,93.75,153.22,0.3601,0.4381,111.0,110.0,134.0,37.54,11.8
5.9,2,2,74.86,109.45,92.21,150.08,0.316,0.4292,110.0,111.0,134.0,38.69,11.8
5.9,2,3,73.48,109.72,93.38,152.96,0.3303,0.4303,110.0,111.0,133.0,38.65,11.8
5.9,2,4,72.12,109.33,91.64,151.48,0.3403,0.4287,109.0,110.0,134.0,39.51,11.8
5.9,5,1,66.24,94.63,80.85,150.87,0.3,0.3711,95.0,114.0,133.0,53.94,29.5
5.9,5,2,67.44,90.28,81.04,155.72,0.253,0.354,92.0,117.0,130.0,57.52,29.5
5.9,5,3,68.31,90.46,83.62,161.48,0.2449,0.3547,93.0,118.0,129.0,56.83,29.5
5.9,5,4,64.62,96.64,81.0,150.71,0.3314,0.379,97.0,113.0,133.0,51.8,29.5
5.9,10,1,64.18,85.73,71.34,139.93,0.2513,0.3362,87.0,117.0,133.0,62.38,59.0
5.9,10,2,59.62,87.57,72.68,148.05,0.3192,0.3434,88.0,114.0,133.0,60.84,59.0
5.9,10,3,62.48,85.89,67.11,131.85,0.2726,0.3368,86.0,115.0,136.0,63.1,59.0
5.9,10,4,63.02,86.72,67.72,131.88,0.2732,0.3401,87.0,115.0,136.0,62.11,59.0
5.9,15,1,59.22,79.27,67.13,143.68,0.253,0.3109,81.0,117.0,133.0,68.26,88.5
5.9,15,2,62.16,77.26,66.33,136.56,0.1954,0.303,80.0,119.0,133.0,69.64,88.5
5.9,15,3,59.9,79.32,65.61,137.63,0.2449,0.3111,81.0,117.0,134.0,68.28,88.5
5.9,15,4,61.99,77.89,65.15,131.93,0.2042,0.3055,79.0,119.0,133.0,70.62,88.5
5.9,30,1,54.6,68.39,54.85,121.06,0.2017,0.2682,70.0,119.0,135.0,79.49,177.0
5.9,30,2,57.07,76.03,59.87,128.87,0.2494,0.2982,77.0,117.0,136.0,72.29,177.0
5.9,30,3,58.45,70.04,59.4,124.91,0.1655,0.2747,72.0,120.0,133.0,77.67,177.0
5.9,30,4,56.52,71.79,55.56,116.44,0.2261,0.2815,73.0,118.0,136.0,76.4,177.0
5.9,45,1,56.41,68.26,58.05,128.32,0.1737,0.2677,70.0,121.0,133.0,79.84,265.5
5.9,45,2,57.21,73.83,57.45,120.87,0.2251,0.2895,75.0,118.0,136.0,74.44,265.5
5.9,45,3,55.06,67.0,56.67,128.11,0.1783,0.2628,69.0,120.0,133.0,80.61,265.5
5.9,45,4,55.76,70.64,50.93,105.3,0.279,0.277,71.0,117.0,138.0,78.32,265.5
5.9,60,1,50.59,64.55,55.71,142.03,0.2163,0.2531,66.0,120.0,132.0,83.55,354.0
5.9,60,2,52.92,64.86,54.07,125.76,0.1841,0.2543,66.0,121.0,133.0,83.75,354.0
5.9,60,3,51.69,68.23,55.19,132.71,0.2425,0.2676,69.0,119.0,134.0,80.44,354.0
5.9,60,4,55.47,64.6,53.97,111.53,0.1646,0.2533,66.0,122.0,133.0,83.96,354.0
5.9,90,1,51.89,66.08,51.77,119.49,0.2165,0.2591,67.0,118.0,135.0,82.26,531.0
5.9,90,2,56.25,65.7,52.12,101.74,0.2067,0.2576,68.0,121.0,135.0,81.84,531.0
5.9,90,3,49.86,65.84,48.59,115.56,0.262,0.2582,66.0,117.0,137.0,83.17,531.0
5.9,90,4,52.89,63.98,49.73,106.69,0.2227,0.2509,65.0,120.0,135.0,84.58,531.0
5.9,120,1,53.03,63.69,52.59,117.57,0.1743,0.2497,65.0,121.0,134.0,84.75,708.0
5.9,120,2,52.56,65.81,50.12,110.7,0.2384,0.2581,66.0,119.0,135.0,83.41,708.0
5.9,120,3,56.8,63.94,53.25,100.05,0.1671,0.2507,66.0,123.0,133.0,84.18,708.0
5.9,120,4,53.57,66.3,50.94,109.74,0.2316,0.26,68.0,119.0,136.0,81.49,708.0
5.9,180,1,50.92,60.05,48.15,106.01,0.1982,0.2355,61.0,121.0,134.0,88.67,1062.0
5.9,180,2,50.81,60.48,47.99,106.45,0.2066,0.2372,61.0,121.0,135.0,88.7,1062.0
5.9,180,3,53.62,60.27,49.72,97.83,0.1752,0.2364,62.0,122.0,134.0,87.89,1062.0
5.9,180,4,48.53,64.41,50.54,127.57,0.2465,0.2526,65.0,118.0,135.0,84.23,1062.0
5.9,240,1,50.83,61.44,54.15,138.77,0.1726,0.2409,63.0,122.0,131.0,86.89,1416.0
5.9,240,2,53.82,60.86,46.67,89.78,0.2331,0.2387,62.0,122.0,136.0,87.95,1416.0
5.9,240,3,52.68,64.18,47.88,102.33,0.254,0.2517,65.0,119.0,137.0,84.49,1416.0
5.9,240,4,50.86,61.17,50.34,117.12,0.177,0.2399,62.0,121.0,133.0,87.67,1416.0
5.9,300,1,50.7,59.59,46.54,100.87,0.219,0.2337,61.0,121.0,135.0,88.7,1770.0
5.9,300,2,49.48,64.47,48.9,117.75,0.2415,0.2528,65.0,118.0,136.0,84.27,1770.0
5.9,300,3,52.86,62.31,48.65,101.48,0.2193,0.2444,63.0,121.0,135.0,86.74,1770.0
5.9,300,4,50.34,58.73,50.45,120.79,0.1428,0.2303,60.0,123.0,132.0,90.03,1770.0
5.9,360,1,52.67,60.33,46.68,93.7,0.2262,0.2366,62.0,122.0,136.0,87.95,2124.0
5.9,360,2,48.69,60.2,47.27,113.43,0.2147,0.2361,61.0,120.0,134.0,88.48,2124.0
5.9,360,3,50.05,62.24,48.18,112.02,0.226,0.2441,63.0,120.0,135.0,86.54,2124.0
5.9,360,4,51.87,61.86,46.96,100.23,0.2409,0.2426,62.0,121.0,136.0,87.76,2124.0
5.9,480,1,48.89,56.81,45.81,103.2,0.1936,0.2228,58.0,122.0,134.0,91.8,2832.0
5.9,480,2,48.97,57.08,47.85,112.75,0.1616,0.2238,58.0,122.0,133.0,91.79,2832.0
5.9,480,3,50.49,56.45,47.05,98.07,0.1665,0.2214,58.0,123.0,133.0,91.99,2832.0
5.9,480,4,49.86,58.99,45.91,101.88,0.2218,0.2314,59.0,121.0,135.0,90.66,2832.0
6.0,0,1,91.75,151.6,132.25,160.6,0.3948,0.5945,148.0,104.0,132.0,0.0,0.0
6.0,0,2,90.61,149.3,130.84,161.13,0.3931,0.5855,146.0,104.0,132.0,2.0,0.0
6.0,0,3,91.12,155.71,133.08,158.98,0.4148,0.6106,151.0,102.0,133.0,3.74,0.0
6.0,0,4,94.67,146.51,131.53,162.67,0.3539,0.5746,145.0,107.0,130.0,4.69,0.0
6.0,1,1,78.6,123.53,105.59,156.05,0.3637,0.4844,123.0,108.0,133.0,25.34,6.0
6.0,1,2,80.42,126.38,101.87,148.0,0.3636,0.4956,125.0,106.0,137.0,23.62,6.0
6.0,1,3,76.75,123.39,103.48,154.39,0.378,0.4839,122.0,107.0,134.0,26.25,6.0
6.0,1,4,79.4,117.14,106.18,162.58,0.3222,0.4594,118.0,112.0,130.0,31.11,6.0
6.0,2,1,73.79,110.42,91.24,148.59,0.3317,0.433,110.0,110.0,135.0,38.59,12.0
6.0,2,2,74.63,111.53,94.88,152.92,0.3309,0.4374,112.0,111.0,133.0,36.69,12.0
6.0,2,3,74.38,108.0,92.93,153.1,0.3113,0.4235,109.0,112.0,133.0,39.82,12.0
6.0,2,4,72.39,109.74,93.72,154.27,0.3403,0.4303,109.0,111.0,133.0,39.64,12.0
6.0,5,1,67.2,89.58,82.99,162.32,0.2499,0.3513,92.0,118.0,129.0,57.8,30.0
6.0,5,2,66.52,94.34,76.84,142.25,0.2949,0.37,95.0,114.0,135.0,54.02,30.0
6.0,5,3,66.05,92.26,76.96,144.98,0.2841,0.3618,93.0,114.0,134.0,55.94,30.0
6.0,5,4,65.94,95.51,79.12,146.74,0.3096,0.3745,96.0,113.0,134.0,52.81,30.0
6.0,10,1,60.81,84.27,69.93,143.33,0.2784,0.3305,85.0,115.0,134.0,63.98,60.0
6.0,10,2,61.95,83.49,71.08,145.43,0.258,0.3274,85.0,117.0,132.0,64.33,60.0
6.0,10,3,63.61,82.41,69.42,138.54,0.2281,0.3232,84.0,118.0,133.0,65.52,60.0
6.0,10,4,62.37,81.39,70.7,146.28,0.2338,0.3192,83.0,118.0,132.0,66.49,60.0
6.0,15,1,60.97,79.38,64.94,132.95,0.2319,0.3113,81.0,117.0,134.0,68.28,90.0
6.0,15,2,59.36,77.26,66.62,144.32,0.2316,0.303,79.0,119.0,132.0,70.61,90.0
6.0,15,3,59.24,75.4,66.37,146.5,0.2144,0.2957,77.0,119.0,131.0,72.57,90.0
6.0,15,4,60.46,81.91,63.5,128.5,0.2619,0.3212,82.0,115.0,136.0,67.03,90.0
6.0,30,1,54.94,74.49,57.29,127.22,0.2625,0.2921,75.0,116.0,136.0,74.09,180.0
6.0,30,2,54.31,72.0,60.66,141.53,0.2458,0.2824,73.0,118.0,133.0,76.3,180.0
6.0,30,3,59.31,72.87,56.33,109.17,0.2271,0.2858,74.0,119.0,136.0,75.61,180.0
6.0,30,4,55.32,70.42,56.43,124.39,0.2144,0.2762,72.0,118.0,134.0,77.3,180.0
6.0,45,1,55.74,66.0,53.71,110.1,0.1862,0.2588,68.0,120.0,134.0,81.61,270.0
6.0,45,2,54.49,68.44,55.28,123.41,0.2038,0.2684,70.0,119.0,134.0,79.45,270.0
6.0,45,3,55.98,71.23,55.18,116.99,0.2253,0.2793,72.0,118.0,135.0,77.34,270.0
6.0,45,4,55.41,67.33,56.69,126.46,0.1771,0.264,69.0,120.0,133.0,80.61,270.0
6.0,60,1,54.49,66.41,53.87,117.05,0.1889,0.2604,68.0,120.0,134.0,81.61,360.0
6.0,60,2,54.05,67.68,57.78,136.43,0.2013,0.2654,69.0,121.0,133.0,80.81,360.0
6.0,60,3,57.49,67.35,55.73,110.9,0.1725,0.2641,70.0,121.0,134.0,79.86,360.0
6.0,60,4,55.15,68.08,56.09,124.36,0.1899,0.267,70.0,120.0,134.0,79.65,360.0
6.0,90,1,49.11,64.84,53.07,135.12,0.2426,0.2543,65.0,119.0,133.0,84.35,540.0
6.0,90,2,56.65,63.67,54.44,105.63,0.145,0.2497,66.0,123.0,133.0,84.18,540.0
6.0,90,3,52.69,65.24,52.63,119.71,0.1934,0.2559,66.0,120.0,134.0,83.57,540.0
6.0,90,4,52.99,71.37,54.05,123.45,0.2576,0.2799,72.0,116.0,136.0,77.05,540.0
6.0,120,1,53.07,66.66,49.84,108.48,0.2523,0.2614,67.0,119.0,137.0,82.53,720.0
6.0,120,2,51.71,64.47,50.31,114.05,0.2196,0.2528,65.0,119.0,135.0,84.4,720.0
6.0,120,3,54.61,59.23,48.68,86.31,0.1782,0.2323,61.0,123.0,134.0,89.07,720.0
6.0,120,4,54.47,63.61,53.56,114.56,0.1581,0.2495,65.0,122.0,133.0,84.94,720.0
6.0,180,1,51.11,62.58,53.21,130.97,0.1832,0.2454,64.0,121.0,132.0,85.7,1080.0
6.0,180,2,48.49,61.61,48.16,118.55,0.2183,0.2416,62.0,119.0,134.0,87.32,1080.0
6.0,180,3,50.15,64.02,49.52,117.4,0.2265,0.2511,65.0,119.0,135.0,84.4,1080.0
6.0,180,4,50.92,58.83,51.23,122.35,0.1343,0.2307,60.0,123.0,131.0,90.03,1080.0
6.0,240,1,52.34,60.72,46.03,94.23,0.2418,0.2381,62.0,122.0,136.0,87.95,1440.0
6.0,240,2,48.98,57.76,47.23,110.05,0.1823,0.2265,58.0,122.0,133.0,91.79,1440.0
6.0,240,3,48.58,62.71,48.6,120.09,0.2254,0.2459,63.0,119.0,135.0,86.37,1440.0
6.0,240,4,49.34,66.17,51.57,127.97,0.2544,0.2595,67.0,118.0,135.0,82.26,1440.0
6.0,300,1,51.77,60.12,51.23,116.31,0.1479,0.2358,62.0,122.0,132.0,87.86,1800.0
6.0,300,2,50.05,62.27,45.51,103.75,0.2691,0.2442,63.0,119.0,137.0,86.46,1800.0
6.0,300,3,48.78,56.21,48.16,115.37,0.1432,0.2204,58.0,123.0,132.0,91.98,1800.0
6.0,300,4,48.17,62.12,47.18,116.03,0.2404,0.2436,63.0,119.0,135.0,86.37,1800.0
6.0,360,1,49.97,58.73,45.62,100.07,0.2233,0.2303,59.0,121.0,135.0,90.66,2160.0
6.0,360,2,52.22,57.87,48.16,94.88,0.1679,0.227,59.0,124.0,133.0,91.22,2160.0
6.0,360,3,49.9,60.55,45.29,101.9,0.2519,0.2374,61.0,120.0,136.0,88.55,2160.0
6.0,360,4,54.1,61.42,45.15,87.0,0.2649,0.2409,63.0,122.0,137.0,87.03,2160.0
6.0,480,1,51.41,61.32,45.02,96.45,0.2658,0.2405,62.0,120.0,136.0,87.57,2880.0
6.0,480,2,51.19,58.17,49.55,108.59,0.1481,0.2281,60.0,123.0,133.0,90.03,2880.0
6.0,480,3,51.31,59.53,45.04,94.06,0.2435,0.2335,61.0,121.0,135.0,88.7,2880.0
6.0,480,4,49.07,63.12,42.09,100.07,0.3333,0.2475,63.0,117.0,139.0,86.27,2880.0
6.1,0,1,93.26,149.99,133.83,162.91,0.3782,0.5882,147.0,106.0,131.0,2.45,0.0
6.1,0,2,94.54,154.47,130.08,155.59,0.388,0.6058,151.0,103.0,135.0,4.36,0.0
6.1,0,3,90.63,151.54,128.96,157.76,0.4019,0.5943,148.0,103.0,134.0,2.24,0.0
6.1,0,4,86.7,152.87,130.77,159.96,0.4328,0.5995,148.0,101.0,133.0,3.16,0.0
6.1,1,1,76.21,121.67,107.25,160.97,0.3736,0.4771,121.0,109.0,131.0,27.48,6.1
6.1,1,2,81.31,123.88,105.94,154.72,0.3436,0.4858,123.0,109.0,133.0,25.51,6.1
6.1,1,3,75.09,123.38,106.89,159.51,0.3914,0.4838,122.0,107.0,132.0,26.17,6.1
6.1,1,4,78.42,124.67,110.3,161.35,0.371,0.4889,124.0,109.0,131.0,24.54,6.1
6.1,2,1,72.04,112.03,91.33,148.94,0.3569,0.4393,112.0,109.0,135.0,36.47,12.2
6.1,2,2,72.42,108.85,94.44,156.26,0.3347,0.4269,109.0,112.0,132.0,39.81,12.2
6.1,2,3,74.09,112.5,95.3,153.13,0.3414,0.4412,112.0,111.0,133.0,36.69,12.2
6.1,2,4,75.31,109.26,95.37,155.45,0.3107,0.4285,110.0,112.0,132.0,38.83,12.2
6.1,5,1,67.03,90.52,80.55,154.52,0.2596,0.355,92.0,117.0,131.0,57.5,30.5
6.1,5,2,65.31,92.71,76.9,145.37,0.2955,0.3636,93.0,114.0,134.0,55.94,30.5
6.1,5,3,64.9,91.47,80.5,155.23,0.2905,0.3587,92.0,116.0,131.0,57.28,30.5
6.1,5,4,66.93,93.41,76.61,141.94,0.2835,0.3663,94.0,114.0,135.0,55.0,30.5
6.1,10,1,59.78,83.16,68.44,142.23,0.2811,0.3261,84.0,115.0,134.0,64.97,61.0
6.1,10,2,59.0,86.73,67.07,137.46,0.3197,0.3401,87.0,113.0,136.0,61.79,61.0
6.1,10,3,61.69,82.28,67.24,136.17,0.2503,0.3227,84.0,116.0,134.0,65.15,61.0
6.1,10,4,60.59,79.77,68.05,143.33,0.2404,0.3128,81.0,118.0,132.0,68.45,61.0
6.1,15,1,53.88,78.67,61.46,138.36,0.3151,0.3085,78.0,115.0,135.0,70.92,91.5
6.1,15,2,56.8,75.73,65.48,147.52,0.25,0.297,77.0,118.0,132.0,72.37,91.5
6.1,15,3,63.78,78.65,66.54,131.16,0.1891,0.3084,80.0,119.0,133.0,69.64,91.5
6.1,15,4,61.62,78.95,65.41,133.13,0.2195,0.3096,80.0,118.0,133.0,69.43,91.5
6.1,30,1,59.83,73.5,56.94,109.52,0.2252,0.2882,75.0,118.0,136.0,74.44,183.0
6.1,30,2,50.79,73.35,56.17,134.31,0.3075,0.2876,73.0,115.0,135.0,75.86,183.0
6.1,30,3,59.3,72.73,57.22,111.96,0.2132,0.2852,74.0,119.0,135.0,75.56,183.0
6.1,30,4,52.52,73.47,60.64,143.27,0.2851,0.2881,74.0,116.0,133.0,74.97,183.0
6.1,45,1,53.53,71.17,54.17,122.15,0.2479,0.2791,72.0,117.0,136.0,77.21,274.5
6.1,45,2,50.78,71.1,56.99,138.34,0.2858,0.2788,72.0,116.0,134.0,76.97,274.5
6.1,45,3,54.81,72.57,57.38,128.67,0.2447,0.2846,73.0,117.0,135.0,76.18,274.5
6.1,45,4,53.61,66.61,55.94,130.74,0.1952,0.2612,68.0,120.0,133.0,81.59,274.5
6.1,60,1,53.85,66.62,53.77,119.6,0.1929,0.2613,68.0,120.0,134.0,81.61,366.0
6.1,60,2,51.62,70.6,56.64,135.89,0.2688,0.2769,71.0,117.0,134.0,78.12,366.0
6.1,60,3,54.64,68.16,52.96,113.36,0.2231,0.2673,69.0,119.0,136.0,80.51,366.0
6.1,60,4,58.57,65.79,57.03,109.49,0.1332,0.258,68.0,123.0,132.0,82.23,366.0
6.1,90,1,56.74,63.2,49.02,87.33,0.2244,0.2478,65.0,122.0,136.0,85.02,549.0
6.1,90,2,53.1,65.83,53.18,120.38,0.1934,0.2582,67.0,120.0,134.0,82.59,549.0
6.1,90,3,49.5,64.22,50.64,124.62,0.2292,0.2518,65.0,119.0,135.0,84.4,549.0
6.1,90,4,52.07,60.12,49.7,106.34,0.1733,0.2358,62.0,122.0,134.0,87.89,549.0
6.1,120,1,51.0,64.68,49.83,115.27,0.2297,0.2536,65.0,119.0,135.0,84.4,732.0
6.1,120,2,53.01,63.58,48.54,102.18,0.2365,0.2493,65.0,121.0,136.0,84.82,732.0
6.1,120,3,50.03,61.37,49.75,118.58,0.1893,0.2407,62.0,121.0,134.0,87.69,732.0
6.1,120,4,52.48,65.67,48.37,105.74,0.2635,0.2575,66.0,119.0,137.0,83.51,732.0
6.1,180,1,51.59,59.77,48.81,104.82,0.1834,0.2344,61.0,122.0,134.0,88.87,1098.0
6.1,180,2,49.89,61.13,47.46,109.36,0.2235,0.2397,62.0,120.0,135.0,87.53,1098.0
6.1,180,3,50.23,65.71,47.19,110.15,0.2818,0.2577,66.0,118.0,137.0,83.34,1098.0
6.1,180,4,52.19,62.77,48.55,104.66,0.2265,0.2462,63.0,121.0,135.0,86.74,1098.0
6.1,240,1,49.14,58.64,48.78,117.78,0.1682,0.23,59.0,122.0,133.0,90.81,1464.0
6.1,240,2,50.55,56.72,46.39,95.83,0.1822,0.2224,58.0,123.0,133.0,91.99,1464.0
6.1,240,3,48.46,59.87,49.76,126.83,0.1905,0.2348,60.0,121.0,133.0,89.63,1464.0
6.1,240,4,52.64,64.55,49.99,109.11,0.2255,0.2531,66.0,119.0,136.0,83.46,1464.0
6.1,300,1,50.74,60.71,45.92,100.44,0.2436,0.2381,61.0,120.0,136.0,88.55,1830.0
6.1,300,2,47.88,62.46,48.19,121.24,0.2333,0.2449,63.0,118.0,135.0,86.2,1830.0
6.1,300,3,48.56,56.53,47.64,113.82,0.1573,0.2217,58.0,123.0,132.0,91.98,1830.0
6.1,300,4,52.97,62.71,46.01,94.99,0.2664,0.2459,63.0,120.0,136.0,86.59,1830.0
6.1,360,1,51.54,57.65,44.02,86.91,0.2364,0.2261,58.0,123.0,135.0,92.03,2196.0
6.1,360,2,52.74,56.31,47.08,83.24,0.1638,0.2208,58.0,124.0,133.0,92.2,2196.0
6.1,360,3,47.76,58.68,46.88,115.51,0.2011,0.2301,59.0,120.0,134.0,90.45,2196.0
6.1,360,4,51.47,59.13,51.32,118.83,0.1322,0.2319,61.0,123.0,132.0,89.05,2196.0
6.1,480,1,48.55,57.3,45.23,103.51,0.2106,0.2247,58.0,122.0,134.0,91.8,2928.0
6.1,480,2,50.31,61.71,48.28,110.93,0.2176,0.242,62.0,120.0,135.0,87.53,2928.0
6.1,480,3,48.05,63.62,43.76,107.02,0.3123,0.2495,63.0,117.0,138.0,86.2,2928.0
6.1,480,4,52.7,55.07,49.06,83.64,0.1091,0.2159,58.0,126.0,131.0,92.66,2928.0
6.2,0,1,92.68,150.91,134.13,162.71,0.3859,0.5918,148.0,105.0,130.0,2.24,0.0
6.2,0,2,91.35,146.61,131.06,163.12,0.3769,0.5749,144.0,106.0,130.0,4.9,0.0
6.2,0,3,90.61,151.53,128.39,157.21,0.402,0.5942,148.0,103.0,134.0,2.24,0.0
6.2,0,4,92.79,153.49,129.9,156.68,0.3955,0.6019,150.0,102.0,134.0,3.46,0.0
6.2,1,1,78.08,120.78,103.26,155.38,0.3536,0.4737,120.0,109.0,133.0,28.46,6.2
6.2,1,2,78.75,126.27,104.64,152.68,0.3763,0.4952,125.0,106.0,135.0,23.28,6.2
6.2,1,3,77.09,121.0,104.3,157.19,0.3629,0.4745,121.0,109.0,133.0,27.48,6.2
6.2,1,4,76.26,122.42,108.95,162.48,0.377,0.4801,122.0,109.0,131.0,26.5,6.2
6.2,2,1,72.93,108.9,94.95,156.74,0.3303,0.427,109.0,112.0,132.0,39.81,12.4
6.2,2,2,73.05,110.84,96.02,156.48,0.3409,0.4347,111.0,111.0,132.0,37.66,12.4
6.2,2,3,74.93,107.17,100.04,166.72,0.3009,0.4203,109.0,114.0,128.0,40.46,12.4
6.2,2,4,74.22,110.23,95.1,154.8,0.3267,0.4323,111.0,112.0,132.0,37.85,12.4
6.2,5,1,62.55,93.2,80.34,154.83,0.3289,0.3655,94.0,114.0,132.0,54.92,31.0
6.2,5,2,66.02,94.34,76.37,141.93,0.3002,0.37,95.0,114.0,135.0,54.02,31.0
6.2,5,3,65.17,91.43,78.79,151.13,0.2872,0.3585,92.0,115.0,132.0,57.07,31.0
6.2,5,4,69.42,97.4,77.4,137.11,0.2873,0.382,98.0,113.0,136.0,50.96,31.0
6.2,10,1,62.68,87.52,61.72,117.77,0.2948,0.3432,87.0,113.0,140.0,62.18,62.0
6.2,10,2,61.94,84.66,69.17,139.09,0.2684,0.332,85.0,116.0,134.0,64.16,62.0
6.2,10,3,59.84,81.91,67.32,140.34,0.2694,0.3212,82.0,117.0,133.0,67.28,62.0
6.2,10,4,56.52,82.04,69.47,150.43,0.311,0.3217,83.0,115.0,133.0,65.93,62.0
6.2,15,1,59.58,78.42,62.4,128.97,0.2403,0.3075,80.0,117.0,135.0,69.3,93.0
6.2,15,2,58.61,78.22,62.92,133.19,0.2506,0.3067,79.0,116.0,135.0,70.1,93.0
6.2,15,3,59.32,77.35,63.18,132.82,0.2331,0.3034,79.0,118.0,134.0,70.43,93.0
6.2,15,4,61.0,76.44,63.86,131.11,0.202,0.2998,78.0,119.0,134.0,71.62,93.0
6.2,30,1,58.41,69.78,56.61,111.8,0.1888,0.2736,71.0,120.0,134.0,78.67,186.0
6.2,30,2,54.09,68.33,58.48,138.49,0.2084,0.268,70.0,119.0,132.0,79.43,186.0
6.2,30,3,55.31,75.01,58.81,130.67,0.2627,0.2941,76.0,116.0,136.0,73.1,186.0
6.2,30,4,59.58,67.96,57.64,108.7,0.1518,0.2665,70.0,123.0,133.0,80.29,186.0
6.2,45,1,51.94,67.98,52.02,120.27,0.2359,0.2666,68.0,118.0,135.0,81.27,279.0
6.2,45,2,52.7,67.77,58.04,141.28,0.2224,0.2658,69.0,120.0,132.0,80.6,279.0
6.2,45,3,55.89,70.81,54.33,114.33,0.2326,0.2777,71.0,118.0,136.0,78.36,279.0
6.2,45,4,51.84,67.61,54.48,130.06,0.2333,0.2651,68.0,118.0,134.0,81.24,279.0
6.2,60,1,56.69,64.54,54.88,108.73,0.1498,0.2531,67.0,122.0,133.0,82.98,372.0
6.2,60,2,50.35,64.57,53.37,132.75,0.2202,0.2532,65.0,120.0,133.0,84.53,372.0
6.2,60,3,52.35,65.25,50.45,112.3,0.2268,0.2559,66.0,119.0,135.0,83.41,372.0
6.2,60,4,48.47,66.23,54.97,141.95,0.2682,0.2597,67.0,118.0,133.0,82.21,372.0
6.2,90,1,55.32,63.78,50.28,97.58,0.2117,0.2501,65.0,121.0,135.0,84.78,558.0
6.2,90,2,52.64,64.92,50.19,110.02,0.227,0.2546,66.0,119.0,135.0,83.41,558.0
6.2,90,3,52.81,64.52,51.91,115.73,0.1954,0.253,66.0,120.0,134.0,83.57,558.0
6.2,90,4,51.9,67.15,53.2,125.11,0.227,0.2633,68.0,118.0,134.0,81.24,558.0
6.2,120,1,53.28,64.39,51.55,111.94,0.1994,0.2525,66.0,120.0,135.0,83.6,744.0
6.2,120,2,52.64,66.32,48.98,107.32,0.2615,0.2601,67.0,118.0,137.0,82.35,744.0
6.2,120,3,49.8,63.82,52.25,130.47,0.2196,0.2503,64.0,120.0,133.0,85.52,744.0
6.2,120,4,50.52,69.62,50.98,121.42,0.2743,0.273,69.0,116.0,137.0,80.06,744.0
6.2,180,1,52.38,61.2,44.91,92.49,0.2662,0.24,63.0,120.0,138.0,86.7,1116.0
6.2,180,2,52.32,61.86,47.38,99.53,0.234,0.2426,63.0,121.0,135.0,86.74,1116.0
6.2,180,3,50.16,59.57,51.66,129.62,0.158,0.2336,61.0,123.0,132.0,89.05,1116.0
6.2,180,4,48.49,63.05,49.71,124.99,0.2308,0.2473,64.0,118.0,135.0,85.21,1116.0
6.2,240,1,51.71,60.65,48.32,103.5,0.2033,0.2379,62.0,122.0,134.0,87.89,1488.0
6.2,240,2,48.08,62.09,48.26,120.78,0.2256,0.2435,63.0,119.0,135.0,86.37,1488.0
6.2,240,3,45.3,58.49,48.77,135.81,0.2256,0.2294,58.0,120.0,132.0,91.41,1488.0
6.2,240,4,49.28,57.34,45.81,101.94,0.2011,0.2249,58.0,122.0,134.0,91.8,1488.0
6.2,300,1,48.01,59.44,49.46,127.6,0.1923,0.2331,60.0,121.0,133.0,89.63,1860.0
6.2,300,2,50.33,60.57,45.25,100.11,0.2529,0.2375,61.0,120.0,136.0,88.55,1860.0
6.2,300,3,52.43,59.09,47.62,94.85,0.1941,0.2317,61.0,122.0,134.0,88.87,1860.0
6.2,300,4,51.22,59.93,47.18,101.0,0.2127,0.235,61.0,122.0,134.0,88.87,1860.0
6.2,360,1,48.04,56.02,45.05,103.66,0.1959,0.2197,58.0,122.0,134.0,91.8,2232.0
6.2,360,2,49.54,61.67,46.4,107.64,0.2476,0.2418,62.0,120.0,136.0,87.57,2232.0
6.2,360,3,49.77,59.37,49.8,120.21,0.1617,0.2328,61.0,121.0,133.0,88.65,2232.0
6.2,360,4,52.43,58.51,48.87,97.85,0.1648,0.2294,60.0,123.0,133.0,90.03,2232.0
6.2,480,1,49.71,58.05,46.69,104.05,0.1956,0.2276,59.0,121.0,134.0,90.63,2976.0
6.2,480,2,51.9,56.45,51.0,110.14,0.0966,0.2214,58.0,124.0,131.0,92.2,2976.0
6.2,480,3,51.65,56.6,45.47,86.71,0.1965,0.222,58.0,123.0,134.0,92.01,2976.0
6.2,480,4,47.49,59.59,46.79,116.72,0.2148,0.2337,60.0,120.0,134.0,89.47,2976.0
6.3,0,1,90.97,150.31,130.95,160.43,0.3948,0.5894,147.0,104.0,132.0,1.0,0.0
6.3,0,2,94.63,150.1,128.15,156.26,0.3696,0.5886,147.0,104.0,134.0,2.24,0.0
6.3,0,3,89.25,154.95,131.46,158.55,0.424,0.6077,150.0,102.0,134.0,3.46,0.0
6.3,0,4,91.11,150.6,132.89,162.13,0.395,0.5906,147.0,104.0,131.0,1.41,0.0
6.3,1,1,76.84,122.31,104.85,156.96,0.3717,0.4797,121.0,108.0,133.0,27.31,6.3
6.3,1,2,80.25,121.56,106.66,158.37,0.3398,0.4767,121.0,110.0,132.0,27.66,6.3
6.3,1,3,72.61,122.94,101.54,154.49,0.4094,0.4821,121.0,106.0,134.0,27.15,6.3
6.3,1,4,77.23,122.82,104.15,155.43,0.3712,0.4816,121.0,108.0,133.0,27.31,6.3
6.3,2,1,75.41,111.88,88.28,141.17,0.3259,0.4387,111.0,110.0,137.0,37.82,12.6
6.3,2,2,70.55,106.71,93.23,157.63,0.3389,0.4185,107.0,112.0,131.0,41.79,12.6
6.3,2,3,76.29,109.43,92.33,149.03,0.3028,0.4291,110.0,112.0,134.0,38.88,12.6
6.3,2,4,69.24,107.99,92.9,156.64,0.3588,0.4235,107.0,111.0,132.0,41.59,12.6
6.3,5,1,63.94,91.6,80.57,156.07,0.3021,0.3592,92.0,115.0,131.0,57.08,31.5
6.3,5,2,66.37,92.79,80.62,152.36,0.2847,0.3639,94.0,115.0,132.0,55.11,31.5
6.3,5,3,64.17,93.88,76.9,145.71,0.3164,0.3681,94.0,113.0,134.0,54.78,31.5
6.3,5,4,63.44,91.15,74.12,143.11,0.304,0.3575,92.0,114.0,134.0,56.92,31.5
6.3,10,1,60.1,81.93,73.01,155.46,0.2664,0.3213,83.0,118.0,130.0,66.52,63.0
6.3,10,2,63.12,81.06,64.31,123.99,0.2214,0.3179,83.0,117.0,136.0,66.41,63.0
6.3,10,3,61.19,80.4,69.44,145.76,0.239,0.3153,82.0,118.0,132.0,67.47,63.0
6.3,10,4,58.99,84.62,66.34,137.22,0.3029,0.3318,85.0,113.0,136.0,63.77,63.0
6.3,15,1,62.14,76.77,61.05,115.84,0.2048,0.3011,78.0,119.0,135.0,71.65,94.5
6.3,15,2,58.03,72.07,62.77,140.24,0.1948,0.2826,74.0,120.0,132.0,75.71,94.5
6.3,15,3,59.11,79.0,63.94,134.56,0.2517,0.3098,80.0,117.0,134.0,69.26,94.5
6.3,15,4,61.68,78.16,65.88,135.28,0.2108,0.3065,80.0,118.0,133.0,69.43,94.5
6.3,30,1,58.9,65.38,58.81,119.17,0.1004,0.2564,68.0,123.0,132.0,82.23,189.0
6.3,30,2,57.37,71.21,57.4,120.13,0.1943,0.2793,73.0,119.0,135.0,76.54,189.0
6.3,30,3,56.64,71.0,57.65,124.2,0.2023,0.2784,73.0,119.0,135.0,76.54,189.0
6.3,30,4,56.76,71.71,57.4,122.54,0.2084,0.2812,73.0,119.0,135.0,76.54,189.0
6.3,45,1,54.2,70.66,55.57,124.99,0.233,0.2771,71.0,118.0,135.0,78.32,283.5
6.3,45,2,52.95,69.14,56.19,132.03,0.2342,0.2712,70.0,118.0,134.0,79.27,283.5
6.3,45,3,54.94,68.62,55.97,124.54,0.1994,0.2691,70.0,119.0,134.0,79.45,283.5
6.3,45,4,52.18,68.65,53.86,126.12,0.2399,0.2692,69.0,118.0,135.0,80.29,283.5
6.3,60,1,53.21,66.09,58.87,146.35,0.195,0.2592,68.0,121.0,131.0,81.79,378.0
6.3,60,2,55.72,65.92,50.7,100.22,0.2309,0.2585,67.0,120.0,136.0,82.66,378.0
6.3,60,3,55.62,70.28,50.85,105.28,0.2765,0.2756,71.0,117.0,138.0,78.32,378.0
6.3,60,4,56.75,64.27,52.98,99.95,0.1756,0.252,66.0,122.0,134.0,83.98,378.0
6.3,90,1,48.86,60.95,47.71,114.8,0.2172,0.239,61.0,120.0,134.0,88.48,567.0
6.3,90,2,51.54,65.26,51.38,119.32,0.2127,0.2559,66.0,119.0,135.0,83.41,567.0
6.3,90,3,54.75,65.03,48.92,98.28,0.2478,0.255,67.0,120.0,137.0,82.72,567.0
6.3,90,4,52.05,67.66,53.15,124.21,0.2307,0.2653,68.0,118.0,134.0,81.24,567.0
6.3,120,1,54.19,62.08,46.02,89.48,0.2587,0.2435,64.0,121.0,137.0,85.85,756.0
6.3,120,2,51.33,57.86,47.25,96.95,0.1833,0.2269,59.0,124.0,133.0,91.22,756.0
6.3,120,3,50.46,62.52,47.38,107.8,0.2422,0.2452,63.0,120.0,136.0,86.59,756.0
6.3,120,4,51.55,63.53,49.37,110.75,0.2229,0.2491,64.0,120.0,135.0,85.56,756.0
6.3,180,1,53.34,61.72,51.13,107.5,0.1715,0.242,63.0,123.0,133.0,87.1,1134.0
6.3,180,2,52.56,61.18,48.04,99.38,0.2147,0.2399,63.0,122.0,135.0,86.94,1134.0
6.3,180,3,52.1,59.66,49.81,106.0,0.1651,0.234,61.0,123.0,133.0,89.06,1134.0
6.3,180,4,47.96,60.06,52.1,140.51,0.2014,0.2355,61.0,121.0,131.0,88.65,1134.0
6.3,240,1,53.65,65.44,47.18,98.74,0.2789,0.2566,66.0,119.0,137.0,83.51,1512.0
6.3,240,2,51.21,61.82,48.95,109.46,0.2082,0.2424,63.0,121.0,135.0,86.74,1512.0
6.3,240,3,49.52,61.06,43.95,100.45,0.2803,0.2395,62.0,119.0,138.0,87.5,1512.0
6.3,240,4,51.58,58.2,48.71,101.88,0.1629,0.2282,60.0,123.0,133.0,90.03,1512.0
6.3,300,1,50.54,59.88,50.15,117.62,0.1625,0.2348,61.0,122.0,132.0,88.84,1890.0
6.3,300,2,50.04,63.22,46.1,106.2,0.2708,0.2479,64.0,119.0,137.0,85.48,1890.0
6.3,300,3,53.11,62.31,46.89,95.79,0.2475,0.2444,64.0,120.0,137.0,85.66,1890.0
6.3,300,4,50.41,62.91,48.13,110.75,0.235,0.2467,63.0,120.0,135.0,86.54,1890.0
6.3,360,1,49.51,57.73,44.54,97.38,0.2285,0.2264,58.0,122.0,135.0,91.83,2268.0
6.3,360,2,48.37,60.34,48.05,118.45,0.2038,0.2366,61.0,120.0,134.0,88.48,2268.0
6.3,360,3,51.06,60.06,49.85,112.88,0.17,0.2355,62.0,122.0,134.0,87.89,2268.0
6.3,360,4,51.67,62.94,46.62,101.45,0.2592,0.2468,63.0,120.0,136.0,86.59,2268.0
6.3,480,1,48.13,58.24,42.6,98.8,0.2684,0.2284,59.0,120.0,137.0,90.56,3024.0
6.3,480,2,51.19,58.46,44.96,92.33,0.2309,0.2293,60.0,122.0,136.0,89.91,3024.0
6.3,480,3,51.28,58.84,48.22,102.7,0.1804,0.2307,60.0,123.0,133.0,90.03,3024.0
6.3,480,4,50.07,57.07,45.88,97.51,0.1961,0.2238,58.0,123.0,134.0,92.01,3024.0
6.4,0,1,93.24,151.79,128.13,155.76,0.3857,0.5953,148.0,104.0,134.0,2.0,0.0
6.4,0,2,91.9,155.68,134.74,160.31,0.4097,0.6105,151.0,102.0,133.0,3.74,0.0
6.4,0,3,90.21,150.53,136.41,165.95,0.4007,0.5903,148.0,105.0,129.0,3.16,0.0
6.4,0,4,92.32,147.32,130.71,161.89,0.3733,0.5777,145.0,106.0,131.0,3.74,0.0
6.4,1,1,75.61,121.07,105.49,159.44,0.3755,0.4748,120.0,108.0,132.0,28.28,6.4
6.4,1,2,78.96,118.25,105.56,160.63,0.3323,0.4637,119.0,111.0,131.0,29.85,6.4
6.4,1,3,82.64,123.21,101.73,148.23,0.3292,0.4832,123.0,108.0,136.0,25.63,6.4
6.4,1,4,80.01,120.56,104.49,156.23,0.3364,0.4728,120.0,110.0,132.0,28.64,6.4
6.4,2,1,69.68,108.25,91.08,153.28,0.3563,0.4245,108.0,110.0,133.0,40.46,12.8
6.4,2,2,69.84,108.93,93.0,155.55,0.3589,0.4272,108.0,110.0,133.0,40.46,12.8
6.4,2,3,73.98,109.61,91.92,150.21,0.3251,0.4298,109.0,111.0,134.0,39.67,12.8
6.4,2,4,72.57,110.92,92.38,151.0,0.3458,0.435,110.0,110.0,134.0,38.52,12.8
6.4,5,1,65.71,94.48,77.37,144.31,0.3045,0.3705,95.0,113.0,134.0,53.8,32.0
6.4,5,2,64.69,92.55,79.33,151.53,0.3011,0.363,93.0,114.0,132.0,55.9,32.0
6.4,5,3,66.63,92.82,78.12,146.33,0.2822,0.364,94.0,115.0,133.0,55.12,32.0
6.4,5,4,64.28,95.02,77.1,145.02,0.3236,0.3726,96.0,112.0,135.0,52.7,32.0
6.4,10,1,65.03,82.73,69.27,134.39,0.214,0.3244,85.0,118.0,134.0,64.57,64.0
6.4,10,2,60.98,82.75,69.01,142.13,0.263,0.3245,83.0,117.0,133.0,66.29,64.0
6.4,10,3,57.53,81.75,69.05,148.54,0.2963,0.3206,82.0,115.0,132.0,66.91,64.0
6.4,10,4,58.03,83.06,64.48,135.48,0.3014,0.3257,84.0,114.0,136.0,64.9,64.0
6.4,15,1,56.05,75.96,64.81,146.39,0.2622,0.2979,77.0,118.0,132.0,72.37,96.0
6.4,15,2,57.68,76.53,59.95,127.23,0.2463,0.3001,77.0,117.0,136.0,72.29,96.0
6.4,15,3,56.02,76.41,60.5,133.18,0.2669,0.2996,77.0,117.0,135.0,72.24,96.0
6.4,15,4,59.68,77.7,64.61,136.43,0.232,0.3047,79.0,118.0,133.0,70.41,96.0
6.4,30,1,56.33,68.61,58.82,132.15,0.1789,0.2691,70.0,121.0,133.0,79.84,192.0
6.4,30,2,54.94,68.88,55.13,120.78,0.2023,0.2701,70.0,119.0,134.0,79.45,192.0
6.4,30,3,52.69,69.01,56.34,133.4,0.2365,0.2706,70.0,118.0,134.0,79.27,192.0
6.4,30,4,55.22,71.93,53.91,115.63,0.2506,0.2821,72.0,117.0,137.0,77.27,192.0
6.4,45,1,52.42,69.16,54.48,127.36,0.242,0.2712,70.0,118.0,135.0,79.3,288.0
6.4,45,2,54.04,70.29,56.99,130.89,0.2311,0.2756,71.0,118.0,134.0,78.29,288.0
6.4,45,3,50.98,65.73,50.97,119.97,0.2245,0.2578,66.0,118.0,135.0,83.24,288.0
6.4,45,4,53.55,68.37,54.31,123.09,0.2168,0.2681,69.0,119.0,134.0,80.44,288.0
6.4,60,1,55.86,67.26,54.0,111.6,0.1971,0.2638,69.0,120.0,134.0,80.63,384.0
6.4,60,2,53.07,65.66,53.17,120.5,0.1917,0.2575,67.0,120.0,134.0,82.59,384.0
6.4,60,3,53.87,62.35,51.78,108.1,0.1695,0.2445,64.0,121.0,134.0,85.73,384.0
6.4,60,4,55.54,65.75,52.22,105.3,0.2058,0.2578,67.0,121.0,135.0,82.82,384.0
6.4,90,1,56.08,63.55,49.57,92.07,0.2199,0.2492,65.0,122.0,136.0,85.02,576.0
6.4,90,2,50.43,63.65,51.65,125.54,0.2077,0.2496,64.0,120.0,133.0,85.52,576.0
6.4,90,3,53.37,66.28,51.49,112.38,0.2231,0.2599,68.0,119.0,135.0,81.45,576.0
6.4,90,4,54.26,64.57,51.31,106.65,0.2053,0.2532,66.0,121.0,135.0,83.8,576.0
6.4,120,1,50.12,65.22,51.24,124.48,0.2315,0.2557,66.0,119.0,135.0,83.41,768.0
6.4,120,2,51.55,65.82,50.74,116.78,0.2292,0.2581,66.0,119.0,135.0,83.41,768.0
6.4,120,3,55.38,62.23,45.68,84.81,0.2659,0.244,64.0,121.0,138.0,85.91,768.0
6.4,120,4,49.58,64.91,51.81,128.71,0.2361,0.2545,65.0,119.0,134.0,84.37,768.0
6.4,180,1,49.18,59.03,47.76,112.45,0.1909,0.2315,60.0,121.0,134.0,89.65,1152.0
6.4,180,2,50.57,61.11,49.21,113.15,0.1946,0.2396,62.0,121.0,134.0,87.69,1152.0
6.4,180,3,50.33,60.96,50.94,123.45,0.1744,0.2391,61.0,122.0,133.0,88.85,1152.0
6.4,180,4,47.54,63.9,45.25,112.63,0.2919,0.2506,63.0,117.0,137.0,86.13,1152.0
6.4,240,1,52.56,62.06,47.21,98.36,0.2393,0.2434,63.0,120.0,136.0,86.59,1536.0
6.4,240,2,50.42,59.08,51.11,124.81,0.1466,0.2317,61.0,123.0,132.0,89.05,1536.0
6.4,240,3,49.56,59.2,50.26,124.32,0.1629,0.2322,61.0,121.0,132.0,88.65,1536.0
6.4,240,4,52.34,60.14,45.52,91.99,0.2432,0.2359,62.0,121.0,136.0,87.76,1536.0
6.4,300,1,49.18,63.43,45.73,108.32,0.2791,0.2488,64.0,118.0,137.0,85.31,1920.0
6.4,300,2,50.69,60.06,48.25,107.62,0.1966,0.2355,61.0,121.0,134.0,88.67,1920.0
6.4,300,3,51.56,53.76,50.83,105.1,0.0545,0.2108,56.0,126.0,130.0,94.62,1920.0
6.4,300,4,48.96,60.52,49.07,120.57,0.191,0.2373,61.0,121.0,133.0,88.65,1920.0
6.4,360,1,50.99,58.44,47.14,99.56,0.1933,0.2292,60.0,122.0,134.0,89.84,2304.0
6.4,360,2,52.02,58.54,45.92,90.99,0.2156,0.2296,60.0,123.0,135.0,90.08,2304.0
6.4,360,3,49.69,58.23,48.67,113.6,0.1642,0.2284,59.0,122.0,133.0,90.81,2304.0
6.4,360,4,46.98,61.36,47.9,123.84,0.2344,0.2406,61.0,119.0,135.0,88.33,2304.0
6.4,480,1,47.23,57.07,46.33,114.97,0.1882,0.2238,58.0,121.0,133.0,91.6,3072.0
6.4,480,2,53.36,57.46,44.56,79.06,0.2244,0.2253,59.0,124.0,136.0,91.31,3072.0
6.4,480,3,50.19,58.18,46.79,102.07,0.1958,0.2281,59.0,122.0,134.0,90.82,3072.0
6.4,480,4,50.06,56.07,44.24,90.5,0.2111,0.2199,58.0,123.0,135.0,92.03,3072.0
6.5,0,1,95.03,151.63,133.17,160.44,0.3733,0.5946,149.0,105.0,132.0,1.41,0.0
6.5,0,2,95.03,149.1,129.58,158.33,0.3626,0.5847,147.0,106.0,133.0,2.45,0.0
6.5,0,3,93.07,148.42,133.24,163.55,0.3729,0.582,146.0,106.0,130.0,3.46,0.0
6.5,0,4,88.55,149.41,130.64,161.49,0.4073,0.5859,146.0,103.0,132.0,2.24,0.0
6.5,1,1,80.93,125.7,102.23,148.55,0.3561,0.4929,124.0,107.0,136.0,24.52,6.5
6.5,1,2,77.08,119.89,104.32,158.18,0.3571,0.4702,119.0,110.0,132.0,29.61,6.5
6.5,1,3,79.48,120.16,102.62,154.13,0.3386,0.4712,120.0,110.0,133.0,28.65,6.5
6.5,1,4,79.31,121.32,104.4,155.83,0.3463,0.4758,121.0,110.0,133.0,27.68,6.5
6.5,2,1,72.15,110.9,94.43,154.5,0.3494,0.4349,110.0,111.0,133.0,38.65,13.0
6.5,2,2,72.31,106.3,92.48,155.6,0.3197,0.4169,107.0,112.0,132.0,41.77,13.0
6.5,2,3,71.61,109.19,93.18,154.43,0.3442,0.4282,109.0,111.0,133.0,39.64,13.0
6.5,2,4,68.95,109.11,92.79,155.62,0.368,0.4279,109.0,109.0,133.0,39.33,13.0
6.5,5,1,68.03,89.93,75.76,141.19,0.2435,0.3527,91.0,117.0,133.0,58.47,32.5
6.5,5,2,64.09,89.88,75.68,146.96,0.2869,0.3525,91.0,115.0,133.0,58.06,32.5
6.5,5,3,62.68,89.34,75.35,148.52,0.2985,0.3504,90.0,115.0,133.0,59.04,32.5
6.5,5,4,63.85,88.44,72.68,141.54,0.278,0.3468,89.0,115.0,134.0,60.05,32.5
6.5,10,1,56.63,82.48,67.26,144.66,0.3134,0.3235,83.0,115.0,134.0,65.95,65.0
6.5,10,2,59.92,82.55,64.83,133.02,0.2742,0.3237,83.0,115.0,136.0,66.05,65.0
6.5,10,3,57.8,81.2,73.27,159.66,0.2882,0.3184,83.0,117.0,130.0,66.32,65.0
6.5,10,4,61.83,77.23,66.09,136.61,0.1994,0.3029,79.0,119.0,132.0,70.61,65.0
6.5,15,1,61.83,75.99,66.44,139.52,0.1863,0.298,78.0,120.0,132.0,71.81,97.5
6.5,15,2,55.14,76.91,62.51,140.32,0.2831,0.3016,77.0,117.0,134.0,72.21,97.5
6.5,15,3,57.89,74.97,59.65,126.18,0.2278,0.294,76.0,118.0,135.0,73.41,97.5
6.5,15,4,57.24,75.07,60.96,132.5,0.2374,0.2944,77.0,118.0,135.0,72.43,97.5
6.5,30,1,55.96,69.1,54.45,113.83,0.2121,0.271,71.0,119.0,135.0,78.5,195.0
6.5,30,2,56.2,71.55,58.15,127.61,0.2145,0.2806,73.0,119.0,134.0,76.51,195.0
6.5,30,3,52.77,71.27,57.14,134.17,0.2596,0.2795,72.0,117.0,134.0,77.13,195.0
6.5,30,4,55.9,69.14,59.94,138.29,0.1915,0.2711,71.0,120.0,132.0,78.64,195.0
6.5,45,1,50.53,65.99,54.84,136.72,0.2343,0.2588,66.0,119.0,133.0,83.37,292.5
6.5,45,2,53.72,65.79,54.34,123.12,0.1835,0.258,67.0,121.0,133.0,82.77,292.5
6.5,45,3,55.44,63.22,52.32,102.81,0.1724,0.2479,65.0,122.0,133.0,84.94,292.5
6.5,45,4,55.54,66.51,53.22,109.52,0.1999,0.2608,68.0,120.0,134.0,81.61,292.5
6.5,60,1,51.89,68.73,54.0,127.51,0.2449,0.2695,69.0,118.0,134.0,80.26,390.0
6.5,60,2,50.23,66.23,55.95,141.44,0.2416,0.2597,67.0,119.0,133.0,82.38,390.0
6.5,60,3,51.62,70.26,50.09,115.44,0.2871,0.2755,71.0,116.0,138.0,78.16,390.0
6.5,60,4,47.24,66.15,54.56,143.2,0.2858,0.2594,66.0,117.0,133.0,83.03,390.0
6.5,90,1,49.19,62.66,54.38,143.15,0.215,0.2457,63.0,120.0,131.0,86.5,585.0
6.5,90,2,51.39,63.98,50.26,115.06,0.2145,0.2509,64.0,121.0,134.0,85.73,585.0
6.5,90,3,56.92,62.46,50.43,87.63,0.1926,0.2449,65.0,123.0,135.0,85.2,585.0
6.5,90,4,48.57,61.69,51.11,131.62,0.2126,0.2419,62.0,120.0,132.0,87.48,585.0
6.5,120,1,48.36,61.61,48.28,119.63,0.2164,0.2416,62.0,119.0,134.0,87.32,780.0
6.5,120,2,52.74,60.66,51.59,112.41,0.1495,0.2379,62.0,122.0,132.0,87.86,780.0
6.5,120,3,50.66,65.0,49.89,116.97,0.2325,0.2549,66.0,118.0,136.0,83.28,780.0
6.5,120,4,53.54,58.78,51.14,101.17,0.13,0.2305,61.0,124.0,132.0,89.27,780.0
6.5,180,1,55.03,60.96,48.29,88.07,0.2079,0.2391,63.0,123.0,135.0,87.15,1170.0
6.5,180,2,48.28,60.94,49.64,126.43,0.2077,0.239,61.0,121.0,133.0,88.65,1170.0
6.5,180,3,49.98,63.25,45.98,106.1,0.2731,0.2481,64.0,118.0,137.0,85.31,1170.0
6.5,180,4,50.05,59.42,47.33,106.52,0.2034,0.233,61.0,121.0,134.0,88.67,1170.0
6.5,240,1,48.42,59.95,49.32,124.65,0.1922,0.2351,60.0,121.0,133.0,89.63,1560.0
6.5,240,2,50.62,59.99,49.47,113.45,0.1754,0.2353,61.0,122.0,133.0,88.85,1560.0
6.5,240,3,52.73,57.89,46.01,86.04,0.2053,0.227,59.0,124.0,134.0,91.24,1560.0
6.5,240,4,54.04,57.79,45.77,78.71,0.2081,0.2266,59.0,124.0,135.0,91.27,1560.0
6.5,300,1,48.79,57.69,49.04,121.71,0.1543,0.2262,58.0,122.0,132.0,91.78,1950.0
6.5,300,2,49.02,61.66,44.84,105.07,0.2728,0.2418,62.0,119.0,137.0,87.44,1950.0
6.5,300,3,52.88,54.9,47.31,76.01,0.1383,0.2153,57.0,126.0,132.0,93.62,1950.0
6.5,300,4,47.67,51.37,48.97,141.12,0.0719,0.2014,53.0,126.0,129.0,97.56,1950.0
6.5,360,1,51.32,55.72,44.86,84.3,0.1948,0.2185,57.0,124.0,135.0,93.22,2340.0
6.5,360,2,51.98,60.19,47.1,97.64,0.2175,0.2361,61.0,122.0,135.0,88.89,2340.0
6.5,360,3,48.64,61.01,48.24,118.09,0.2094,0.2393,62.0,119.0,134.0,87.32,2340.0
6.5,360,4,50.23,64.33,46.18,106.61,0.2821,0.2523,65.0,118.0,137.0,84.32,2340.0
6.5,480,1,50.32,58.46,50.76,123.27,0.1393,0.2293,60.0,123.0,132.0,90.03,3120.0
6.5,480,2,48.49,58.89,43.24,99.85,0.2659,0.231,59.0,120.0,136.0,90.52,3120.0
6.5,480,3,48.47,58.03,47.37,113.79,0.1837,0.2276,59.0,121.0,133.0,90.61,3120.0
6.5,480,4,54.22,60.49,46.13,86.2,0.2374,0.2372,62.0,122.0,136.0,87.95,3120.0
6.6,0,1,90.83,152.21,129.5,157.8,0.4033,0.5969,149.0,103.0,134.0,2.45,0.0
6.6,0,2,92.15,153.56,131.46,158.4,0.3999,0.6022,150.0,103.0,133.0,2.45,0.0
6.6,0,3,90.42,153.73,134.67,161.94,0.4118,0.6029,150.0,103.0,132.0,2.24,0.0
6.6,0,4,92.49,147.54,132.73,163.86,0.3731,0.5786,145.0,106.0,130.0,4.12,0.0
6.6,1,1,77.19,119.73,106.77,161.73,0.3553,0.4695,119.0,110.0,131.0,29.63,6.6
6.6,1,2,79.82,119.17,102.79,155.02,0.3302,0.4673,119.0,110.0,133.0,29.63,6.6
6.6,1,3,76.98,122.53,104.48,156.23,0.3718,0.4805,121.0,108.0,133.0,27.31,6.6
6.6,1,4,77.22,121.77,102.31,153.79,0.3658,0.4775,121.0,108.0,134.0,27.37,6.6
6.6,2,1,71.05,106.48,89.22,150.77,0.3327,0.4176,107.0,111.0,133.0,41.61,13.2
6.6,2,2,71.64,105.59,90.55,153.42,0.3215,0.4141,106.0,112.0,132.0,42.76,13.2
6.6,2,3,71.73,107.47,93.61,156.73,0.3326,0.4215,108.0,112.0,132.0,40.79,13.2
6.6,2,4,72.27,105.03,91.45,155.14,0.3119,0.4119,106.0,113.0,132.0,42.95,13.2
6.6,5,1,63.12,93.56,75.52,144.45,0.3254,0.3669,94.0,113.0,135.0,54.83,33.0
6.6,5,2,64.45,88.65,78.27,154.27,0.273,0.3476,90.0,117.0,131.0,59.45,33.0
6.6,5,3,67.0,91.01,75.93,142.32,0.2638,0.3569,92.0,115.0,134.0,57.11,33.0
6.6,5,4,64.03,94.54,78.01,147.5,0.3227,0.3707,95.0,113.0,134.0,53.8,33.0
6.6,10,1,58.13,79.48,67.53,146.43,0.2686,0.3117,81.0,117.0,133.0,68.26,66.0
6.6,10,2,57.59,79.24,63.6,136.65,0.2732,0.3108,80.0,115.0,135.0,68.95,66.0
6.6,10,3,58.46,81.67,69.56,148.69,0.2842,0.3203,82.0,116.0,132.0,67.08,66.0
6.6,10,4,57.42,77.02,66.46,147.69,0.2545,0.302,79.0,117.0,132.0,70.21,66.0
6.6,15,1,56.2,77.05,58.79,127.46,0.2705,0.3021,78.0,116.0,137.0,71.2,99.0
6.6,15,2,55.11,74.14,64.85,150.7,0.2566,0.2907,76.0,118.0,132.0,73.35,99.0
6.6,15,3,60.8,73.16,62.06,126.08,0.1688,0.2869,76.0,120.0,133.0,73.76,99.0
6.6,15,4,54.96,77.63,61.72,137.9,0.292,0.3044,78.0,115.0,135.0,70.92,99.0
6.6,30,1,55.21,69.62,55.86,122.71,0.207,0.273,71.0,119.0,135.0,78.5,198.0
6.6,30,2,53.82,66.48,58.26,141.04,0.1904,0.2607,68.0,121.0,131.0,81.79,198.0
6.6,30,3,54.64,66.29,56.0,127.0,0.1758,0.26,68.0,120.0,133.0,81.59,198.0
6.6,30,4,56.93,73.66,59.36,128.73,0.2272,0.2889,75.0,118.0,134.0,74.36,198.0
6.6,45,1,53.6,67.08,55.45,128.25,0.201,0.2631,69.0,120.0,133.0,80.61,297.0
6.6,45,2,50.14,68.4,53.27,130.28,0.267,0.2682,69.0,117.0,135.0,80.12,297.0
6.6,45,3,52.9,66.68,51.97,116.19,0.2205,0.2615,67.0,119.0,135.0,82.43,297.0
6.6,45,4,55.09,68.18,56.21,125.16,0.192,0.2674,70.0,120.0,134.0,79.65,297.0
6.6,60,1,48.28,63.62,53.25,139.44,0.2411,0.2495,64.0,120.0,132.0,85.51,396.0
6.6,60,2,52.28,69.61,52.59,121.07,0.249,0.273,70.0,117.0,136.0,79.18,396.0
6.6,60,3,53.41,66.49,52.37,115.6,0.2124,0.2608,68.0,120.0,135.0,81.64,396.0
6.6,60,4,56.4,65.27,50.44,95.85,0.2273,0.256,67.0,121.0,136.0,82.86,396.0
6.6,90,1,50.23,61.42,50.71,122.57,0.1822,0.2409,62.0,121.0,133.0,87.67,594.0
6.6,90,2,49.01,63.84,49.4,121.57,0.2323,0.2504,64.0,119.0,135.0,85.38,594.0
6.6,90,3,50.77,63.99,51.4,122.85,0.2066,0.2509,64.0,120.0,133.0,85.52,594.0
6.6,90,4,52.55,59.55,49.79,103.04,0.164,0.2335,61.0,123.0,133.0,89.06,594.0
6.6,120,1,52.64,61.35,48.9,101.97,0.203,0.2406,63.0,122.0,135.0,86.94,792.0
6.6,120,2,54.51,63.8,49.64,99.36,0.222,0.2502,65.0,121.0,135.0,84.78,792.0
6.6,120,3,50.7,59.85,51.49,125.15,0.1528,0.2347,61.0,123.0,132.0,89.05,792.0
6.6,120,4,52.67,62.53,50.32,108.44,0.1953,0.2452,64.0,121.0,134.0,85.73,792.0
6.6,180,1,51.11,56.4,51.49,124.22,0.0937,0.2212,58.0,125.0,130.0,92.44,1188.0
6.6,180,2,53.26,62.71,49.06,101.57,0.2176,0.2459,64.0,122.0,135.0,85.96,1188.0
6.6,180,3,45.1,58.21,45.53,121.97,0.2252,0.2283,58.0,120.0,134.0,91.43,1188.0
6.6,180,4,50.84,59.72,48.95,109.47,0.1804,0.2342,61.0,121.0,134.0,88.67,1188.0
6.6,240,1,50.96,60.17,46.91,101.71,0.2204,0.236,61.0,120.0,135.0,88.51,1584.0
6.6,240,2,51.11,58.5,49.76,110.76,0.1494,0.2294,60.0,123.0,133.0,90.03,1584.0
6.6,240,3,51.86,58.18,44.09,86.9,0.2421,0.2282,60.0,122.0,136.0,89.91,1584.0
6.6,240,4,53.51,55.26,46.77,72.37,0.1536,0.2167,58.0,126.0,133.0,92.66,1584.0
6.6,300,1,50.45,62.18,44.72,100.29,0.2808,0.2438,63.0,119.0,138.0,86.52,1980.0
6.6,300,2,50.22,60.34,45.07,99.75,0.2531,0.2366,61.0,120.0,136.0,88.55,1980.0
6.6,300,3,46.69,59.55,51.17,140.89,0.216,0.2335,60.0,121.0,131.0,89.63,1980.0
6.6,300,4,49.39,58.06,48.4,113.86,0.1664,0.2277,59.0,122.0,133.0,90.81,1980.0
6.6,360,1,54.31,61.92,47.36,91.36,0.2351,0.2428,63.0,122.0,136.0,86.98,2376.0
6.6,360,2,49.44,55.67,46.07,98.94,0.1723,0.2183,57.0,123.0,133.0,92.97,2376.0
6.6,360,3,46.5,61.21,44.32,112.27,0.276,0.24,61.0,118.0,137.0,88.26,2376.0
6.6,360,4,52.24,59.08,46.98,93.91,0.2048,0.2317,61.0,122.0,135.0,88.89,2376.0
6.6,480,1,51.26,57.27,44.06,87.3,0.2305,0.2246,58.0,123.0,135.0,92.03,3168.0
6.6,480,2,49.09,63.12,44.49,105.19,0.2952,0.2475,63.0,118.0,138.0,86.35,3168.0
6.6,480,3,51.38,61.87,46.31,100.46,0.2515,0.2426,62.0,121.0,136.0,87.76,3168.0
6.6,480,4,46.68,56.92,45.92,115.85,0.1934,0.2232,57.0,121.0,134.0,92.6,3168.0
6.7,0,1,87.23,154.52,130.51,158.59,0.4355,0.606,150.0,101.0,134.0,4.12,0.0
6.7,0,2,95.09,146.3,134.51,166.18,0.3501,0.5737,145.0,108.0,129.0,5.83,0.0
6.7,0,3,90.46,146.56,133.31,165.83,0.3828,0.5747,144.0,106.0,129.0,5.39,0.0
6.7,0,4,93.52,151.11,130.26,158.27,0.3811,0.5926,148.0,104.0,133.0,1.0,0.0
6.7,1,1,76.76,122.39,106.3,158.85,0.3728,0.4799,121.0,108.0,132.0,27.29,6.7
6.7,1,2,77.0,121.69,105.35,158.06,0.3673,0.4772,121.0,109.0,132.0,27.46,6.7
6.7,1,3,78.38,119.07,103.34,156.8,0.3417,0.467,119.0,110.0,132.0,29.61,6.7
6.7,1,4,81.8,119.74,105.75,157.87,0.3168,0.4696,120.0,111.0,131.0,28.88,6.7
6.7,2,1,72.38,110.03,89.14,146.72,0.3422,0.4315,110.0,110.0,135.0,38.59,13.4
6.7,2,2,68.81,112.14,91.59,151.54,0.3864,0.4398,111.0,108.0,135.0,37.34,13.4
6.7,2,3,71.74,104.91,89.58,152.27,0.3161,0.4114,105.0,113.0,133.0,43.94,13.4
6.7,2,4,71.82,106.24,94.43,159.41,0.324,0.4166,107.0,113.0,131.0,41.99,13.4
6.7,5,1,65.27,88.85,76.44,148.41,0.2654,0.3484,90.0,117.0,132.0,59.44,33.5
6.7,5,2,62.5,90.12,77.28,152.11,0.3065,0.3534,91.0,114.0,132.0,57.87,33.5
6.7,5,3,68.19,90.3,75.67,140.3,0.2449,0.3541,92.0,116.0,134.0,57.31,33.5
6.7,5,4,64.99,90.22,76.16,146.56,0.2796,0.3538,91.0,115.0,133.0,58.06,33.5
6.7,10,1,62.34,82.57,65.85,130.42,0.245,0.3238,84.0,116.0,135.0,65.18,67.0
6.7,10,2,61.66,80.05,65.92,133.9,0.2298,0.3139,82.0,117.0,134.0,67.3,67.0
6.7,10,3,63.03,80.13,65.1,127.28,0.2134,0.3142,82.0,118.0,135.0,67.54,67.0
6.7,10,4,61.57,83.31,64.01,126.75,0.261,0.3267,84.0,115.0,136.0,65.06,67.0
6.7,15,1,57.79,74.74,66.06,149.28,0.2268,0.2931,76.0,119.0,131.0,73.55,100.5
6.7,15,2,56.27,75.31,62.43,139.42,0.2528,0.2953,77.0,118.0,133.0,72.37,100.5
6.7,15,3,54.89,74.76,60.65,137.39,0.2658,0.2932,75.0,117.0,134.0,74.18,100.5
6.7,15,4,55.25,73.12,63.47,147.6,0.2444,0.2868,75.0,118.0,132.0,74.33,100.5
6.7,30,1,54.04,70.65,56.81,130.01,0.235,0.2771,71.0,118.0,134.0,78.29,201.0
6.7,30,2,56.05,66.0,56.34,121.75,0.1508,0.2588,68.0,122.0,133.0,82.01,201.0
6.7,30,3,56.81,66.42,55.32,111.98,0.167,0.2605,68.0,122.0,133.0,82.01,201.0
6.7,30,4,52.16,69.97,55.56,131.47,0.2546,0.2744,70.0,118.0,134.0,79.27,201.0
6.7,45,1,55.07,65.64,55.59,122.99,0.1611,0.2574,67.0,122.0,133.0,82.98,301.5
6.7,45,2,52.48,64.71,51.86,117.12,0.1985,0.2538,66.0,120.0,134.0,83.57,301.5
6.7,45,3,53.55,64.96,51.48,110.81,0.2075,0.2547,66.0,120.0,135.0,83.6,301.5
6.7,45,4,53.89,68.88,54.42,122.12,0.2177,0.2701,69.0,119.0,134.0,80.44,301.5
6.7,60,1,50.61,67.0,51.71,124.02,0.2447,0.2628,68.0,117.0,136.0,81.15,402.0
6.7,60,2,49.2,62.59,50.7,126.71,0.2139,0.2454,63.0,120.0,133.0,86.5,402.0
6.7,60,3,50.36,65.09,49.66,117.28,0.237,0.2552,66.0,118.0,136.0,83.28,402.0
6.7,60,4,49.22,68.08,54.46,136.67,0.2771,0.267,69.0,117.0,134.0,80.09,402.0
6.7,90,1,51.56,61.9,48.28,105.54,0.22,0.2427,63.0,121.0,135.0,86.74,603.0
6.7,90,2,51.14,61.5,51.1,119.76,0.1691,0.2412,63.0,122.0,133.0,86.89,603.0
6.7,90,3,51.23,63.77,49.98,114.58,0.2163,0.2501,64.0,120.0,135.0,85.56,603.0
6.7,90,4,49.31,59.8,52.2,136.52,0.1754,0.2345,61.0,122.0,131.0,88.85,603.0
6.7,120,1,53.7,62.88,50.69,105.19,0.1939,0.2466,64.0,122.0,134.0,85.93,804.0
6.7,120,2,51.84,61.84,50.12,111.17,0.1895,0.2425,63.0,122.0,134.0,86.91,804.0
6.7,120,3,50.58,57.79,52.59,136.72,0.1248,0.2266,59.0,124.0,130.0,91.24,804.0
6.7,120,4,54.37,64.81,50.62,104.16,0.219,0.2542,66.0,120.0,135.0,83.6,804.0
6.7,180,1,52.47,57.98,48.87,96.3,0.1571,0.2274,59.0,124.0,133.0,91.22,1206.0
6.7,180,2,50.87,64.73,50.46,118.27,0.2204,0.2538,65.0,119.0,135.0,84.4,1206.0
6.7,180,3,53.03,58.74,50.14,99.82,0.1464,0.2303,61.0,124.0,132.0,89.27,1206.0
6.7,180,4,53.21,59.28,48.44,93.59,0.1829,0.2325,61.0,123.0,134.0,89.07,1206.0
6.7,240,1,47.61,62.95,45.59,113.04,0.2757,0.2469,62.0,118.0,136.0,87.22,1608.0
6.7,240,2,52.55,57.79,51.3,108.44,0.1122,0.2266,59.0,125.0,131.0,91.45,1608.0
6.7,240,3,47.8,58.5,45.28,108.56,0.2259,0.2294,59.0,120.0,134.0,90.45,1608.0
6.7,240,4,48.64,59.25,49.39,124.24,0.1791,0.2324,60.0,121.0,133.0,89.63,1608.0
6.7,300,1,52.69,58.79,47.51,92.48,0.1919,0.2306,60.0,123.0,134.0,90.05,2010.0
6.7,300,2,50.05,56.24,48.88,110.46,0.1308,0.2205,58.0,123.0,132.0,91.98,2010.0
6.7,300,3,52.18,55.09,47.82,84.05,0.132,0.216,58.0,125.0,133.0,92.42,2010.0
6.7,300,4,55.07,60.14,45.98,81.48,0.2355,0.2358,62.0,123.0,136.0,88.16,2010.0
6.7,360,1,53.62,61.88,51.29,106.76,0.1711,0.2426,63.0,123.0,133.0,87.1,2412.0
6.7,360,2,51.99,57.91,43.88,85.29,0.2423,0.2271,58.0,123.0,136.0,92.07,2412.0
6.7,360,3,49.45,60.45,45.32,103.64,0.2503,0.2371,61.0,120.0,136.0,88.55,2412.0
6.7,360,4,48.15,57.26,44.82,103.91,0.2173,0.2245,58.0,121.0,135.0,91.64,2412.0
6.7,480,1,47.6,59.56,49.95,131.79,0.2008,0.2336,60.0,121.0,133.0,89.63,3216.0
6.7,480,2,47.18,55.66,44.37,105.05,0.2028,0.2183,56.0,122.0,134.0,93.77,3216.0
6.7,480,3,53.31,59.78,43.5,83.83,0.2723,0.2344,61.0,122.0,137.0,88.98,3216.0
6.7,480,4,52.23,59.95,43.39,87.98,0.2763,0.2351,61.0,121.0,137.0,88.79,3216.0
6.8,0,1,92.28,151.9,131.13,159.1,0.3925,0.5957,148.0,104.0,132.0,0.0,0.0
6.8,0,2,93.99,150.04,130.88,159.49,0.3736,0.5884,147.0,105.0,133.0,1.73,0.0
6.8,0,3,92.22,152.11,129.19,157.04,0.3937,0.5965,149.0,103.0,134.0,2.45,0.0
6.8,0,4,94.61,151.88,130.79,157.9,0.377,0.5956,148.0,104.0,133.0,1.0,0.0
6.8,1,1,77.97,124.14,101.97,151.19,0.372,0.4868,123.0,106.0,136.0,25.4,6.8
6.8,1,2,77.45,120.54,104.12,157.14,0.3574,0.4727,120.0,109.0,132.0,28.44,6.8
6.8,1,3,78.38,118.34,101.37,154.51,0.3377,0.4641,118.0,110.0,133.0,30.61,6.8
6.8,1,4,74.47,119.77,101.86,156.28,0.3782,0.4697,119.0,108.0,133.0,29.29,6.8
6.8,2,1,71.46,104.96,91.67,156.2,0.3192,0.4116,105.0,113.0,131.0,43.94,13.6
6.8,2,2,74.65,104.14,91.37,154.02,0.2832,0.4084,106.0,114.0,132.0,43.17,13.6
6.8,2,3,72.09,108.87,93.81,155.43,0.3378,0.4269,109.0,112.0,132.0,39.81,13.6
6.8,2,4,73.57,109.24,88.24,144.68,0.3266,0.4284,109.0,110.0,136.0,39.66,13.6
6.8,5,1,62.61,87.4,77.4,155.79,0.2837,0.3428,88.0,116.0,131.0,61.2,34.0
6.8,5,2,64.93,87.69,80.57,161.22,0.2596,0.3439,89.0,118.0,129.0,60.71,34.0
6.8,5,3,67.0,91.61,74.35,137.92,0.2686,0.3593,93.0,115.0,135.0,56.17,34.0
6.8,5,4,65.9,89.21,77.4,149.61,0.2612,0.3498,91.0,116.0,132.0,58.25,34.0
6.8,10,1,60.97,80.99,66.98,138.01,0.2472,0.3176,82.0,117.0,134.0,67.3,68.0
6.8,10,2,58.78,77.84,66.64,144.75,0.2448,0.3053,79.0,118.0,132.0,70.41,68.0
6.8,10,3,60.52,79.03,68.88,147.1,0.2342,0.3099,81.0,118.0,132.0,68.45,68.0
6.8,10,4,60.39,80.06,64.93,133.85,0.2457,0.314,82.0,117.0,135.0,67.33,68.0
6.8,15,1,58.21,72.81,60.39,128.96,0.2005,0.2855,74.0,119.0,133.0,75.51,102.0
6.8,15,2,53.92,72.81,63.84,151.49,0.2594,0.2855,73.0,119.0,131.0,76.49,102.0
6.8,15,3,57.72,75.8,60.76,130.11,0.2386,0.2973,77.0,118.0,135.0,72.43,102.0
6.8,15,4,55.68,77.21,64.38,144.26,0.2789,0.3028,78.0,117.0,133.0,71.2,102.0
6.8,30,1,54.26,67.74,55.16,123.98,0.1989,0.2656,69.0,120.0,134.0,80.63,204.0
6.8,30,2,56.82,65.88,55.58,112.8,0.1563,0.2584,68.0,122.0,133.0,82.01,204.0
6.8,30,3,51.41,65.79,54.57,133.18,0.2186,0.258,66.0,120.0,133.0,83.55,204.0
6.8,30,4,57.99,68.58,54.79,106.1,0.2011,0.2689,70.0,121.0,135.0,79.89,204.0
6.8,45,1,52.46,65.27,51.85,117.29,0.2056,0.256,66.0,120.0,135.0,83.6,306.0
6.8,45,2,54.33,63.82,53.88,117.26,0.1558,0.2503,65.0,122.0,133.0,84.94,306.0
6.8,45,3,52.85,64.99,52.37,117.73,0.1942,0.2549,66.0,120.0,134.0,83.57,306.0
6.8,45,4,51.75,67.08,50.63,115.91,0.2453,0.2631,68.0,118.0,136.0,81.31,306.0
6.8,60,1,51.83,66.55,54.1,129.25,0.2212,0.261,67.0,120.0,133.0,82.57,408.0
6.8,60,2,53.18,62.95,54.79,129.86,0.1552,0.2469,64.0,123.0,132.0,86.12,408.0
6.8,60,3,52.95,65.49,51.56,113.99,0.2128,0.2568,66.0,120.0,135.0,83.6,408.0
6.8,60,4,52.21,64.61,50.02,110.99,0.2257,0.2534,66.0,119.0,135.0,83.41,408.0
6.8,90,1,48.57,62.37,49.27,123.02,0.2213,0.2446,63.0,120.0,134.0,86.52,612.0
6.8,90,2,53.7,63.04,50.23,103.76,0.2032,0.2472,65.0,121.0,135.0,84.78,612.0
6.8,90,3,53.25,64.55,46.4,97.36,0.2811,0.2531,66.0,119.0,138.0,83.58,612.0
6.8,90,4,49.75,61.86,48.64,114.95,0.2137,0.2426,62.0,120.0,135.0,87.53,612.0
6.8,120,1,50.82,63.81,46.63,105.35,0.2693,0.2502,64.0,119.0,137.0,85.48,816.0
6.8,120,2,50.42,58.29,51.22,126.1,0.1351,0.2286,60.0,123.0,131.0,90.03,816.0
6.8,120,3,51.33,61.11,48.75,107.44,0.2024,0.2397,63.0,121.0,135.0,86.74,816.0
6.8,120,4,51.72,59.96,49.11,105.57,0.181,0.2352,61.0,122.0,133.0,88.85,816.0
6.8,180,1,52.01,60.82,46.13,96.01,0.2415,0.2385,62.0,122.0,136.0,87.95,1224.0
6.8,180,2,48.58,60.41,48.73,120.75,0.1958,0.2369,61.0,120.0,134.0,88.48,1224.0
6.8,180,3,52.47,61.08,47.58,98.26,0.2211,0.2395,63.0,121.0,135.0,86.74,1224.0
6.8,180,4,47.68,59.39,47.7,120.11,0.1971,0.2329,60.0,121.0,134.0,89.65,1224.0
6.8,240,1,51.92,57.51,41.51,80.95,0.2781,0.2255,58.0,122.0,137.0,91.92,1632.0
6.8,240,2,52.99,57.16,48.27,88.09,0.1555,0.2241,59.0,124.0,133.0,91.22,1632.0
6.8,240,3,48.55,59.81,48.38,119.13,0.191,0.2346,60.0,121.0,133.0,89.63,1632.0
6.8,240,4,51.3,59.3,45.94,95.94,0.2252,0.2325,61.0,121.0,135.0,88.7,1632.0
6.8,300,1,50.95,53.24,42.47,72.76,0.2024,0.2088,55.0,125.0,135.0,95.39,2040.0
6.8,300,2,48.53,59.8,48.66,120.7,0.1884,0.2345,60.0,121.0,133.0,89.63,2040.0
6.8,300,3,51.45,61.17,43.35,92.7,0.2913,0.2399,62.0,120.0,138.0,87.68,2040.0
6.8,300,4,49.77,56.8,43.71,92.21,0.2303,0.2227,58.0,122.0,135.0,91.83,2040.0
6.8,360,1,51.86,54.94,46.33,81.45,0.1568,0.2155,56.0,125.0,133.0,94.37,2448.0
6.8,360,2,49.62,56.54,45.57,97.83,0.1941,0.2217,58.0,123.0,134.0,92.01,2448.0
6.8,360,3,49.09,58.79,45.79,104.75,0.2212,0.2306,59.0,121.0,135.0,90.66,2448.0
6.8,360,4,50.48,60.46,50.49,120.04,0.165,0.2371,61.0,122.0,133.0,88.85,2448.0
6.8,480,1,47.39,59.73,43.84,106.58,0.2661,0.2342,60.0,119.0,136.0,89.36,3264.0
6.8,480,2,50.96,58.46,44.81,92.98,0.2334,0.2292,59.0,121.0,136.0,90.7,3264.0
6.8,480,3,47.44,58.35,49.68,132.3,0.1869,0.2288,59.0,121.0,132.0,90.61,3264.0
6.8,480,4,49.67,58.68,46.04,102.79,0.2153,0.2301,59.0,121.0,134.0,90.63,3264.0
6.9,0,1,87.69,151.42,132.32,162.02,0.4209,0.5938,148.0,103.0,132.0,1.0,0.0
6.9,0,2,92.2,149.19,133.24,163.21,0.382,0.585,147.0,105.0,131.0,1.73,0.0
6.9,0,3,95.9,154.77,133.92,158.75,0.3804,0.607,151.0,104.0,133.0,3.16,0.0
6.9,0,4,92.67,151.7,133.03,161.02,0.3891,0.5949,148.0,105.0,131.0,1.41,0.0
6.9,1,1,76.72,120.33,103.55,156.91,0.3624,0.4719,120.0,109.0,133.0,28.46,6.9
6.9,1,2,78.53,118.32,104.08,158.53,0.3363,0.464,119.0,111.0,131.0,29.85,6.9
6.9,1,3,79.3,121.42,101.34,151.4,0.3469,0.4761,121.0,109.0,134.0,27.53,6.9
6.9,1,4,80.92,116.09,102.17,156.25,0.303,0.4553,117.0,112.0,132.0,32.02,6.9
6.9,2,1,68.09,110.03,90.49,152.05,0.3812,0.4315,110.0,109.0,135.0,38.44,13.8
6.9,2,2,70.61,102.92,86.68,149.84,0.3139,0.4036,103.0,112.0,133.0,45.72,13.8
6.9,2,3,71.96,108.15,90.87,151.35,0.3346,0.4241,108.0,111.0,134.0,40.66,13.8
6.9,2,4,72.83,103.68,90.73,154.82,0.2976,0.4066,104.0,114.0,132.0,45.12,13.8
6.9,5,1,59.97,88.89,73.45,147.96,0.3254,0.3486,89.0,113.0,133.0,59.69,34.5
6.9,5,2,62.12,89.41,75.74,149.94,0.3052,0.3506,90.0,115.0,133.0,59.04,34.5
6.9,5,3,63.13,87.22,78.3,157.78,0.2762,0.342,89.0,117.0,130.0,60.45,34.5
6.9,5,4,65.02,85.4,74.73,148.58,0.2387,0.3349,87.0,118.0,132.0,62.59,34.5
6.9,10,1,58.96,82.8,60.31,123.4,0.2879,0.3247,83.0,113.0,138.0,65.89,69.0
6.9,10,2,60.81,80.29,64.18,130.39,0.2426,0.3149,82.0,117.0,135.0,67.33,69.0
6.9,10,3,58.24,75.35,64.14,140.67,0.227,0.2955,77.0,118.0,132.0,72.37,69.0
6.9,10,4,57.92,82.17,64.96,137.41,0.2951,0.3222,83.0,114.0,135.0,65.83,69.0
6.9,15,1,56.68,74.89,59.53,129.38,0.2432,0.2937,76.0,117.0,135.0,73.23,103.5
6.9,15,2,57.84,76.24,60.64,129.13,0.2413,0.299,77.0,117.0,135.0,72.24,103.5
6.9,15,3,58.74,76.73,59.86,123.73,0.2345,0.3009,77.0,117.0,136.0,72.29,103.5
6.9,15,4,55.69,73.14,56.1,121.4,0.2386,0.2868,74.0,117.0,136.0,75.24,103.5
6.9,30,1,53.67,66.66,56.52,133.17,0.1949,0.2614,68.0,120.0,132.0,81.58,207.0
6.9,30,2,54.53,68.14,53.53,115.9,0.2144,0.2672,70.0,119.0,135.0,79.49,207.0
6.9,30,3,54.42,71.79,54.03,118.71,0.2473,0.2815,72.0,117.0,136.0,77.21,207.0
6.9,30,4,58.41,71.09,53.94,104.38,0.2412,0.2788,73.0,119.0,137.0,76.65,207.0
6.9,45,1,49.47,68.77,50.97,124.67,0.2807,0.2697,68.0,116.0,136.0,80.99,310.5
6.9,45,2,53.11,66.53,54.02,124.07,0.2017,0.2609,68.0,120.0,134.0,81.61,310.5
6.9,45,3,55.02,66.06,51.3,104.88,0.2235,0.2591,68.0,120.0,136.0,81.68,310.5
6.9,45,4,51.44,61.16,53.2,130.84,0.1589,0.2399,63.0,122.0,132.0,86.88,310.5
6.9,60,1,52.32,64.89,49.67,109.53,0.2346,0.2545,66.0,119.0,136.0,83.46,414.0
6.9,60,2,52.78,65.57,52.08,116.88,0.2057,0.2572,66.0,120.0,134.0,83.57,414.0
6.9,60,3,55.85,62.82,53.43,104.54,0.1495,0.2464,65.0,123.0,132.0,85.15,414.0
6.9,60,4,54.81,62.71,49.44,95.72,0.2115,0.2459,64.0,121.0,135.0,85.76,414.0
6.9,90,1,50.5,62.66,49.72,116.38,0.2066,0.2457,63.0,120.0,134.0,86.52,621.0
6.9,90,2,51.72,59.53,49.71,107.67,0.165,0.2334,61.0,122.0,133.0,88.85,621.0
6.9,90,3,51.62,64.5,49.23,110.61,0.2367,0.253,65.0,119.0,135.0,84.4,621.0
6.9,90,4,52.32,62.57,48.19,102.78,0.2298,0.2454,63.0,121.0,135.0,86.74,621.0
6.9,120,1,47.36,65.49,49.16,125.98,0.2769,0.2568,65.0,117.0,135.0,84.07,828.0
6.9,120,2,49.83,63.66,50.27,121.89,0.2172,0.2496,64.0,120.0,134.0,85.53,828.0
6.9,120,3,55.1,61.87,49.04,91.67,0.2074,0.2426,63.0,123.0,134.0,87.12,828.0
6.9,120,4,50.87,63.21,49.98,115.95,0.2094,0.2479,64.0,119.0,135.0,85.38,828.0
6.9,180,1,47.3,62.98,50.79,133.37,0.249,0.247,63.0,119.0,134.0,86.34,1242.0
6.9,180,2,50.46,60.57,48.19,108.98,0.2044,0.2375,61.0,121.0,134.0,88.67,1242.0
6.9,180,3,50.84,57.75,47.77,101.5,0.1729,0.2265,58.0,123.0,133.0,91.99,1242.0
6.9,180,4,49.45,59.08,49.65,121.21,0.163,0.2317,61.0,121.0,133.0,88.65,1242.0
6.9,240,1,47.2,57.09,47.79,123.59,0.1733,0.2239,58.0,121.0,133.0,91.6,1656.0
6.9,240,2,51.28,58.81,47.85,101.2,0.1864,0.2306,60.0,123.0,134.0,90.05,1656.0
6.9,240,3,47.9,59.78,43.27,103.18,0.2762,0.2344,60.0,119.0,136.0,89.36,1656.0
6.9,240,4,50.18,61.43,42.03,94.78,0.3159,0.2409,62.0,119.0,138.0,87.5,1656.0
6.9,300,1,49.43,55.39,49.22,117.95,0.1114,0.2172,57.0,124.0,131.0,93.18,2070.0
6.9,300,2,50.35,57.73,46.86,100.77,0.1882,0.2264,58.0,123.0,134.0,92.01,2070.0
6.9,300,3,47.99,59.2,47.28,116.46,0.2014,0.2322,60.0,121.0,134.0,89.65,2070.0
6.9,300,4,49.9,57.35,48.27,109.18,0.1584,0.2249,58.0,123.0,132.0,91.98,2070.0
6.9,360,1,47.71,56.52,49.56,132.55,0.1558,0.2217,58.0,123.0,131.0,91.99,2484.0
6.9,360,2,46.82,56.9,45.32,112.25,0.2034,0.2231,57.0,121.0,134.0,92.6,2484.0
6.9,360,3,47.28,58.98,45.9,113.63,0.2218,0.2313,59.0,120.0,134.0,90.45,2484.0
6.9,360,4,49.01,56.14,47.01,106.85,0.1627,0.2202,58.0,123.0,133.0,91.99,2484.0
6.9,480,1,47.63,54.66,47.99,123.07,0.1285,0.2143,55.0,123.0,131.0,94.93,3312.0
6.9,480,2,52.4,61.26,47.51,98.67,0.2244,0.2402,63.0,121.0,135.0,86.74,3312.0
6.9,480,3,48.82,59.42,44.2,101.8,0.2561,0.233,60.0,120.0,136.0,89.53,3312.0
6.9,480,4,49.66,58.97,45.61,101.81,0.2266,0.2313,59.0,121.0,135.0,90.66,3312.0
7.0,0,1,92.1,148.82,129.33,159.38,0.3811,0.5836,146.0,105.0,132.0,2.24,0.0
7.0,0,2,90.31,154.71,131.51,158.39,0.4162,0.6067,150.0,102.0,134.0,3.46,0.0
7.0,0,3,93.19,153.34,126.74,153.47,0.3923,0.6013,150.0,102.0,136.0,4.9,0.0
7.0,0,4,91.89,149.88,135.51,165.13,0.3869,0.5878,147.0,106.0,129.0,3.74,0.0
7.0,1,1,73.76,119.24,105.78,162.24,0.3814,0.4676,119.0,109.0,131.0,29.44,7.0
7.0,1,2,75.44,122.46,101.2,152.86,0.3839,0.4802,121.0,107.0,135.0,27.33,7.0
7.0,1,3,82.48,116.63,101.6,153.6,0.2928,0.4574,117.0,112.0,132.0,32.02,7.0
7.0,1,4,78.72,118.68,99.97,151.9,0.3367,0.4654,118.0,109.0,134.0,30.48,7.0
7.0,2,1,72.03,104.17,90.4,154.3,0.3085,0.4085,105.0,113.0,132.0,43.93,14.0
7.0,2,2,73.23,104.94,90.83,153.3,0.3021,0.4115,105.0,113.0,132.0,43.93,14.0
7.0,2,3,74.04,104.36,91.28,154.12,0.2906,0.4093,106.0,114.0,132.0,43.17,14.0
7.0,2,4,70.68,110.69,89.46,148.16,0.3614,0.4341,110.0,109.0,135.0,38.44,14.0
7.0,5,1,63.15,87.01,73.1,145.02,0.2742,0.3412,88.0,116.0,133.0,61.2,35.0
7.0,5,2,63.86,89.25,74.25,144.56,0.2845,0.35,90.0,115.0,134.0,59.07,35.0
7.0,5,3,64.2,87.75,75.88,149.75,0.2683,0.3441,89.0,117.0,132.0,60.42,35.0
7.0,5,4,61.82,86.3,72.28,145.62,0.2836,0.3384,87.0,115.0,133.0,61.99,35.0
7.0,10,1,58.54,79.78,64.34,136.39,0.2662,0.3128,80.0,116.0,134.0,69.08,70.0
7.0,10,2,56.69,78.88,62.93,136.87,0.2814,0.3093,79.0,116.0,135.0,70.1,70.0
7.0,10,3,61.37,79.19,66.48,137.19,0.225,0.3106,81.0,117.0,134.0,68.28,70.0
7.0,10,4,57.99,75.7,66.56,149.04,0.234,0.2969,77.0,118.0,131.0,72.37,70.0
7.0,15,1,56.01,73.43,57.69,125.79,0.2372,0.288,74.0,118.0,135.0,75.37,105.0
7.0,15,2,53.69,75.88,63.56,146.68,0.2924,0.2976,76.0,116.0,133.0,73.0,105.0
7.0,15,3,56.21,73.3,63.58,145.89,0.2331,0.2874,75.0,118.0,132.0,74.33,105.0
7.0,15,4,52.27,71.45,61.83,149.89,0.2685,0.2802,72.0,118.0,132.0,77.28,105.0
7.0,30,1,56.14,71.8,55.26,116.83,0.2303,0.2816,73.0,118.0,136.0,76.4,210.0
7.0,30,2,55.62,70.53,54.65,116.33,0.2251,0.2766,71.0,118.0,136.0,78.36,210.0
7.0,30,3,53.79,67.44,55.66,128.21,0.2024,0.2645,69.0,120.0,133.0,80.61,210.0
7.0,30,4,52.75,66.63,57.2,139.26,0.2083,0.2613,68.0,120.0,132.0,81.58,210.0
7.0,45,1,53.61,66.08,50.75,108.8,0.232,0.2591,68.0,119.0,136.0,81.49,315.0
7.0,45,2,54.9,63.45,51.69,103.59,0.1854,0.2488,65.0,121.0,134.0,84.75,315.0
7.0,45,3,52.78,64.77,54.13,126.75,0.1851,0.254,66.0,121.0,133.0,83.75,315.0
7.0,45,4,53.91,65.97,51.55,110.18,0.2185,0.2587,67.0,120.0,135.0,82.62,315.0
7.0,60,1,57.51,62.53,51.26,86.76,0.1802,0.2452,65.0,123.0,134.0,85.17,420.0
7.0,60,2,51.0,62.24,51.12,120.66,0.1806,0.2441,63.0,121.0,133.0,86.69,420.0
7.0,60,3,50.87,61.32,51.47,123.48,0.1704,0.2405,63.0,121.0,133.0,86.69,420.0
7.0,60,4,51.21,65.0,47.72,107.86,0.2659,0.2549,66.0,118.0,137.0,83.34,420.0
7.0,90,1,52.41,59.76,49.17,101.67,0.1772,0.2344,61.0,123.0,133.0,89.06,630.0
7.0,90,2,52.78,62.59,50.15,107.32,0.1988,0.2455,64.0,121.0,134.0,85.73,630.0
7.0,90,3,52.07,62.18,50.46,111.71,0.1885,0.2438,64.0,121.0,134.0,85.73,630.0
7.0,90,4,50.83,61.42,45.93,101.02,0.2523,0.2409,62.0,120.0,136.0,87.57,630.0
7.0,120,1,49.31,62.22,50.62,126.09,0.2074,0.244,63.0,120.0,133.0,86.5,840.0
7.0,120,2,50.5,60.19,45.08,98.5,0.251,0.2361,61.0,120.0,136.0,88.55,840.0
7.0,120,3,51.1,60.24,46.94,101.22,0.2209,0.2363,61.0,122.0,135.0,88.89,840.0
7.0,120,4,51.38,61.04,49.48,110.15,0.1893,0.2394,63.0,121.0,134.0,86.71,840.0
7.0,180,1,51.8,60.02,50.41,111.32,0.1602,0.2354,62.0,122.0,133.0,87.87,1260.0
7.0,180,2,53.13,61.39,47.96,96.9,0.2187,0.2407,63.0,121.0,136.0,86.78,1260.0
7.0,180,3,48.06,60.67,49.8,128.27,0.2078,0.2379,61.0,121.0,133.0,88.65,1260.0
7.0,180,4,53.74,60.86,48.68,95.07,0.2002,0.2387,62.0,122.0,135.0,87.91,1260.0
7.0,240,1,49.06,59.02,45.9,105.55,0.2222,0.2314,60.0,121.0,135.0,89.68,1680.0
7.0,240,2,52.95,54.9,46.27,73.56,0.1572,0.2153,57.0,125.0,133.0,93.4,1680.0
7.0,240,3,50.3,57.21,46.67,99.35,0.1844,0.2244,58.0,123.0,134.0,92.01,1680.0
7.0,240,4,49.48,57.46,47.45,107.86,0.1742,0.2253,58.0,123.0,133.0,91.99,1680.0
7.0,300,1,49.32,56.07,48.67,114.8,0.1319,0.2199,58.0,123.0,132.0,91.98,2100.0
7.0,300,2,51.27,57.64,45.99,92.85,0.2021,0.2261,59.0,123.0,135.0,91.05,2100.0
7.0,300,3,49.17,56.85,43.6,94.8,0.2331,0.223,58.0,122.0,135.0,91.83,2100.0
7.0,300,4,53.04,58.44,43.01,81.02,0.2641,0.2292,60.0,122.0,137.0,89.96,2100.0
7.0,360,1,50.25,56.53,47.44,101.44,0.1609,0.2217,58.0,123.0,133.0,91.99,2520.0
7.0,360,2,48.3,58.55,44.23,102.92,0.2446,0.2296,59.0,120.0,135.0,90.48,2520.0
7.0,360,3,49.33,59.62,46.35,106.53,0.2227,0.2338,60.0,121.0,134.0,89.65,2520.0
7.0,360,4,50.89,56.43,42.14,83.26,0.2531,0.2213,58.0,123.0,136.0,92.07,2520.0
7.0,480,1,52.73,56.49,46.91,83.53,0.1697,0.2215,58.0,124.0,134.0,92.22,3360.0
7.0,480,2,45.97,55.24,44.01,109.54,0.2032,0.2166,56.0,121.0,134.0,93.58,3360.0
7.0,480,3,46.67,62.8,46.01,117.64,0.2674,0.2463,62.0,118.0,136.0,87.22,3360.0
7.0,480,4,49.03,56.7,46.57,105.39,0.1787,0.2223,58.0,123.0,133.0,91.99,3360.0
7.1,0,1,90.26,150.62,131.08,160.58,0.4008,0.5907,147.0,104.0,132.0,1.0,0.0
7.1,0,2,88.98,151.59,133.41,162.57,0.413,0.5945,148.0,103.0,131.0,1.41,0.0
7.1,0,3,94.03,151.04,129.59,157.43,0.3775,0.5923,148.0,104.0,134.0,2.0,0.0
7.1,0,4,93.72,152.64,132.34,159.32,0.386,0.5986,149.0,104.0,133.0,1.41,0.0
7.1,1,1,75.32,117.19,97.21,151.36,0.3573,0.4596,117.0,108.0,134.0,31.32,7.1
7.1,1,2,79.07,117.5,101.46,154.96,0.3271,0.4608,118.0,111.0,133.0,30.82,7.1
7.1,1,3,75.67,119.48,99.58,152.74,0.3667,0.4685,119.0,108.0,134.0,29.34,7.1
7.1,1,4,75.54,119.76,100.4,153.74,0.3693,0.4696,119.0,108.0,134.0,29.34,7.1
7.1,2,1,72.19,105.79,91.31,154.14,0.3176,0.4149,106.0,113.0,132.0,42.95,14.2
7.1,2,2,67.3,105.03,86.29,150.2,0.3592,0.4119,105.0,110.0,134.0,43.46,14.2
7.1,2,3,74.62,105.35,90.17,150.38,0.2917,0.4131,106.0,113.0,133.0,42.97,14.2
7.1,2,4,72.21,105.82,87.51,147.31,0.3176,0.415,106.0,112.0,134.0,42.8,14.2
7.1,5,1,62.58,89.32,74.08,145.8,0.2993,0.3503,90.0,114.0,134.0,58.89,35.5
7.1,5,2,65.98,85.96,71.42,136.33,0.2324,0.3371,87.0,117.0,134.0,62.4,35.5
7.1,5,3,62.81,86.85,73.86,147.58,0.2768,0.3406,88.0,116.0,133.0,61.2,35.5
7.1,5,4,62.06,92.01,74.25,144.42,0.3255,0.3608,93.0,112.0,135.0,55.66,35.5
7.1,10,1,60.88,75.42,67.27,146.35,0.1928,0.2958,78.0,120.0,131.0,71.81,71.0
7.1,10,2,59.24,78.84,61.88,128.08,0.2487,0.3092,80.0,116.0,136.0,69.17,71.0
7.1,10,3,58.7,74.23,62.91,136.28,0.2092,0.2911,76.0,119.0,133.0,73.55,71.0
7.1,10,4,60.6,75.84,66.58,143.52,0.201,0.2974,78.0,119.0,132.0,71.59,71.0
7.1,15,1,56.51,77.82,56.4,119.69,0.2753,0.3052,78.0,115.0,138.0,71.11,106.5
7.1,15,2,53.69,73.51,61.45,143.48,0.2696,0.2883,74.0,117.0,133.0,75.14,106.5
7.1,15,3,56.67,71.71,61.9,140.88,0.2097,0.2812,73.0,120.0,132.0,76.69,106.5
7.1,15,4,58.17,77.16,58.16,119.96,0.2463,0.3026,78.0,116.0,137.0,71.2,106.5
7.1,30,1,53.21,66.82,54.0,123.51,0.2038,0.2621,68.0,120.0,134.0,81.61,213.0
7.1,30,2,54.21,64.67,53.64,116.9,0.1706,0.2536,66.0,121.0,133.0,83.75,213.0
7.1,30,3,54.86,66.45,58.15,137.06,0.1743,0.2606,68.0,121.0,131.0,81.79,213.0
7.1,30,4,51.6,67.81,54.78,131.77,0.2391,0.2659,68.0,118.0,134.0,81.24,213.0
7.1,45,1,52.13,61.67,52.93,125.03,0.1547,0.2419,63.0,122.0,132.0,86.88,319.5
7.1,45,2,51.59,66.65,50.92,117.44,0.236,0.2614,67.0,118.0,136.0,82.3,319.5
7.1,45,3,54.05,65.68,52.34,112.31,0.2031,0.2576,67.0,120.0,135.0,82.62,319.5
7.1,45,4,53.96,62.57,51.04,104.85,0.1842,0.2454,64.0,121.0,134.0,85.73,319.5
7.1,60,1,51.58,61.96,48.57,106.53,0.2161,0.243,63.0,121.0,135.0,86.74,426.0
7.1,60,2,50.64,63.62,47.12,107.22,0.2593,0.2495,64.0,119.0,136.0,85.42,426.0
7.1,60,3,52.1,66.69,49.56,111.1,0.2568,0.2615,67.0,118.0,137.0,82.35,426.0
7.1,60,4,50.79,67.75,50.3,118.3,0.2577,0.2657,68.0,117.0,136.0,81.15,426.0
7.1,90,1,48.89,65.47,45.9,110.83,0.2989,0.2567,65.0,116.0,138.0,84.08,639.0
7.1,90,2,54.77,60.43,49.46,90.93,0.1814,0.237,62.0,123.0,134.0,88.1,639.0
7.1,90,3,50.77,59.99,48.91,109.93,0.1848,0.2353,61.0,121.0,134.0,88.67,639.0
7.1,90,4,51.62,59.45,52.48,126.64,0.1317,0.2331,61.0,123.0,131.0,89.06,639.0
7.1,120,1,52.58,62.99,49.45,106.14,0.2149,0.247,64.0,120.0,135.0,85.56,852.0
7.1,120,2,48.75,60.93,49.9,125.65,0.1998,0.2389,61.0,121.0,133.0,88.65,852.0
7.1,120,3,50.54,57.76,45.35,94.92,0.2149,0.2265,58.0,123.0,134.0,92.01,852.0
7.1,120,4,49.96,57.22,48.7,111.12,0.149,0.2244,58.0,123.0,132.0,91.98,852.0
7.1,180,1,49.63,60.72,46.1,105.5,0.2409,0.2381,61.0,121.0,135.0,88.7,1278.0
7.1,180,2,49.09,59.22,44.7,101.85,0.2452,0.2322,60.0,121.0,136.0,89.72,1278.0
7.1,180,3,52.27,59.23,50.59,108.31,0.1459,0.2323,61.0,123.0,132.0,89.05,1278.0
7.1,180,4,48.21,58.48,47.22,114.69,0.1926,0.2293,59.0,121.0,133.0,90.61,1278.0
7.1,240,1,51.4,58.83,46.11,95.08,0.2162,0.2307,60.0,122.0,135.0,89.87,1704.0
7.1,240,2,48.43,63.19,48.07,118.57,0.2392,0.2478,63.0,118.0,135.0,86.2,1704.0
7.1,240,3,50.28,57.26,49.68,115.32,0.1324,0.2246,59.0,123.0,132.0,91.01,1704.0
7.1,240,4,51.2,56.22,48.03,96.81,0.1457,0.2205,58.0,124.0,133.0,92.2,1704.0
7.1,300,1,48.54,55.36,46.39,105.61,0.1621,0.2171,57.0,123.0,133.0,92.97,2130.0
7.1,300,2,47.11,56.41,44.18,105.61,0.2168,0.2212,57.0,121.0,135.0,92.62,2130.0
7.1,300,3,48.98,56.66,44.68,98.49,0.2114,0.2222,57.0,122.0,135.0,92.81,2130.0
7.1,300,4,52.95,57.36,47.1,85.78,0.1788,0.2249,59.0,124.0,133.0,91.22,2130.0
7.1,360,1,49.47,60.35,46.71,107.88,0.226,0.2367,61.0,121.0,135.0,88.7,2556.0
7.1,360,2,48.62,54.28,46.29,102.5,0.1472,0.2129,55.0,124.0,132.0,95.13,2556.0
7.1,360,3,48.99,55.44,46.2,101.85,0.1667,0.2174,57.0,123.0,133.0,92.97,2556.0
7.1,360,4,50.09,56.19,43.42,88.65,0.2272,0.2204,58.0,123.0,135.0,92.03,2556.0
7.1,480,1,50.45,54.79,47.66,96.51,0.1301,0.2148,56.0,124.0,132.0,94.15,3408.0
7.1,480,2,48.12,60.55,45.63,110.0,0.2464,0.2374,61.0,120.0,135.0,88.51,3408.0
7.1,480,3,48.15,58.35,48.1,119.68,0.1758,0.2288,59.0,121.0,133.0,90.61,3408.0
7.1,480,4,49.08,57.06,45.56,101.63,0.2014,0.2237,58.0,122.0,134.0,91.8,3408.0
7.2,0,1,94.23,152.19,135.67,162.9,0.3808,0.5968,150.0,105.0,131.0,2.45,0.0
7.2,0,2,95.58,150.61,132.74,160.52,0.3654,0.5906,148.0,106.0,132.0,2.0,0.0
7.2,0,3,93.0,147.82,133.24,164.05,0.3708,0.5797,145.0,106.0,130.0,4.12,0.0
7.2,0,4,85.4,153.02,132.5,161.79,0.4419,0.6001,149.0,101.0,132.0,3.16,0.0
7.2,1,1,75.12,116.46,100.27,156.5,0.355,0.4567,116.0,110.0,132.0,32.56,7.2
7.2,1,2,77.92,121.33,97.0,146.37,0.3578,0.4758,120.0,107.0,136.0,28.44,7.2
7.2,1,3,76.43,119.47,104.07,158.53,0.3603,0.4685,119.0,109.0,132.0,29.43,7.2
7.2,1,4,73.73,114.25,100.31,159.36,0.3547,0.448,114.0,110.0,131.0,34.54,7.2
7.2,2,1,73.3,106.5,90.51,151.1,0.3117,0.4177,107.0,112.0,133.0,41.79,14.4
7.2,2,2,68.64,103.83,88.12,153.22,0.339,0.4072,104.0,112.0,133.0,44.73,14.4
7.2,2,3,72.15,104.41,89.63,152.5,0.309,0.4095,105.0,113.0,133.0,43.94,14.4
7.2,2,4,68.82,104.98,88.83,153.21,0.3444,0.4117,104.0,111.0,133.0,44.56,14.4
7.2,5,1,63.64,89.04,72.16,140.11,0.2852,0.3492,90.0,114.0,135.0,58.93,36.0
7.2,5,2,64.26,89.71,73.18,141.04,0.2837,0.3518,90.0,115.0,134.0,59.07,36.0
7.2,5,3,61.62,91.34,72.63,142.24,0.3254,0.3582,91.0,112.0,135.0,57.64,36.0
7.2,5,4,62.87,90.57,71.24,138.14,0.3058,0.3552,91.0,113.0,136.0,57.84,36.0
7.2,10,1,60.65,74.86,65.31,139.67,0.1899,0.2936,77.0,120.0,131.0,72.79,72.0
7.2,10,2,54.28,80.46,63.74,141.69,0.3254,0.3155,81.0,113.0,135.0,67.67,72.0
7.2,10,3,54.14,79.14,64.39,144.6,0.3159,0.3103,80.0,115.0,134.0,68.91,72.0
7.2,10,4,56.86,78.48,62.41,135.41,0.2755,0.3078,79.0,116.0,135.0,70.1,72.0
7.2,15,1,54.27,73.21,59.33,136.03,0.2587,0.2871,74.0,117.0,134.0,75.16,108.0
7.2,15,2,53.45,70.8,61.25,146.99,0.245,0.2776,72.0,119.0,131.0,77.47,108.0
7.2,15,3,54.34,73.55,59.92,137.44,0.2612,0.2884,74.0,117.0,134.0,75.16,108.0
7.2,15,4,55.17,75.18,60.1,134.77,0.2662,0.2948,76.0,116.0,135.0,73.05,108.0
7.2,30,1,50.28,66.08,50.17,119.57,0.2408,0.2591,67.0,118.0,136.0,82.3,216.0
7.2,30,2,48.25,66.28,51.9,132.15,0.272,0.2599,66.0,117.0,135.0,83.08,216.0
7.2,30,3,52.6,64.84,54.66,130.1,0.1888,0.2543,66.0,121.0,133.0,83.75,216.0
7.2,30,4,53.31,67.03,53.28,119.9,0.2051,0.2629,69.0,119.0,135.0,80.47,216.0
7.2,45,1,55.21,64.15,51.02,100.85,0.2046,0.2516,66.0,121.0,135.0,83.8,324.0
7.2,45,2,53.43,64.21,54.88,128.07,0.1679,0.2518,66.0,121.0,133.0,83.75,324.0
7.2,45,3,53.79,61.77,48.47,96.01,0.2154,0.2422,63.0,122.0,135.0,86.94,324.0
7.2,45,4,51.96,62.05,53.99,132.08,0.1625,0.2433,64.0,121.0,132.0,85.7,324.0
7.2,60,1,51.95,66.88,54.98,132.19,0.2232,0.2623,67.0,120.0,133.0,82.57,432.0
7.2,60,2,51.84,61.06,48.77,105.03,0.2013,0.2394,63.0,121.0,135.0,86.74,432.0
7.2,60,3,51.74,63.82,52.02,121.42,0.1893,0.2503,65.0,121.0,133.0,84.73,432.0
7.2,60,4,53.6,60.58,52.35,110.86,0.1359,0.2376,62.0,124.0,132.0,88.29,432.0
7.2,90,1,53.31,59.76,50.62,102.34,0.153,0.2344,61.0,124.0,133.0,89.27,648.0
7.2,90,2,51.81,60.93,46.39,97.65,0.2386,0.239,61.0,122.0,135.0,88.89,648.0
7.2,90,3,51.67,62.47,48.35,105.91,0.2259,0.245,63.0,120.0,135.0,86.54,648.0
7.2,90,4,50.26,60.38,45.75,101.49,0.2423,0.2368,61.0,120.0,136.0,88.55,648.0
7.2,120,1,48.21,59.96,48.98,123.93,0.196,0.2351,60.0,121.0,133.0,89.63,864.0
7.2,120,2,50.5,58.77,51.29,125.71,0.1408,0.2305,60.0,123.0,131.0,90.03,864.0
7.2,120,3,49.78,62.4,46.87,108.73,0.249,0.2447,63.0,119.0,136.0,86.41,864.0
7.2,120,4,48.86,60.77,46.81,111.21,0.2297,0.2383,61.0,119.0,135.0,88.33,864.0
7.2,180,1,51.2,57.82,48.6,103.05,0.1594,0.2267,59.0,124.0,133.0,91.22,1296.0
7.2,180,2,47.9,59.83,45.96,111.59,0.2319,0.2346,60.0,120.0,135.0,89.49,1296.0
7.2,180,3,48.31,59.39,48.82,122.78,0.1866,0.2329,60.0,121.0,133.0,89.63,1296.0
7.2,180,4,49.01,58.66,47.03,109.82,0.1982,0.23,59.0,122.0,134.0,90.82,1296.0
7.2,240,1,48.29,57.32,44.57,102.49,0.2224,0.2248,58.0,121.0,135.0,91.64,1728.0
7.2,240,2,47.33,59.29,43.3,104.9,0.2696,0.2325,60.0,119.0,136.0,89.36,1728.0
7.2,240,3,48.9,58.1,47.11,110.27,0.1891,0.2278,59.0,121.0,133.0,90.61,1728.0
7.2,240,4,50.18,58.89,45.21,98.19,0.2322,0.2309,59.0,122.0,135.0,90.85,1728.0
7.2,300,1,49.64,56.86,45.74,98.97,0.1957,0.223,58.0,123.0,134.0,92.01,2160.0
7.2,300,2,51.14,56.26,49.24,103.71,0.1248,0.2206,58.0,124.0,132.0,92.2,2160.0
7.2,300,3,50.79,57.63,44.71,91.75,0.2241,0.226,58.0,122.0,135.0,91.83,2160.0
7.2,300,4,51.91,60.71,44.59,92.74,0.2654,0.2381,61.0,121.0,137.0,88.79,2160.0
7.2,360,1,50.0,56.65,45.57,96.02,0.1957,0.2222,58.0,123.0,134.0,92.01,2592.0
7.2,360,2,47.52,61.1,45.28,111.49,0.259,0.2396,61.0,119.0,136.0,88.37,2592.0
7.2,360,3,48.59,55.46,47.55,112.18,0.1426,0.2175,57.0,123.0,132.0,92.96,2592.0
7.2,360,4,44.34,57.61,47.07,132.35,0.2304,0.2259,57.0,120.0,132.0,92.4,2592.0
7.2,480,1,47.48,55.8,46.75,115.14,0.1623,0.2188,56.0,122.0,133.0,93.75,3456.0
7.2,480,2,51.57,55.11,43.98,79.06,0.2019,0.2161,57.0,123.0,135.0,93.01,3456.0
7.2,480,3,51.22,54.35,45.85,82.09,0.1563,0.2131,56.0,125.0,133.0,94.37,3456.0
7.2,480,4,49.87,55.12,44.47,89.55,0.1932,0.2161,57.0,123.0,134.0,92.98,3456.0
7.3,0,1,92.27,148.12,129.61,160.12,0.377,0.5809,146.0,105.0,132.0,2.24,0.0
7.3,0,2,96.21,154.43,132.05,156.94,0.377,0.6056,151.0,104.0,134.0,3.61,0.0
7.3,0,3,92.75,152.5,132.69,160.11,0.3918,0.598,149.0,104.0,132.0,1.0,0.0
7.3,0,4,91.98,149.39,132.66,162.51,0.3843,0.5859,147.0,105.0,131.0,1.73,0.0
7.3,1,1,78.06,117.7,102.07,156.34,0.3368,0.4616,117.0,111.0,132.0,31.78,7.3
7.3,1,2,77.97,119.67,98.33,149.29,0.3485,0.4693,119.0,108.0,135.0,29.43,7.3
7.3,1,3,76.11,118.69,100.96,155.01,0.3587,0.4655,118.0,109.0,133.0,30.43,7.3
7.3,1,4,78.51,119.95,99.55,150.46,0.3454,0.4704,119.0,109.0,134.0,29.5,7.3
7.3,2,1,71.52,104.57,90.96,155.29,0.3161,0.4101,105.0,113.0,132.0,43.93,14.6
7.3,2,2,70.49,101.26,91.47,160.9,0.3039,0.3971,102.0,114.0,130.0,47.12,14.6
7.3,2,3,69.63,101.33,90.34,159.2,0.3129,0.3974,102.0,114.0,130.0,47.12,14.6
7.3,2,4,70.39,103.5,87.74,151.45,0.3198,0.4059,104.0,112.0,133.0,44.73,14.6
7.3,5,1,62.13,88.43,70.24,138.51,0.2974,0.3468,89.0,114.0,135.0,59.92,36.5
7.3,5,2,62.93,86.98,73.93,147.45,0.2765,0.3411,88.0,116.0,133.0,61.2,36.5
7.3,5,3,64.32,88.86,73.12,141.51,0.2762,0.3485,89.0,116.0,134.0,60.24,36.5
7.3,5,4,63.44,88.99,74.32,145.56,0.2871,0.349,89.0,115.0,133.0,60.02,36.5
7.3,10,1,60.31,81.79,62.19,125.26,0.2627,0.3208,82.0,115.0,137.0,67.1,73.0
7.3,10,2,59.08,80.24,62.16,128.72,0.2637,0.3147,81.0,116.0,136.0,68.18,73.0
7.3,10,3,58.71,76.19,63.21,135.45,0.2295,0.2988,78.0,118.0,133.0,71.39,73.0
7.3,10,4,59.31,75.65,65.19,141.57,0.216,0.2967,77.0,119.0,132.0,72.57,73.0
7.3,15,1,58.34,70.32,57.99,118.29,0.1753,0.2758,72.0,120.0,134.0,77.69,109.5
7.3,15,2,55.84,74.21,59.84,133.09,0.2476,0.291,75.0,117.0,135.0,74.21,109.5
7.3,15,3,56.71,74.03,60.41,132.82,0.234,0.2903,76.0,117.0,134.0,73.19,109.5
7.3,15,4,54.08,75.21,62.72,144.55,0.281,0.2949,76.0,116.0,133.0,73.0,109.5
7.3,30,1,54.21,67.57,55.83,127.3,0.1978,0.265,69.0,120.0,134.0,80.63,219.0
7.3,30,2,53.32,66.59,53.3,119.93,0.1995,0.2611,68.0,120.0,134.0,81.61,219.0
7.3,30,3,54.13,67.91,52.0,111.97,0.2342,0.2663,69.0,119.0,135.0,80.47,219.0
7.3,30,4,50.37,63.05,52.42,129.71,0.2011,0.2473,64.0,120.0,133.0,85.52,219.0
7.3,45,1,52.96,64.92,50.25,108.93,0.2259,0.2546,66.0,119.0,135.0,83.41,328.5
7.3,45,2,51.96,64.13,54.03,130.2,0.1898,0.2515,66.0,120.0,133.0,83.55,328.5
7.3,45,3,53.87,63.79,48.68,99.39,0.2369,0.2502,65.0,121.0,136.0,84.82,328.5
7.3,45,4,51.21,63.77,49.61,113.22,0.2221,0.2501,64.0,120.0,135.0,85.56,328.5
7.3,60,1,51.97,60.84,48.29,102.41,0.2064,0.2386,62.0,122.0,134.0,87.89,438.0
7.3,60,2,55.45,63.1,49.06,92.69,0.2224,0.2475,65.0,122.0,135.0,84.98,438.0
7.3,60,3,49.68,61.12,48.59,114.77,0.2051,0.2397,62.0,120.0,135.0,87.53,438.0
7.3,60,4,52.3,64.46,47.84,103.9,0.2579,0.2528,65.0,119.0,137.0,84.49,438.0
7.3,90,1,54.57,59.69,47.69,85.63,0.2011,0.2341,61.0,123.0,135.0,89.1,657.0
7.3,90,2,54.89,65.74,49.14,99.21,0.2525,0.2578,67.0,120.0,136.0,82.66,657.0
7.3,90,3,51.69,63.98,51.45,118.87,0.1958,0.2509,65.0,120.0,134.0,84.55,657.0
7.3,90,4,53.95,64.5,53.69,118.54,0.1677,0.253,66.0,121.0,133.0,83.75,657.0
7.3,120,1,48.61,61.03,44.5,105.06,0.2709,0.2393,61.0,119.0,137.0,88.43,876.0
7.3,120,2,48.36,63.93,45.33,110.24,0.2909,0.2507,63.0,117.0,137.0,86.13,876.0
7.3,120,3,48.01,57.05,46.97,113.81,0.1768,0.2237,58.0,122.0,133.0,91.79,876.0
7.3,120,4,49.28,61.73,48.83,117.91,0.2091,0.2421,62.0,120.0,135.0,87.53,876.0
7.3,180,1,49.98,60.02,46.58,104.82,0.2239,0.2354,61.0,121.0,135.0,88.7,1314.0
7.3,180,2,50.91,58.89,47.35,101.46,0.196,0.2309,60.0,122.0,134.0,89.84,1314.0
7.3,180,3,48.21,57.57,47.3,114.66,0.1784,0.2257,58.0,122.0,133.0,91.79,1314.0
7.3,180,4,49.69,57.44,45.95,100.48,0.2,0.2253,58.0,122.0,134.0,91.8,1314.0
7.3,240,1,47.7,57.91,45.84,110.77,0.2084,0.2271,58.0,121.0,134.0,91.61,1752.0
7.3,240,2,49.2,58.07,50.73,130.34,0.1527,0.2277,60.0,122.0,132.0,89.82,1752.0
7.3,240,3,48.79,60.1,43.68,101.31,0.2732,0.2357,61.0,119.0,137.0,88.43,1752.0
7.3,240,4,51.2,62.0,45.33,98.88,0.2688,0.2431,62.0,120.0,136.0,87.57,1752.0
7.3,300,1,44.13,56.61,47.52,136.28,0.2205,0.222,57.0,121.0,132.0,92.57,2190.0
7.3,300,2,46.2,57.13,45.11,114.59,0.2103,0.224,58.0,121.0,134.0,91.61,2190.0
7.3,300,3,50.66,56.62,49.28,108.73,0.1296,0.222,58.0,124.0,131.0,92.2,2190.0
7.3,300,4,45.26,58.77,42.94,111.2,0.2694,0.2305,58.0,120.0,136.0,91.5,2190.0
7.3,360,1,48.41,56.39,44.42,100.0,0.2122,0.2211,57.0,122.0,135.0,92.81,2628.0
7.3,360,2,52.37,57.2,43.78,81.57,0.2346,0.2243,59.0,123.0,136.0,91.09,2628.0
7.3,360,3,50.95,60.13,43.21,92.55,0.2814,0.2358,61.0,120.0,137.0,88.6,2628.0
7.3,360,4,47.92,55.72,47.18,114.8,0.1532,0.2185,56.0,123.0,132.0,93.94,2628.0
7.3,480,1,50.21,60.93,43.06,96.0,0.2932,0.2389,61.0,120.0,137.0,88.6,3504.0
7.3,480,2,49.97,59.56,45.16,99.97,0.2416,0.2335,60.0,121.0,135.0,89.68,3504.0
7.3,480,3,48.26,59.25,46.27,110.8,0.2191,0.2324,60.0,121.0,134.0,89.65,3504.0
7.3,480,4,50.39,59.88,43.4,94.52,0.2753,0.2348,60.0,121.0,137.0,89.77,3504.0
7.4,0,1,92.67,155.04,132.9,158.7,0.4023,0.608,151.0,102.0,134.0,4.12,0.0
7.4,0,2,94.14,149.35,132.71,161.91,0.3697,0.5857,147.0,106.0,131.0,2.45,0.0
7.4,0,3,92.76,148.77,130.56,160.5,0.3765,0.5834,146.0,105.0,132.0,2.24,0.0
7.4,0,4,92.15,148.08,135.24,166.23,0.3777,0.5807,146.0,107.0,129.0,4.69,0.0
7.4,1,1,73.79,113.27,103.97,165.86,0.3485,0.4442,114.0,111.0,129.0,34.84,7.4
7.4,1,2,78.77,119.73,102.1,154.18,0.3421,0.4695,119.0,110.0,133.0,29.63,7.4
7.4,1,3,71.21,118.0,99.08,155.74,0.3965,0.4628,117.0,108.0,133.0,31.27,7.4
7.4,1,4,76.4,118.88,97.77,150.18,0.3573,0.4662,118.0,108.0,135.0,30.41,7.4
7.4,2,1,71.8,106.65,85.11,142.92,0.3268,0.4182,106.0,111.0,136.0,42.77,14.8
7.4,2,2,64.58,108.11,89.81,154.78,0.4026,0.424,107.0,108.0,134.0,41.24,14.8
7.4,2,3,68.53,104.51,84.29,146.29,0.3443,0.4098,104.0,110.0,135.0,44.51,14.8
7.4,2,4,67.84,105.44,87.56,151.46,0.3566,0.4135,105.0,110.0,134.0,43.46,14.8
7.4,5,1,62.83,84.88,75.16,153.55,0.2598,0.3329,86.0,117.0,131.0,63.36,37.0
7.4,5,2,63.63,90.53,74.17,143.53,0.2971,0.355,91.0,114.0,134.0,57.91,37.0
7.4,5,3,63.59,86.53,72.49,143.28,0.2651,0.3393,88.0,116.0,133.0,61.2,37.0
7.4,5,4,62.49,88.76,73.02,144.06,0.296,0.3481,89.0,114.0,134.0,59.87,37.0
7.4,10,1,56.68,76.0,60.1,130.64,0.2543,0.2981,77.0,117.0,135.0,72.24,74.0
7.4,10,2,54.97,76.2,59.89,133.9,0.2786,0.2988,77.0,116.0,135.0,72.07,74.0
7.4,10,3,58.6,75.09,65.92,146.63,0.2197,0.2945,77.0,119.0,132.0,72.57,74.0
7.4,10,4,60.91,73.09,64.22,136.3,0.1667,0.2866,76.0,121.0,132.0,73.98,74.0
7.4,15,1,54.9,68.59,59.39,139.65,0.1996,0.269,70.0,120.0,132.0,79.62,111.0
7.4,15,2,58.97,74.18,57.18,113.66,0.2292,0.2909,76.0,118.0,136.0,73.46,111.0
7.4,15,3,58.59,73.84,56.27,112.06,0.238,0.2896,75.0,118.0,136.0,74.44,111.0
7.4,15,4,54.17,76.0,61.67,140.62,0.2873,0.298,77.0,116.0,134.0,72.03,111.0
7.4,30,1,55.9,68.64,56.14,121.15,0.1856,0.2692,70.0,120.0,134.0,79.65,222.0
7.4,30,2,50.58,64.08,53.28,131.99,0.2107,0.2513,65.0,120.0,133.0,84.53,222.0
7.4,30,3,50.77,68.09,51.46,122.39,0.2543,0.267,69.0,117.0,136.0,80.16,222.0
7.4,30,4,54.32,65.04,54.87,123.07,0.1647,0.2551,67.0,120.0,133.0,82.57,222.0
7.4,45,1,52.89,65.99,51.95,115.95,0.2128,0.2588,66.0,120.0,135.0,83.6,333.0
7.4,45,2,53.87,64.68,52.73,114.26,0.1847,0.2536,66.0,120.0,134.0,83.57,333.0
7.4,45,3,51.94,67.96,50.45,114.89,0.2576,0.2665,68.0,118.0,136.0,81.31,333.0
7.4,45,4,54.47,65.13,50.17,102.78,0.2296,0.2554,67.0,120.0,136.0,82.66,333.0
7.4,60,1,50.66,60.39,52.57,131.73,0.1611,0.2368,62.0,122.0,132.0,87.86,444.0
7.4,60,2,54.26,63.18,51.23,104.77,0.1892,0.2478,65.0,121.0,134.0,84.75,444.0
7.4,60,3,52.09,63.2,50.31,111.72,0.204,0.2478,65.0,121.0,135.0,84.78,444.0
7.4,60,4,51.53,61.6,50.99,116.99,0.1722,0.2416,63.0,122.0,134.0,86.91,444.0
7.4,90,1,49.31,60.16,46.15,106.48,0.2327,0.2359,61.0,121.0,135.0,88.7,666.0
7.4,90,2,48.37,60.21,48.64,121.35,0.1965,0.2361,61.0,120.0,134.0,88.48,666.0
7.4,90,3,49.82,60.81,49.29,117.22,0.1895,0.2385,61.0,121.0,133.0,88.65,666.0
7.4,90,4,51.68,60.83,49.34,107.77,0.1889,0.2385,62.0,122.0,134.0,87.89,666.0
7.4,120,1,50.15,62.76,48.35,112.53,0.2296,0.2461,63.0,120.0,135.0,86.54,888.0
7.4,120,2,48.14,61.65,47.79,118.49,0.2247,0.2417,62.0,119.0,135.0,87.35,888.0
7.4,120,3,49.04,61.86,40.47,95.96,0.3458,0.2426,61.0,119.0,139.0,88.56,888.0
7.4,120,4,50.3,58.59,43.84,93.74,0.2517,0.2298,59.0,121.0,136.0,90.7,888.0
7.4,180,1,49.99,58.35,45.98,100.55,0.2119,0.2288,59.0,121.0,135.0,90.66,1332.0
7.4,180,2,46.91,58.71,46.3,117.05,0.2113,0.2302,58.0,120.0,134.0,91.43,1332.0
7.4,180,3,48.23,60.95,45.5,109.4,0.2536,0.239,61.0,120.0,135.0,88.51,1332.0
7.4,180,4,51.45,56.74,46.08,89.76,0.1878,0.2225,58.0,124.0,133.0,92.2,1332.0
7.4,240,1,51.53,59.92,47.86,101.73,0.2014,0.235,61.0,122.0,134.0,88.87,1776.0
7.4,240,2,53.13,58.64,45.92,86.01,0.217,0.23,60.0,123.0,135.0,90.08,1776.0
7.4,240,3,50.34,59.47,49.41,114.45,0.1692,0.2332,61.0,122.0,133.0,88.85,1776.0
7.4,240,4,49.31,58.84,48.06,113.04,0.1832,0.2308,59.0,122.0,133.0,90.81,1776.0
7.4,300,1,49.25,61.24,44.51,102.97,0.2732,0.2402,62.0,119.0,137.0,87.44,2220.0
7.4,300,2,46.79,59.05,46.18,117.12,0.218,0.2316,60.0,119.0,134.0,89.29,2220.0
7.4,300,3,48.81,55.73,44.8,97.94,0.1961,0.2185,56.0,122.0,134.0,93.77,2220.0
7.4,300,4,47.11,57.67,46.57,117.06,0.1926,0.2262,58.0,121.0,133.0,91.6,2220.0
7.4,360,1,50.89,57.08,45.82,93.01,0.1972,0.2239,58.0,123.0,134.0,92.01,2664.0
7.4,360,2,48.17,56.29,44.48,101.25,0.2099,0.2208,57.0,122.0,135.0,92.81,2664.0
7.4,360,3,52.87,57.64,43.38,80.07,0.2474,0.226,59.0,123.0,136.0,91.09,2664.0
7.4,360,4,48.59,58.82,44.73,103.55,0.2396,0.2307,59.0,120.0,135.0,90.48,2664.0
7.4,480,1,48.07,54.75,44.76,100.16,0.1825,0.2147,55.0,123.0,133.0,94.93,3552.0
7.4,480,2,47.34,57.27,43.74,104.04,0.2362,0.2246,58.0,121.0,135.0,91.64,3552.0
7.4,480,3,46.45,55.67,45.83,116.24,0.1767,0.2183,56.0,122.0,133.0,93.75,3552.0
7.4,480,4,48.8,59.38,45.54,105.87,0.2331,0.2329,60.0,121.0,135.0,89.68,3552.0
7.5,0,1,93.75,149.41,131.09,160.25,0.3726,0.5859,147.0,105.0,132.0,1.41,0.0
7.5,0,2,89.97,152.75,130.98,159.2,0.411,0.599,149.0,102.0,133.0,2.45,0.0
7.5,0,3,92.21,149.39,135.63,165.56,0.3828,0.5858,147.0,106.0,129.0,3.74,0.0
7.5,0,4,89.73,151.91,134.82,163.51,0.4093,0.5957,148.0,104.0,131.0,1.0,0.0
7.5,1,1,74.65,114.4,104.13,164.51,0.3474,0.4486,115.0,112.0,129.0,34.09,7.5
7.5,1,2,77.83,114.76,100.31,156.51,0.3218,0.45,115.0,112.0,132.0,33.96,7.5
7.5,1,3,75.13,115.74,101.12,158.4,0.3509,0.4539,115.0,110.0,131.0,33.56,7.5
7.5,1,4,75.59,114.17,102.5,161.85,0.3379,0.4477,115.0,112.0,130.0,34.01,7.5
7.5,2,1,72.07,107.53,85.16,142.15,0.3298,0.4217,107.0,110.0,136.0,41.63,15.0
7.5,2,2,70.65,106.16,88.51,150.19,0.3345,0.4163,106.0,111.0,134.0,42.63,15.0
7.5,2,3,71.57,105.43,87.91,148.97,0.3212,0.4134,106.0,112.0,134.0,42.8,15.0
7.5,2,4,70.54,102.78,88.24,152.94,0.3137,0.4031,103.0,113.0,132.0,45.89,15.0
7.5,5,1,62.01,85.07,71.79,145.47,0.2711,0.3336,86.0,116.0,133.0,63.16,37.5
7.5,5,2,61.57,85.98,76.08,155.66,0.2839,0.3372,87.0,117.0,130.0,62.4,37.5
7.5,5,3,59.98,83.88,72.16,150.58,0.2849,0.329,84.0,116.0,131.0,65.12,37.5
7.5,5,4,61.89,87.42,69.05,136.83,0.2921,0.3428,88.0,114.0,135.0,60.9,37.5
7.5,10,1,60.5,77.58,59.44,116.49,0.2339,0.3043,79.0,117.0,136.0,70.33,75.0
7.5,10,2,55.19,73.21,62.78,145.29,0.2461,0.2871,75.0,118.0,132.0,74.33,75.0
7.5,10,3,59.33,75.18,62.28,131.15,0.2107,0.2948,77.0,118.0,134.0,72.39,75.0
7.5,10,4,60.54,75.37,62.45,127.73,0.1967,0.2956,77.0,119.0,134.0,72.59,75.0
7.5,15,1,51.15,69.45,59.32,146.8,0.2635,0.2724,70.0,119.0,132.0,79.43,112.5
7.5,15,2,57.44,74.73,60.04,129.03,0.2313,0.2931,76.0,118.0,134.0,73.38,112.5
7.5,15,3,57.6,71.45,58.77,125.08,0.1939,0.2802,73.0,119.0,134.0,76.51,112.5
7.5,15,4,54.09,72.66,57.81,132.02,0.2556,0.2849,73.0,117.0,135.0,76.18,112.5
7.5,30,1,51.39,68.24,54.15,129.83,0.247,0.2676,69.0,118.0,134.0,80.26,225.0
7.5,30,2,53.57,65.36,52.63,115.6,0.1947,0.2563,67.0,120.0,135.0,82.62,225.0
7.5,30,3,51.91,66.91,50.54,114.99,0.2446,0.2624,67.0,118.0,136.0,82.3,225.0
7.5,30,4,53.99,65.42,54.66,123.55,0.1747,0.2565,67.0,121.0,133.0,82.77,225.0
7.5,45,1,51.33,61.42,51.58,121.46,0.1642,0.2409,63.0,122.0,133.0,86.89,337.5
7.5,45,2,52.14,64.06,53.52,126.94,0.186,0.2512,66.0,121.0,133.0,83.75,337.5
7.5,45,3,48.47,63.4,48.05,118.36,0.2421,0.2486,63.0,118.0,135.0,86.2,337.5
7.5,45,4,49.33,61.53,47.71,112.97,0.2246,0.2413,62.0,120.0,135.0,87.53,337.5
7.5,60,1,56.91,62.15,49.29,84.46,0.2069,0.2437,65.0,123.0,135.0,85.2,450.0
7.5,60,2,54.57,59.36,47.98,85.27,0.1917,0.2328,61.0,123.0,135.0,89.1,450.0
7.5,60,3,51.24,63.01,50.82,117.92,0.1935,0.2471,64.0,121.0,134.0,85.73,450.0
7.5,60,4,51.86,63.91,51.92,120.28,0.1886,0.2506,65.0,120.0,134.0,84.55,450.0
7.5,90,1,51.76,58.41,47.8,97.6,0.1817,0.2291,60.0,123.0,134.0,90.05,675.0
7.5,90,2,50.88,58.5,48.52,105.82,0.1706,0.2294,60.0,122.0,133.0,89.83,675.0
7.5,90,3,49.81,62.11,48.99,116.23,0.2113,0.2436,63.0,120.0,135.0,86.54,675.0
7.5,90,4,51.87,63.12,47.04,101.96,0.2547,0.2475,64.0,120.0,136.0,85.6,675.0
7.5,120,1,51.64,64.76,46.94,104.17,0.2752,0.254,65.0,119.0,137.0,84.49,900.0
7.5,120,2,50.82,60.45,47.82,105.78,0.2089,0.2371,61.0,121.0,135.0,88.7,900.0
7.5,120,3,50.0,60.98,48.44,112.55,0.2055,0.2391,61.0,121.0,134.0,88.67,900.0
7.5,120,4,50.21,59.37,52.05,132.08,0.1543,0.2328,61.0,122.0,131.0,88.85,900.0
7.5,180,1,48.45,61.43,45.45,108.73,0.2602,0.2409,62.0,119.0,136.0,87.39,1350.0
7.5,180,2,47.86,60.82,44.34,107.18,0.271,0.2385,61.0,118.0,136.0,88.21,1350.0
7.5,180,3,48.61,57.85,48.29,117.95,0.1653,0.2269,58.0,123.0,132.0,91.98,1350.0
7.5,180,4,52.54,58.31,50.04,101.91,0.1418,0.2287,60.0,124.0,132.0,90.24,1350.0
7.5,240,1,48.58,56.74,43.39,96.68,0.2353,0.2225,57.0,122.0,135.0,92.81,1800.0
7.5,240,2,47.21,60.59,46.28,116.1,0.2362,0.2376,61.0,119.0,135.0,88.33,1800.0
7.5,240,3,50.96,56.2,44.1,85.99,0.2154,0.2204,58.0,123.0,135.0,92.03,1800.0
7.5,240,4,50.96,57.71,44.92,91.7,0.2216,0.2263,58.0,122.0,135.0,91.83,1800.0
7.5,300,1,51.82,58.53,43.22,86.28,0.2616,0.2295,59.0,122.0,136.0,90.89,2250.0
7.5,300,2,48.7,60.9,44.33,104.17,0.272,0.2388,61.0,119.0,136.0,88.37,2250.0
7.5,300,3,47.39,57.9,44.35,106.57,0.234,0.2271,58.0,121.0,135.0,91.64,2250.0
7.5,300,4,45.93,55.93,45.17,115.78,0.1922,0.2193,56.0,122.0,133.0,93.75,2250.0
7.5,360,1,51.5,57.9,45.41,90.77,0.2157,0.2271,59.0,123.0,135.0,91.05,2700.0
7.5,360,2,52.73,58.17,47.64,90.98,0.1811,0.2281,60.0,123.0,134.0,90.05,2700.0
7.5,360,3,47.51,57.45,46.8,116.0,0.1854,0.2253,58.0,121.0,133.0,91.6,2700.0
7.5,360,4,47.01,58.02,47.17,120.85,0.1897,0.2275,59.0,121.0,133.0,90.61,2700.0
7.5,480,1,49.7,60.19,44.46,100.01,0.2613,0.236,61.0,120.0,136.0,88.55,3600.0
7.5,480,2,48.81,58.14,42.09,94.87,0.2761,0.228,59.0,120.0,137.0,90.56,3600.0
7.5,480,3,44.78,56.53,45.59,124.14,0.2078,0.2217,57.0,120.0,133.0,92.4,3600.0
7.5,480,4,49.35,56.47,47.46,107.42,0.1595,0.2214,58.0,123.0,133.0,91.99,3600.0
7.6,0,1,92.82,149.01,132.86,162.76,0.3771,0.5843,147.0,105.0,131.0,1.73,0.0
7.6,0,2,93.22,153.5,131.6,158.2,0.3927,0.602,150.0,103.0,133.0,2.45,0.0
7.6,0,3,90.06,148.67,130.76,161.67,0.3942,0.583,146.0,105.0,132.0,2.24,0.0
7.6,0,4,91.46,151.72,134.43,162.78,0.3972,0.595,148.0,104.0,131.0,1.0,0.0
7.6,1,1,75.48,115.13,99.47,156.3,0.3444,0.4515,115.0,110.0,132.0,33.54,7.6
7.6,1,2,77.72,117.63,99.76,153.14,0.3393,0.4613,117.0,110.0,133.0,31.59,7.6
7.6,1,3,77.12,117.08,100.72,155.44,0.3413,0.4591,117.0,110.0,133.0,31.59,7.6
7.6,1,4,76.3,119.07,101.79,155.76,0.3592,0.4669,119.0,109.0,133.0,29.44,7.6
7.6,2,1,67.44,105.89,86.01,148.98,0.3631,0.4153,105.0,110.0,134.0,43.46,15.2
7.6,2,2,72.23,106.58,87.45,146.58,0.3222,0.418,107.0,111.0,135.0,41.7,15.2
7.6,2,3,71.59,102.19,86.21,148.66,0.2994,0.4008,103.0,113.0,133.0,45.9,15.2
7.6,2,4,65.09,102.96,85.77,152.77,0.3678,0.4038,102.0,111.0,133.0,46.54,15.2
7.6,5,1,59.14,87.68,72.08,147.2,0.3254,0.3438,88.0,114.0,133.0,60.84,38.0
7.6,5,2,64.73,85.28,71.33,139.29,0.241,0.3344,87.0,117.0,133.0,62.38,38.0
7.6,5,3,63.54,86.93,72.84,143.85,0.269,0.3409,88.0,116.0,133.0,61.2,38.0
7.6,5,4,62.62,85.6,72.05,144.64,0.2685,0.3357,87.0,116.0,133.0,62.18,38.0
7.6,10,1,60.81,78.58,65.91,137.22,0.2262,0.3082,80.0,118.0,133.0,69.43,76.0
7.6,10,2,60.89,78.21,60.84,119.81,0.2221,0.3067,80.0,117.0,136.0,69.35,76.0
7.6,10,3,57.04,74.09,63.35,142.2,0.2301,0.2905,76.0,119.0,132.0,73.55,76.0
7.6,10,4,56.08,79.56,63.91,140.01,0.2951,0.312,80.0,115.0,135.0,68.95,76.0
7.6,15,1,54.74,70.66,61.12,144.04,0.2253,0.2771,72.0,120.0,131.0,77.67,114.0
7.6,15,2,56.27,70.76,59.04,131.48,0.2048,0.2775,72.0,120.0,133.0,77.67,114.0
7.6,15,3,56.51,71.82,54.92,114.36,0.2353,0.2817,73.0,118.0,136.0,76.4,114.0
7.6,15,4,59.61,72.42,59.31,118.61,0.181,0.284,74.0,120.0,134.0,75.74,114.0
7.6,30,1,52.8,67.72,53.82,124.13,0.2204,0.2656,68.0,118.0,134.0,81.24,228.0
7.6,30,2,52.63,63.81,47.39,100.86,0.2573,0.2502,64.0,120.0,136.0,85.6,228.0
7.6,30,3,52.91,62.87,54.71,130.82,0.1584,0.2465,64.0,122.0,132.0,85.91,228.0
7.6,30,4,51.49,67.82,53.63,127.85,0.2407,0.266,68.0,118.0,134.0,81.24,228.0
7.6,45,1,49.16,63.99,48.63,117.96,0.24,0.2509,64.0,119.0,135.0,85.38,342.0
7.6,45,2,50.12,61.16,51.14,125.58,0.1805,0.2398,63.0,121.0,133.0,86.69,342.0
7.6,45,3,49.77,62.23,51.49,128.29,0.2002,0.244,63.0,120.0,133.0,86.5,342.0
7.6,45,4,52.12,63.65,53.48,127.06,0.1811,0.2496,65.0,121.0,132.0,84.72,342.0
7.6,60,1,49.94,61.93,49.78,119.23,0.1961,0.2429,62.0,120.0,134.0,87.5,456.0
7.6,60,2,51.4,62.19,46.28,100.67,0.2558,0.2439,63.0,120.0,136.0,86.59,456.0
7.6,60,3,54.08,60.03,51.48,101.74,0.1423,0.2354,63.0,123.0,133.0,87.1,456.0
7.6,60,4,49.9,60.49,52.05,132.21,0.1751,0.2372,61.0,122.0,131.0,88.85,456.0
7.6,90,1,49.24,66.86,46.76,112.61,0.3006,0.2622,66.0,117.0,138.0,83.24,684.0
7.6,90,2,47.64,62.55,50.09,129.89,0.2384,0.2453,63.0,119.0,134.0,86.34,684.0
7.6,90,3,49.51,59.33,45.76,103.43,0.2286,0.2327,60.0,121.0,135.0,89.68,684.0
7.6,90,4,49.38,63.85,45.52,107.37,0.2871,0.2504,64.0,118.0,137.0,85.31,684.0
7.6,120,1,50.22,58.42,44.42,95.14,0.2398,0.2291,59.0,121.0,136.0,90.7,912.0
7.6,120,2,49.32,58.41,49.66,122.22,0.1556,0.229,59.0,123.0,132.0,91.01,912.0
7.6,120,3,52.38,60.23,49.76,105.01,0.1739,0.2362,62.0,122.0,134.0,87.89,912.0
7.6,120,4,43.95,58.84,47.39,133.85,0.253,0.2308,58.0,120.0,133.0,91.42,912.0
7.6,180,1,52.47,60.3,46.66,94.45,0.2263,0.2365,62.0,122.0,136.0,87.95,1368.0
7.6,180,2,48.34,56.3,46.31,107.85,0.1774,0.2208,58.0,122.0,133.0,91.79,1368.0
7.6,180,3,47.89,59.72,44.15,105.6,0.2608,0.2342,60.0,119.0,136.0,89.36,1368.0
7.6,180,4,51.62,57.34,44.41,86.57,0.2256,0.2249,58.0,123.0,135.0,92.03,1368.0
7.6,240,1,50.11,57.05,47.65,104.29,0.1648,0.2237,58.0,123.0,133.0,91.99,1824.0
7.6,240,2,47.82,54.48,48.18,123.18,0.1222,0.2137,55.0,124.0,131.0,95.13,1824.0
7.6,240,3,52.27,59.24,45.36,90.13,0.2344,0.2323,61.0,122.0,135.0,88.89,1824.0
7.6,240,4,48.89,61.99,46.57,110.95,0.2488,0.2431,62.0,119.0,136.0,87.39,1824.0
7.6,300,1,48.36,56.45,44.18,99.57,0.2174,0.2214,57.0,122.0,135.0,92.81,2280.0
7.6,300,2,47.2,59.42,46.72,117.74,0.2137,0.233,60.0,120.0,134.0,89.47,2280.0
7.6,300,3,49.61,59.03,42.6,94.43,0.2783,0.2315,60.0,121.0,137.0,89.77,2280.0
7.6,300,4,53.27,57.35,47.57,85.04,0.1706,0.2249,59.0,124.0,134.0,91.24,2280.0
7.6,360,1,50.28,61.95,45.43,102.39,0.2667,0.2429,62.0,120.0,136.0,87.57,2736.0
7.6,360,2,49.01,55.44,46.6,103.66,0.1594,0.2174,57.0,123.0,133.0,92.97,2736.0
7.6,360,3,46.32,60.68,46.3,119.91,0.237,0.238,61.0,119.0,135.0,88.33,2736.0
7.6,360,4,45.79,58.59,42.24,106.98,0.2791,0.2298,58.0,120.0,136.0,91.5,2736.0
7.6,480,1,49.82,63.65,45.01,104.51,0.2928,0.2496,64.0,118.0,137.0,85.31,3648.0
7.6,480,2,47.44,58.15,49.23,130.03,0.1842,0.228,59.0,121.0,132.0,90.61,3648.0
7.6,480,3,50.22,56.98,42.42,87.87,0.2556,0.2235,58.0,123.0,136.0,92.07,3648.0
7.6,480,4,46.99,52.62,41.87,91.39,0.2043,0.2063,53.0,123.0,134.0,96.9,3648.0
7.7,0,1,93.47,151.89,131.19,158.74,0.3846,0.5957,148.0,104.0,133.0,1.0,0.0
7.7,0,2,92.88,152.95,130.28,157.35,0.3927,0.5998,149.0,103.0,134.0,2.45,0.0
7.7,0,3,92.48,149.48,131.21,160.77,0.3813,0.5862,147.0,105.0,132.0,1.41,0.0
7.7,0,4,90.85,152.98,132.29,160.02,0.4061,0.5999,149.0,103.0,132.0,1.41,0.0
7.7,1,1,80.36,114.07,101.01,156.74,0.2955,0.4473,115.0,113.0,131.0,34.22,7.7
7.7,1,2,73.77,115.37,101.05,159.35,0.3606,0.4524,115.0,110.0,131.0,33.56,7.7
7.7,1,3,78.85,115.6,99.13,153.1,0.318,0.4533,116.0,111.0,133.0,32.77,7.7
7.7,1,4,75.85,114.67,99.14,156.0,0.3385,0.4497,114.0,111.0,132.0,34.71,7.7
7.7,2,1,68.71,99.54,87.82,157.19,0.3097,0.3904,100.0,114.0,131.0,49.04,15.4
7.7,2,2,72.47,103.94,86.38,146.53,0.3028,0.4076,104.0,113.0,134.0,44.96,15.4
7.7,2,3,69.19,105.25,87.27,150.08,0.3426,0.4128,105.0,111.0,134.0,43.61,15.4
7.7,2,4,68.99,100.41,88.2,156.67,0.3129,0.3938,101.0,114.0,131.0,48.06,15.4
7.7,5,1,63.25,85.79,74.41,149.7,0.2627,0.3364,87.0,117.0,132.0,62.37,38.5
7.7,5,2,59.66,86.57,73.92,151.8,0.3109,0.3395,87.0,115.0,132.0,61.98,38.5
7.7,5,3,63.37,88.11,73.47,144.5,0.2808,0.3455,89.0,115.0,134.0,60.05,38.5
7.7,5,4,63.91,84.84,71.66,142.23,0.2467,0.3327,86.0,117.0,133.0,63.36,38.5
7.7,10,1,57.39,76.27,64.39,142.24,0.2476,0.2991,77.0,118.0,133.0,72.37,77.0
7.7,10,2,59.86,73.73,64.58,140.4,0.1881,0.2892,76.0,120.0,132.0,73.76,77.0
7.7,10,3,57.99,79.68,60.93,128.14,0.2723,0.3125,80.0,115.0,137.0,69.07,77.0
7.7,10,4,58.46,75.29,62.13,133.1,0.2236,0.2953,77.0,118.0,134.0,72.39,77.0
7.7,15,1,58.81,72.16,55.47,107.99,0.2313,0.283,74.0,119.0,136.0,75.61,115.5
7.7,15,2,52.47,69.37,58.47,141.3,0.2437,0.272,70.0,118.0,132.0,79.25,115.5
7.7,15,3,55.87,71.11,58.44,130.13,0.2144,0.2789,73.0,119.0,134.0,76.51,115.5
7.7,15,4,56.86,74.0,58.76,126.65,0.2316,0.2902,75.0,118.0,135.0,74.39,115.5
7.7,30,1,51.1,63.51,54.72,137.53,0.1955,0.2491,65.0,121.0,132.0,84.72,231.0
7.7,30,2,55.23,66.2,53.39,111.41,0.1935,0.2596,68.0,120.0,134.0,81.61,231.0
7.7,30,3,54.39,66.99,52.4,111.8,0.2179,0.2627,68.0,120.0,135.0,81.64,231.0
7.7,30,4,48.8,66.69,52.37,131.98,0.2682,0.2615,66.0,117.0,134.0,83.05,231.0
7.7,45,1,56.24,63.35,47.45,86.86,0.251,0.2484,65.0,121.0,137.0,84.87,346.5
7.7,45,2,53.4,63.72,50.67,107.47,0.2048,0.2499,65.0,121.0,135.0,84.78,346.5
7.7,45,3,49.15,63.24,50.42,125.39,0.2228,0.248,64.0,120.0,134.0,85.53,346.5
7.7,45,4,52.11,63.23,48.27,104.59,0.2365,0.248,64.0,121.0,136.0,85.8,346.5
7.7,60,1,55.94,61.28,49.3,86.73,0.1954,0.2403,63.0,123.0,134.0,87.12,462.0
7.7,60,2,51.74,60.35,50.29,111.34,0.1666,0.2366,62.0,122.0,133.0,87.87,462.0
7.7,60,3,54.77,61.62,51.77,101.73,0.1598,0.2417,63.0,123.0,133.0,87.1,462.0
7.7,60,4,48.58,62.9,49.22,122.69,0.2278,0.2467,63.0,120.0,134.0,86.52,462.0
7.7,90,1,52.22,60.2,49.36,104.14,0.1802,0.2361,62.0,122.0,134.0,87.89,693.0
7.7,90,2,50.15,61.43,49.26,115.62,0.1981,0.2409,62.0,121.0,134.0,87.69,693.0
7.7,90,3,50.71,61.44,47.12,104.95,0.2331,0.2409,62.0,120.0,135.0,87.53,693.0
7.7,90,4,49.14,59.93,48.4,116.14,0.1923,0.235,60.0,121.0,133.0,89.63,693.0
7.7,120,1,49.26,55.8,48.02,110.43,0.1395,0.2188,57.0,123.0,132.0,92.96,924.0
7.7,120,2,51.14,59.97,48.54,106.34,0.1906,0.2352,61.0,122.0,134.0,88.87,924.0
7.7,120,3,47.56,60.15,50.57,134.34,0.2093,0.2359,61.0,120.0,132.0,88.46,924.0
7.7,120,4,46.04,59.81,46.49,121.96,0.2302,0.2345,60.0,119.0,134.0,89.29,924.0
7.7,180,1,50.26,57.39,47.89,105.02,0.1655,0.2251,58.0,123.0,133.0,91.99,1386.0
7.7,180,2,48.82,56.54,45.54,102.15,0.1946,0.2217,58.0,122.0,134.0,91.8,1386.0
7.7,180,3,49.56,59.73,47.64,110.48,0.2024,0.2342,60.0,121.0,134.0,89.65,1386.0
7.7,180,4,48.43,56.23,46.26,106.97,0.1772,0.2205,58.0,122.0,133.0,91.79,1386.0
7.7,240,1,50.64,60.2,46.18,100.93,0.2329,0.2361,61.0,120.0,135.0,88.51,1848.0
7.7,240,2,47.86,61.94,44.08,107.31,0.2882,0.2429,61.0,119.0,137.0,88.43,1848.0
7.7,240,3,50.19,53.7,44.65,83.25,0.1685,0.2106,55.0,124.0,133.0,95.13,1848.0
7.7,240,4,47.68,59.41,44.12,106.01,0.2573,0.233,60.0,119.0,136.0,89.36,1848.0
7.7,300,1,49.93,55.8,45.09,92.88,0.1919,0.2188,57.0,123.0,133.0,92.97,2310.0
7.7,300,2,48.09,58.74,44.78,105.75,0.2378,0.2304,59.0,120.0,135.0,90.48,2310.0
7.7,300,3,47.45,56.22,46.69,115.21,0.1696,0.2205,57.0,122.0,133.0,92.77,2310.0
7.7,300,4,49.63,60.29,42.21,95.37,0.2999,0.2364,61.0,119.0,138.0,88.49,2310.0
7.7,360,1,47.86,54.07,47.42,115.97,0.123,0.212,55.0,123.0,131.0,94.93,2772.0
7.7,360,2,50.52,59.48,43.55,93.76,0.2677,0.2332,60.0,121.0,137.0,89.77,2772.0
7.7,360,3,50.66,56.29,47.1,96.76,0.1633,0.2208,58.0,123.0,133.0,91.99,2772.0
7.7,360,4,49.53,53.32,44.57,85.99,0.1642,0.2091,55.0,124.0,133.0,95.13,2772.0
7.7,480,1,48.08,56.8,46.09,108.8,0.1886,0.2227,58.0,122.0,133.0,91.79,3696.0
7.7,480,2,43.78,58.78,47.95,136.67,0.2552,0.2305,58.0,120.0,133.0,91.42,3696.0
7.7,480,3,50.6,57.44,44.45,91.56,0.2262,0.2252,58.0,122.0,135.0,91.83,3696.0
7.7,480,4,47.72,58.63,47.32,117.9,0.193,0.2299,59.0,121.0,133.0,90.61,3696.0
7.8,0,1,91.06,150.06,133.35,163.0,0.3932,0.5885,147.0,105.0,131.0,1.73,0.0
7.8,0,2,91.33,147.12,130.97,162.63,0.3792,0.577,145.0,105.0,131.0,3.32,0.0
7.8,0,3,88.86,148.61,128.77,160.08,0.402,0.5828,145.0,104.0,132.0,3.0,0.0
7.8,0,4,91.84,149.71,129.66,159.22,0.3866,0.5871,146.0,104.0,133.0,2.24,0.0
7.8,1,1,77.58,115.21,97.5,151.77,0.3267,0.4518,115.0,110.0,134.0,33.6,7.8
7.8,1,2,77.07,117.24,103.28,159.15,0.3426,0.4597,117.0,111.0,131.0,31.8,7.8
7.8,1,3,72.68,116.38,101.93,160.16,0.3755,0.4564,116.0,109.0,131.0,32.4,7.8
7.8,1,4,75.88,115.8,98.81,154.47,0.3447,0.4541,115.0,110.0,133.0,33.56,7.8
7.8,2,1,67.26,100.98,86.3,153.88,0.3339,0.396,101.0,113.0,132.0,47.85,15.6
7.8,2,2,67.74,106.16,87.04,150.14,0.3619,0.4163,106.0,109.0,134.0,42.34,15.6
7.8,2,3,70.97,103.06,84.72,145.71,0.3114,0.4042,104.0,112.0,135.0,44.82,15.6
7.8,2,4,69.49,100.96,86.64,152.69,0.3117,0.3959,101.0,113.0,132.0,47.85,15.6
7.8,5,1,60.76,84.63,72.37,149.19,0.282,0.3319,86.0,116.0,132.0,63.15,39.0
7.8,5,2,64.14,86.73,72.56,142.37,0.2604,0.3401,88.0,116.0,134.0,61.22,39.0
7.8,5,3,61.71,83.51,70.57,144.38,0.261,0.3275,85.0,116.0,133.0,64.14,39.0
7.8,5,4,61.97,90.69,70.84,138.52,0.3167,0.3557,91.0,112.0,136.0,57.7,39.0
7.8,10,1,57.66,77.72,58.07,121.22,0.2582,0.3048,78.0,116.0,137.0,71.2,78.0
7.8,10,2,56.93,73.15,60.74,134.08,0.2217,0.2869,75.0,118.0,134.0,74.36,78.0
7.8,10,3,56.14,73.7,62.15,140.56,0.2383,0.289,75.0,118.0,133.0,74.34,78.0
7.8,10,4,57.95,76.55,62.61,135.03,0.243,0.3002,77.0,117.0,134.0,72.21,78.0
7.8,15,1,55.6,71.95,56.1,121.81,0.2272,0.2821,73.0,118.0,135.0,76.35,117.0
7.8,15,2,53.95,71.11,54.7,122.6,0.2412,0.2788,72.0,117.0,136.0,77.21,117.0
7.8,15,3,57.17,68.86,55.46,112.35,0.1945,0.27,70.0,120.0,135.0,79.68,117.0
7.8,15,4,54.42,71.74,58.04,132.54,0.2415,0.2813,72.0,118.0,134.0,77.3,117.0
7.8,30,1,52.43,66.6,54.53,128.9,0.2127,0.2612,68.0,119.0,134.0,81.42,234.0
7.8,30,2,51.99,63.83,52.33,121.73,0.1855,0.2503,65.0,121.0,133.0,84.73,234.0
7.8,30,3,54.9,64.32,49.4,97.87,0.232,0.2522,66.0,120.0,136.0,83.64,234.0
7.8,30,4,51.89,62.19,52.96,126.23,0.1656,0.2439,64.0,121.0,133.0,85.71,234.0
7.8,45,1,52.19,61.68,50.14,109.34,0.1871,0.2419,63.0,121.0,134.0,86.71,351.0
7.8,45,2,50.91,59.95,52.18,128.38,0.1507,0.2351,61.0,122.0,131.0,88.85,351.0
7.8,45,3,52.69,65.33,51.89,116.44,0.2057,0.2562,66.0,120.0,135.0,83.6,351.0
7.8,45,4,51.44,60.63,51.37,119.59,0.1526,0.2377,62.0,122.0,132.0,87.86,351.0
7.8,60,1,49.53,60.81,47.66,111.48,0.2162,0.2385,61.0,121.0,134.0,88.67,468.0
7.8,60,2,49.94,62.21,49.79,119.27,0.1995,0.2439,63.0,120.0,134.0,86.52,468.0
7.8,60,3,53.67,63.36,47.16,95.87,0.2557,0.2485,65.0,121.0,136.0,84.82,468.0
7.8,60,4,47.89,60.7,45.55,110.72,0.2496,0.2381,61.0,119.0,135.0,88.33,468.0
7.8,90,1,51.78,61.33,49.37,107.88,0.195,0.2405,63.0,121.0,134.0,86.71,702.0
7.8,90,2,53.99,53.51,44.67,56.91,0.1727,0.2117,56.0,126.0,134.0,94.62,702.0
7.8,90,3,50.39,60.85,51.24,124.89,0.1719,0.2386,62.0,122.0,132.0,87.86,702.0
7.8,90,4,53.37,64.65,48.53,101.97,0.2494,0.2535,66.0,120.0,137.0,83.7,702.0
7.8,120,1,49.69,63.84,45.34,105.89,0.2898,0.2504,64.0,118.0,137.0,85.31,936.0
7.8,120,2,47.92,60.11,43.81,104.86,0.271,0.2357,61.0,118.0,137.0,88.26,936.0
7.8,120,3,52.82,60.76,49.08,100.81,0.1921,0.2383,62.0,122.0,134.0,87.89,936.0
7.8,120,4,45.4,57.04,47.46,130.59,0.2041,0.2237,58.0,121.0,132.0,91.59,936.0
7.8,180,1,51.99,59.38,47.06,95.98,0.2076,0.2329,61.0,122.0,134.0,88.87,1404.0
7.8,180,2,53.89,55.89,47.12,73.67,0.1569,0.2192,58.0,126.0,133.0,92.66,1404.0
7.8,180,3,45.98,58.59,47.39,126.71,0.2153,0.2298,58.0,120.0,133.0,91.42,1404.0
7.8,180,4,47.02,56.85,49.66,136.12,0.1728,0.2229,58.0,123.0,131.0,91.99,1404.0
7.8,240,1,46.6,59.88,47.4,123.61,0.2218,0.2348,60.0,120.0,134.0,89.47,1872.0
7.8,240,2,47.73,56.01,44.85,104.53,0.1993,0.2197,57.0,121.0,135.0,92.62,1872.0
7.8,240,3,48.89,58.34,46.49,107.88,0.2031,0.2288,59.0,121.0,134.0,90.63,1872.0
7.8,240,4,47.11,56.76,47.02,119.4,0.1717,0.2226,57.0,123.0,132.0,92.96,1872.0
7.8,300,1,50.16,56.94,46.79,100.12,0.1783,0.2233,58.0,123.0,133.0,91.99,2340.0
7.8,300,2,48.67,59.13,47.14,112.34,0.2028,0.2319,60.0,121.0,134.0,89.65,2340.0
7.8,300,3,45.88,55.54,44.31,111.58,0.2023,0.2178,56.0,121.0,134.0,93.58,2340.0
7.8,300,4,48.8,61.62,46.09,109.56,0.252,0.2416,62.0,119.0,136.0,87.39,2340.0
7.8,360,1,47.35,55.18,45.45,108.31,0.1763,0.2164,56.0,122.0,133.0,93.75,2808.0
7.8,360,2,49.68,59.37,45.61,102.24,0.2318,0.2328,60.0,121.0,135.0,89.68,2808.0
7.8,360,3,48.8,57.8,41.05,92.24,0.2898,0.2267,58.0,121.0,137.0,91.73,2808.0
7.8,360,4,47.66,56.99,43.65,101.98,0.2341,0.2235,57.0,121.0,135.0,92.62,2808.0
7.8,480,1,45.56,55.68,47.18,129.61,0.1818,0.2184,56.0,122.0,132.0,93.74,3744.0
7.8,480,2,48.2,60.18,43.26,102.48,0.2812,0.236,61.0,119.0,137.0,88.43,3744.0
7.8,480,3,49.67,56.75,45.39,97.39,0.2003,0.2225,58.0,123.0,134.0,92.01,3744.0
7.8,480,4,46.16,57.7,43.56,108.98,0.245,0.2263,58.0,120.0,135.0,91.46,3744.0
7.9,0,1,93.82,153.03,135.66,162.4,0.3869,0.6001,150.0,104.0,131.0,2.24,0.0
7.9,0,2,93.58,150.88,130.55,158.7,0.3798,0.5917,147.0,105.0,133.0,1.73,0.0
7.9,0,3,90.97,149.12,132.9,163.26,0.39,0.5848,147.0,105.0,131.0,1.73,0.0
7.9,0,4,91.31,150.52,128.84,158.03,0.3934,0.5903,147.0,103.0,134.0,2.45,0.0
7.9,1,1,75.57,114.31,99.43,156.96,0.3389,0.4483,114.0,111.0,132.0,34.71,7.9
7.9,1,2,75.2,113.68,98.94,157.01,0.3385,0.4458,114.0,111.0,132.0,34.71,7.9
7.9,1,3,74.96,118.73,98.85,152.74,0.3686,0.4656,117.0,108.0,134.0,31.32,7.9
7.9,1,4,71.59,114.17,96.83,155.57,0.373,0.4477,114.0,109.0,133.0,34.38,7.9
7.9,2,1,67.62,96.16,83.91,154.25,0.2968,0.3771,97.0,114.0,132.0,51.97,15.8
7.9,2,2,70.63,102.39,82.78,142.94,0.3102,0.4015,103.0,112.0,136.0,45.88,15.8
7.9,2,3,70.19,101.33,86.62,151.66,0.3073,0.3974,102.0,113.0,133.0,46.88,15.8
7.9,2,4,73.68,96.78,86.38,152.99,0.2387,0.3795,99.0,117.0,131.0,50.71,15.8
7.9,5,1,64.67,84.98,72.61,143.47,0.239,0.3332,86.0,118.0,132.0,63.56,39.5
7.9,5,2,58.26,83.78,70.59,149.0,0.3047,0.3286,84.0,115.0,132.0,64.94,39.5
7.9,5,3,59.35,84.5,73.09,152.77,0.2977,0.3314,85.0,116.0,131.0,64.14,39.5
7.9,5,4,61.83,84.25,69.91,141.63,0.2661,0.3304,85.0,116.0,134.0,64.16,39.5
7.9,10,1,51.69,72.1,61.08,147.6,0.2832,0.2828,73.0,117.0,132.0,76.12,79.0
7.9,10,2,55.87,73.2,59.49,132.51,0.2367,0.2871,74.0,118.0,134.0,75.34,79.0
7.9,10,3,56.56,72.54,60.69,135.51,0.2203,0.2845,74.0,119.0,133.0,75.51,79.0
7.9,10,4,53.23,75.1,61.71,143.26,0.2912,0.2945,76.0,116.0,134.0,73.02,79.0
7.9,15,1,54.89,75.54,57.09,126.38,0.2734,0.2962,76.0,115.0,136.0,72.95,118.5
7.9,15,2,53.18,72.02,56.0,128.99,0.2616,0.2824,73.0,117.0,135.0,76.18,118.5
7.9,15,3,55.15,68.96,58.84,136.02,0.2002,0.2704,70.0,121.0,132.0,79.83,118.5
7.9,15,4,58.39,67.0,57.79,116.05,0.1375,0.2627,69.0,122.0,133.0,81.03,118.5
7.9,30,1,54.97,67.16,52.15,108.73,0.2235,0.2634,69.0,119.0,135.0,80.47,237.0
7.9,30,2,53.76,64.04,51.94,111.0,0.1889,0.2511,66.0,120.0,135.0,83.6,237.0
7.9,30,3,48.87,63.29,50.21,125.59,0.2279,0.2482,64.0,118.0,134.0,85.18,237.0
7.9,30,4,50.61,67.96,48.88,114.55,0.2808,0.2665,68.0,117.0,137.0,81.2,237.0
7.9,45,1,55.42,63.12,47.63,89.83,0.2454,0.2475,65.0,121.0,137.0,84.87,355.5
7.9,45,2,56.02,64.01,48.41,90.73,0.2437,0.251,66.0,121.0,137.0,83.89,355.5
7.9,45,3,50.3,64.07,52.03,127.54,0.2149,0.2513,65.0,119.0,133.0,84.35,355.5
7.9,45,4,51.8,62.39,53.2,127.92,0.1697,0.2447,64.0,121.0,132.0,85.7,355.5
7.9,60,1,49.05,64.28,52.22,132.48,0.237,0.2521,65.0,119.0,133.0,84.35,474.0
7.9,60,2,50.03,59.59,46.4,103.48,0.2214,0.2337,61.0,121.0,135.0,88.7,474.0
7.9,60,3,52.45,64.85,48.46,105.39,0.2527,0.2543,65.0,119.0,136.0,84.44,474.0
7.9,60,4,51.28,60.71,47.07,101.47,0.2247,0.2381,61.0,122.0,135.0,88.89,474.0
7.9,90,1,52.44,60.51,47.18,96.33,0.2203,0.2373,62.0,122.0,135.0,87.91,711.0
7.9,90,2,53.04,61.95,47.39,96.7,0.235,0.2429,63.0,121.0,136.0,86.78,711.0
7.9,90,3,52.21,58.18,44.63,86.45,0.2328,0.2281,60.0,122.0,136.0,89.91,711.0
7.9,90,4,54.28,58.38,46.49,80.7,0.2036,0.2289,60.0,124.0,134.0,90.27,711.0
7.9,120,1,50.28,59.99,48.1,108.99,0.1982,0.2352,61.0,121.0,134.0,88.67,948.0
7.9,120,2,47.98,60.64,44.41,106.82,0.2676,0.2378,61.0,118.0,136.0,88.21,948.0
7.9,120,3,51.67,62.26,46.5,100.33,0.2532,0.2442,63.0,120.0,136.0,86.59,948.0
7.9,120,4,50.06,58.65,49.75,117.91,0.1517,0.23,60.0,123.0,132.0,90.03,948.0
7.9,180,1,48.31,59.2,44.34,103.99,0.2509,0.2322,60.0,120.0,136.0,89.53,1422.0
7.9,180,2,47.91,59.96,46.87,115.22,0.2184,0.2351,60.0,120.0,134.0,89.47,1422.0
7.9,180,3,48.17,58.02,45.18,106.04,0.2214,0.2275,59.0,121.0,134.0,90.63,1422.0
7.9,180,4,49.69,58.99,47.08,106.87,0.2018,0.2313,59.0,122.0,134.0,90.82,1422.0
7.9,240,1,45.79,56.39,44.79,114.85,0.2056,0.2211,57.0,121.0,134.0,92.6,1896.0
7.9,240,2,50.08,54.74,48.07,101.95,0.1219,0.2147,56.0,125.0,131.0,94.37,1896.0
7.9,240,3,50.3,61.59,46.84,105.9,0.2395,0.2415,62.0,120.0,136.0,87.57,1896.0
7.9,240,4,48.76,58.59,47.13,111.47,0.1956,0.2298,59.0,121.0,133.0,90.61,1896.0
7.9,300,1,47.16,59.61,44.11,108.17,0.2601,0.2338,60.0,119.0,136.0,89.36,2370.0
7.9,300,2,52.34,58.59,44.78,87.15,0.2357,0.2298,60.0,122.0,136.0,89.91,2370.0
7.9,300,3,45.9,54.91,47.49,130.63,0.1641,0.2153,55.0,123.0,131.0,94.93,2370.0
7.9,300,4,46.55,60.15,42.49,106.22,0.2936,0.2359,60.0,118.0,137.0,89.25,2370.0
7.9,360,1,49.78,56.11,44.33,92.23,0.2099,0.22,58.0,122.0,135.0,91.83,2844.0
7.9,360,2,48.67,56.25,45.68,103.01,0.188,0.2206,58.0,122.0,134.0,91.8,2844.0
7.9,360,3,53.31,57.96,46.61,84.56,0.1959,0.2273,59.0,124.0,134.0,91.24,2844.0
7.9,360,4,49.43,56.01,44.84,95.35,0.1994,0.2197,58.0,122.0,135.0,91.83,2844.0
7.9,480,1,49.06,56.84,45.65,101.69,0.1969,0.2229,58.0,123.0,134.0,92.01,3792.0
7.9,480,2,48.65,55.33,44.96,98.66,0.1875,0.217,56.0,122.0,134.0,93.77,3792.0
7.9,480,3,51.22,58.32,45.48,93.16,0.2202,0.2287,60.0,122.0,135.0,89.87,3792.0
7.9,480,4,50.89,54.71,42.11,78.17,0.2303,0.2145,56.0,123.0,135.0,93.99,3792.0
8.0,0,1,90.61,151.07,132.32,161.4,0.4002,0.5924,148.0,104.0,132.0,0.0,0.0
8.0,0,2,89.58,151.27,132.48,161.72,0.4079,0.5932,148.0,103.0,132.0,1.0,0.0
8.0,0,3,92.52,150.8,131.71,160.35,0.3865,0.5914,147.0,105.0,132.0,1.41,0.0
8.0,0,4,91.6,154.17,134.97,161.59,0.4058,0.6046,151.0,103.0,132.0,3.16,0.0
8.0,1,1,80.02,118.72,98.37,148.45,0.326,0.4656,118.0,110.0,135.0,30.74,8.0
8.0,1,2,74.96,115.57,95.49,150.33,0.3514,0.4532,115.0,109.0,135.0,33.51,8.0
8.0,1,3,78.38,117.35,98.51,150.99,0.332,0.4602,117.0,110.0,134.0,31.64,8.0
8.0,1,4,74.63,115.39,99.05,155.94,0.3532,0.4525,115.0,110.0,132.0,33.54,8.0
8.0,2,1,70.46,103.82,86.64,149.11,0.3213,0.4071,104.0,112.0,134.0,44.77,16.0
8.0,2,2,72.47,99.19,89.0,157.11,0.2694,0.389,101.0,115.0,131.0,48.28,16.0
8.0,2,3,69.11,102.77,87.63,153.01,0.3276,0.403,103.0,112.0,133.0,45.72,16.0
8.0,2,4,70.18,98.79,86.48,154.19,0.2896,0.3874,100.0,115.0,131.0,49.25,16.0
8.0,5,1,60.97,82.96,69.98,144.6,0.2651,0.3253,83.0,117.0,133.0,66.29,40.0
8.0,5,2,62.63,86.87,70.11,138.51,0.2791,0.3407,87.0,115.0,134.0,62.02,40.0
8.0,5,3,64.19,85.57,69.01,133.5,0.2498,0.3356,87.0,116.0,135.0,62.24,40.0
8.0,5,4,64.77,81.87,66.11,124.7,0.2088,0.3211,83.0,118.0,135.0,66.56,40.0
8.0,10,1,58.73,71.21,63.3,141.97,0.1753,0.2792,74.0,121.0,131.0,75.93,80.0
8.0,10,2,62.22,71.96,61.58,116.31,0.1442,0.2822,74.0,122.0,133.0,76.16,80.0
8.0,10,3,58.54,74.93,59.05,121.86,0.2187,0.2938,76.0,118.0,135.0,73.41,80.0
8.0,10,4,56.55,74.37,60.06,131.82,0.2397,0.2917,76.0,117.0,134.0,73.19,80.0
8.0,15,1,55.21,72.53,63.39,148.34,0.2388,0.2844,74.0,119.0,131.0,75.51,120.0
8.0,15,2,53.92,67.12,54.99,124.87,0.1967,0.2632,69.0,119.0,134.0,80.44,120.0
8.0,15,3,58.61,66.78,56.17,106.21,0.1589,0.2619,69.0,122.0,133.0,81.03,120.0
8.0,15,4,53.71,69.39,59.91,143.71,0.2259,0.2721,70.0,120.0,132.0,79.62,120.0
8.0,30,1,52.45,65.61,50.7,112.95,0.2273,0.2573,66.0,119.0,135.0,83.41,240.0
8.0,30,2,55.36,64.42,53.77,111.04,0.1653,0.2526,66.0,122.0,133.0,83.96,240.0
8.0,30,3,50.8,66.87,52.48,126.28,0.2404,0.2622,67.0,118.0,135.0,82.26,240.0
8.0,30,4,50.52,62.71,52.25,128.52,0.1945,0.2459,63.0,120.0,133.0,86.5,240.0
8.0,45,1,51.95,61.08,49.76,108.39,0.1854,0.2395,63.0,121.0,134.0,86.71,360.0
8.0,45,2,54.27,61.48,46.49,88.87,0.2439,0.2411,63.0,122.0,136.0,86.98,360.0
8.0,45,3,53.26,66.99,50.01,108.52,0.2534,0.2627,68.0,119.0,136.0,81.49,360.0
8.0,45,4,51.16,66.93,49.9,115.54,0.2545,0.2625,67.0,118.0,136.0,82.3,360.0
8.0,60,1,56.15,62.62,50.27,91.45,0.1973,0.2456,65.0,123.0,135.0,85.2,480.0
8.0,60,2,50.87,62.23,48.85,110.91,0.215,0.244,63.0,120.0,135.0,86.54,480.0
8.0,60,3,49.03,64.44,48.15,116.78,0.2528,0.2527,65.0,118.0,136.0,84.27,480.0
8.0,60,4,50.3,60.31,47.32,106.25,0.2153,0.2365,61.0,121.0,135.0,88.7,480.0
8.0,90,1,49.71,61.66,44.52,101.82,0.278,0.2418,62.0,119.0,137.0,87.44,720.0
8.0,90,2,49.91,60.71,50.44,122.94,0.1779,0.2381,61.0,121.0,133.0,88.65,720.0
8.0,90,3,49.99,62.43,47.35,109.49,0.2415,0.2448,63.0,119.0,136.0,86.41,720.0
8.0,90,4,50.21,58.23,49.23,113.5,0.1545,0.2284,60.0,123.0,132.0,90.03,720.0
8.0,120,1,47.43,58.68,44.47,107.5,0.2421,0.2301,59.0,120.0,135.0,90.48,960.0
8.0,120,2,48.62,57.98,46.0,106.87,0.2067,0.2274,58.0,122.0,134.0,91.8,960.0
8.0,120,3,48.34,61.97,47.5,116.51,0.2335,0.243,62.0,119.0,135.0,87.35,960.0
8.0,120,4,49.45,60.96,48.66,116.13,0.2018,0.2391,61.0,120.0,134.0,88.48,960.0
8.0,180,1,48.15,58.43,45.07,106.18,0.2287,0.2291,59.0,121.0,134.0,90.63,1440.0
8.0,180,2,46.55,58.37,43.6,108.02,0.253,0.2289,58.0,120.0,136.0,91.5,1440.0
8.0,180,3,49.77,58.09,47.2,105.84,0.1874,0.2278,59.0,122.0,134.0,90.82,1440.0
8.0,180,4,52.37,56.64,44.06,80.36,0.2221,0.2221,58.0,124.0,135.0,92.24,1440.0
8.0,240,1,49.86,57.03,44.33,93.88,0.2227,0.2237,58.0,122.0,135.0,91.83,1920.0
8.0,240,2,47.99,55.99,45.46,105.6,0.188,0.2196,56.0,122.0,133.0,93.75,1920.0
8.0,240,3,49.04,57.26,43.43,95.65,0.2415,0.2245,58.0,122.0,136.0,91.87,1920.0
8.0,240,4,48.16,58.42,46.4,111.22,0.2058,0.2291,59.0,121.0,134.0,90.63,1920.0
8.0,300,1,48.42,53.65,43.13,89.81,0.196,0.2104,55.0,123.0,134.0,94.94,2400.0
8.0,300,2,50.93,59.26,46.07,97.89,0.2226,0.2324,61.0,121.0,135.0,88.7,2400.0
8.0,300,3,50.4,51.05,46.28,68.22,0.0934,0.2002,54.0,126.0,131.0,96.55,2400.0
8.0,300,4,47.15,57.76,45.36,111.31,0.2147,0.2265,58.0,121.0,134.0,91.61,2400.0
8.0,360,1,51.61,57.12,43.08,83.56,0.2459,0.224,58.0,123.0,136.0,92.07,2880.0
8.0,360,2,48.57,54.32,39.96,84.02,0.2644,0.213,55.0,122.0,137.0,94.86,2880.0
8.0,360,3,49.99,52.42,44.54,78.47,0.1503,0.2056,54.0,125.0,133.0,96.32,2880.0
8.0,360,4,48.54,56.96,46.28,107.3,0.1876,0.2234,58.0,122.0,133.0,91.79,2880.0
8.0,480,1,45.62,57.81,46.82,125.89,0.2107,0.2267,58.0,120.0,133.0,91.42,3840.0
8.0,480,2,51.52,56.73,47.9,95.41,0.1558,0.2225,58.0,124.0,133.0,92.2,3840.0
8.0,480,3,47.09,54.16,45.47,108.79,0.1605,0.2124,55.0,123.0,133.0,94.93,3840.0
8.0,480,4,46.61,57.9,45.43,114.31,0.2154,0.2271,58.0,121.0,134.0,91.61,3840.0
8.1,0,1,91.87,154.25,133.28,159.83,0.4044,0.6049,151.0,103.0,133.0,3.32,0.0
8.1,0,2,92.93,151.28,133.12,161.33,0.3857,0.5932,148.0,105.0,131.0,1.41,0.0
8.1,0,3,93.46,151.91,134.12,161.74,0.3848,0.5957,149.0,105.0,131.0,1.73,0.0
8.1,0,4,93.22,150.46,131.1,159.71,0.3805,0.59,148.0,105.0,132.0,1.0,0.0
8.1,1,1,73.19,113.8,96.79,154.86,0.3568,0.4463,113.0,110.0,133.0,35.52,8.1
8.1,1,2,76.77,114.29,100.1,157.3,0.3283,0.4482,115.0,111.0,131.0,33.75,8.1
8.1,1,3,78.37,115.09,97.43,151.15,0.3191,0.4513,116.0,110.0,134.0,32.62,8.1
8.1,1,4,73.78,118.66,100.55,155.79,0.3782,0.4653,117.0,108.0,133.0,31.27,8.1
8.1,2,1,71.39,99.5,87.04,153.39,0.2826,0.3902,101.0,115.0,132.0,48.27,16.2
8.1,2,2,68.01,101.67,85.28,150.79,0.3311,0.3987,102.0,112.0,133.0,46.7,16.2
8.1,2,3,69.5,100.79,84.81,149.36,0.3104,0.3952,101.0,113.0,133.0,47.86,16.2
8.1,2,4,73.73,104.81,88.85,149.19,0.2965,0.411,105.0,113.0,133.0,43.94,16.2
8.1,5,1,61.95,82.85,68.7,139.38,0.2523,0.3249,84.0,116.0,134.0,65.15,40.5
8.1,5,2,61.14,83.98,71.53,147.3,0.272,0.3294,85.0,117.0,132.0,64.33,40.5
8.1,5,3,59.83,83.03,72.87,153.71,0.2795,0.3256,84.0,116.0,131.0,65.12,40.5
8.1,5,4,63.27,83.14,71.15,143.79,0.239,0.3261,85.0,118.0,132.0,64.54,40.5
8.1,10,1,57.17,76.06,60.48,130.51,0.2484,0.2983,77.0,117.0,135.0,72.24,81.0
8.1,10,2,55.7,72.06,55.7,120.02,0.2271,0.2826,73.0,117.0,136.0,76.22,81.0
8.1,10,3,55.89,75.52,58.26,127.24,0.2599,0.2962,76.0,116.0,136.0,73.1,81.0
8.1,10,4,55.0,71.99,59.01,134.16,0.236,0.2823,73.0,118.0,133.0,76.3,81.0
8.1,15,1,54.73,67.82,60.69,147.3,0.1929,0.2659,69.0,121.0,131.0,80.81,121.5
8.1,15,2,55.01,72.64,54.58,118.57,0.2485,0.2848,73.0,117.0,137.0,76.28,121.5
8.1,15,3,55.43,68.79,51.4,106.1,0.2528,0.2697,70.0,119.0,136.0,79.53,121.5
8.1,15,4,56.94,72.63,58.2,124.82,0.2161,0.2848,74.0,118.0,134.0,75.34,121.5
8.1,30,1,52.58,63.38,50.84,111.69,0.1978,0.2486,65.0,121.0,135.0,84.78,243.0
8.1,30,2,53.59,66.97,48.97,104.59,0.2689,0.2626,67.0,119.0,137.0,82.53,243.0
8.1,30,3,51.01,67.27,50.31,117.51,0.2521,0.2638,68.0,118.0,136.0,81.31,243.0
8.1,30,4,50.64,66.08,48.88,113.84,0.2603,0.2591,67.0,117.0,137.0,82.19,243.0
8.1,45,1,51.62,62.22,48.52,106.44,0.2202,0.244,63.0,120.0,135.0,86.54,364.5
8.1,45,2,50.87,59.98,47.33,103.17,0.211,0.2352,61.0,121.0,134.0,88.67,364.5
8.1,45,3,56.31,63.06,49.79,90.54,0.2105,0.2473,65.0,122.0,136.0,85.02,364.5
8.1,45,4,50.99,62.0,53.34,132.79,0.1775,0.2431,63.0,122.0,131.0,86.89,364.5
8.1,60,1,51.74,58.67,46.19,93.3,0.2127,0.2301,60.0,122.0,135.0,89.87,486.0
8.1,60,2,50.13,61.79,47.52,109.06,0.2309,0.2423,62.0,120.0,135.0,87.53,486.0
8.1,60,3,50.91,62.42,46.65,103.8,0.2527,0.2448,63.0,120.0,136.0,86.59,486.0
8.1,60,4,48.14,59.2,54.4,153.95,0.1868,0.2321,61.0,122.0,130.0,88.87,486.0
8.1,90,1,49.89,58.64,47.43,106.82,0.1912,0.23,59.0,122.0,134.0,90.82,729.0
8.1,90,2,51.19,61.63,47.06,102.97,0.2364,0.2417,63.0,120.0,135.0,86.54,729.0
8.1,90,3,49.8,58.9,48.42,112.13,0.1779,0.231,59.0,122.0,133.0,90.81,729.0
8.1,90,4,50.09,61.34,46.02,104.06,0.2498,0.2406,62.0,120.0,136.0,87.57,729.0
8.1,120,1,45.58,57.82,48.67,135.12,0.2117,0.2268,58.0,121.0,132.0,91.59,972.0
8.1,120,2,51.39,58.66,44.04,89.83,0.2492,0.23,60.0,122.0,136.0,89.91,972.0
8.1,120,3,50.61,57.27,47.11,99.36,0.1773,0.2246,58.0,123.0,133.0,91.99,972.0
8.1,120,4,49.04,59.28,48.38,116.37,0.1839,0.2325,60.0,121.0,133.0,89.63,972.0
8.1,180,1,45.1,58.46,46.09,124.45,0.2284,0.2292,58.0,120.0,134.0,91.43,1458.0
8.1,180,2,50.72,55.08,43.65,82.91,0.2075,0.216,57.0,123.0,135.0,93.01,1458.0
8.1,180,3,45.12,59.32,46.58,126.16,0.2392,0.2326,59.0,120.0,134.0,90.45,1458.0
8.1,180,4,52.64,59.68,42.81,85.02,0.2826,0.234,61.0,121.0,138.0,88.85,1458.0
8.1,240,1,50.23,58.16,40.16,86.44,0.3094,0.2281,59.0,121.0,138.0,90.81,1944.0
8.1,240,2,51.92,57.4,45.28,87.16,0.2111,0.2251,59.0,123.0,135.0,91.05,1944.0
8.1,240,3,45.81,55.5,46.78,126.01,0.1745,0.2176,56.0,122.0,132.0,93.74,1944.0
8.1,240,4,46.67,55.25,47.85,128.21,0.1551,0.2166,56.0,122.0,132.0,93.74,1944.0
8.1,300,1,47.84,56.65,45.87,109.05,0.1902,0.2222,57.0,122.0,134.0,92.78,2430.0
8.1,300,2,50.07,55.15,46.27,94.31,0.161,0.2163,57.0,123.0,133.0,92.97,2430.0
8.1,300,3,50.75,57.91,43.82,90.49,0.2433,0.2271,58.0,122.0,136.0,91.87,2430.0
8.1,300,4,50.84,59.79,41.58,89.51,0.3045,0.2345,60.0,120.0,138.0,89.64,2430.0
8.1,360,1,47.93,58.43,45.88,110.2,0.2148,0.2292,59.0,120.0,134.0,90.45,2916.0
8.1,360,2,50.32,54.67,40.89,78.95,0.252,0.2144,56.0,123.0,136.0,94.03,2916.0
8.1,360,3,51.52,59.08,45.69,93.9,0.2267,0.2317,61.0,121.0,135.0,88.7,2916.0
8.1,360,4,45.56,58.19,44.44,115.12,0.2362,0.2282,58.0,119.0,135.0,91.29,2916.0
8.1,480,1,50.73,58.8,47.49,102.84,0.1924,0.2306,60.0,122.0,134.0,89.84,3888.0
8.1,480,2,49.82,58.73,42.22,92.37,0.281,0.2303,59.0,121.0,137.0,90.75,3888.0
8.1,480,3,47.07,53.87,48.71,134.46,0.1262,0.2113,55.0,124.0,131.0,95.13,3888.0
8.1,480,4,46.36,54.86,42.39,100.93,0.2273,0.2151,55.0,121.0,135.0,94.59,3888.0
8.2,0,1,92.86,151.18,131.46,159.71,0.3858,0.5929,148.0,104.0,132.0,0.0,0.0
8.2,0,2,94.4,149.8,133.35,162.19,0.3698,0.5874,147.0,106.0,131.0,2.45,0.0
8.2,0,3,93.61,151.96,133.56,161.08,0.384,0.5959,148.0,105.0,132.0,1.0,0.0
8.2,0,4,91.15,149.78,134.37,164.23,0.3914,0.5874,147.0,105.0,130.0,2.45,0.0
8.2,1,1,75.64,115.48,98.01,153.69,0.345,0.4529,115.0,110.0,133.0,33.56,8.2
8.2,1,2,74.64,116.16,97.26,152.68,0.3574,0.4555,116.0,109.0,134.0,32.45,8.2
8.2,1,3,73.18,117.47,97.58,153.05,0.377,0.4607,116.0,108.0,134.0,32.31,8.2
8.2,1,4,75.57,115.42,98.96,155.21,0.3453,0.4526,115.0,110.0,133.0,33.56,8.2
8.2,2,1,67.36,98.04,82.11,148.85,0.313,0.3845,99.0,113.0,134.0,49.86,16.4
8.2,2,2,71.81,100.79,83.74,144.7,0.2875,0.3952,101.0,113.0,134.0,47.9,16.4
8.2,2,3,67.02,102.73,87.47,154.35,0.3477,0.4029,103.0,112.0,133.0,45.72,16.4
8.2,2,4,70.27,100.47,82.13,143.56,0.3006,0.394,101.0,113.0,135.0,47.95,16.4
8.2,5,1,58.07,82.12,72.78,156.71,0.2929,0.322,83.0,116.0,131.0,66.11,41.0
8.2,5,2,54.16,83.69,71.12,154.46,0.3529,0.3282,83.0,114.0,131.0,65.77,41.0
8.2,5,3,63.48,85.88,69.94,137.3,0.2608,0.3368,87.0,115.0,135.0,62.06,41.0
8.2,5,4,64.28,84.3,72.27,143.94,0.2375,0.3306,86.0,118.0,132.0,63.56,41.0
8.2,10,1,55.22,70.82,58.99,134.53,0.2203,0.2777,72.0,119.0,133.0,77.47,82.0
8.2,10,2,57.22,70.98,60.19,132.98,0.1939,0.2784,72.0,120.0,133.0,77.67,82.0
8.2,10,3,54.63,72.31,55.32,122.35,0.2445,0.2836,73.0,117.0,136.0,76.22,82.0
8.2,10,4,60.15,74.76,61.15,124.11,0.1954,0.2932,77.0,119.0,134.0,72.59,82.0
8.2,15,1,57.5,67.8,57.47,119.8,0.1524,0.2659,70.0,121.0,133.0,79.84,123.0
8.2,15,2,56.17,68.81,58.35,130.31,0.1837,0.2699,70.0,121.0,133.0,79.84,123.0
8.2,15,3,53.29,68.63,58.61,140.78,0.2235,0.2691,70.0,119.0,132.0,79.43,123.0
8.2,15,4,51.64,69.4,53.55,126.45,0.2559,0.2722,70.0,117.0,135.0,79.13,123.0
8.2,30,1,53.78,65.37,50.32,106.2,0.2302,0.2563,66.0,120.0,135.0,83.6,246.0
8.2,30,2,48.46,65.79,55.39,143.98,0.2634,0.258,66.0,118.0,132.0,83.19,246.0
8.2,30,3,50.27,64.02,54.43,138.14,0.2147,0.2511,65.0,120.0,132.0,84.53,246.0
8.2,30,4,52.15,60.13,49.8,106.36,0.1717,0.2358,62.0,122.0,134.0,87.89,246.0
8.2,45,1,49.34,59.85,49.46,120.67,0.1755,0.2347,61.0,121.0,133.0,88.65,369.0
8.2,45,2,50.9,59.48,53.76,139.98,0.1442,0.2333,61.0,123.0,130.0,89.07,369.0
8.2,45,3,49.54,65.48,50.23,122.58,0.2434,0.2568,66.0,118.0,135.0,83.24,369.0
8.2,45,4,54.44,62.16,50.69,100.39,0.1845,0.2438,64.0,122.0,134.0,85.93,369.0
8.2,60,1,53.92,60.72,49.02,94.87,0.1927,0.2381,62.0,122.0,134.0,87.89,492.0
8.2,60,2,50.42,59.75,51.59,127.52,0.156,0.2343,61.0,123.0,132.0,89.05,492.0
8.2,60,3,48.98,62.56,47.14,112.83,0.2466,0.2453,63.0,119.0,135.0,86.37,492.0
8.2,60,4,53.68,60.95,49.35,97.62,0.1902,0.239,62.0,122.0,134.0,87.89,492.0
8.2,90,1,51.07,60.23,46.79,100.89,0.2232,0.2362,61.0,122.0,135.0,88.89,738.0
8.2,90,2,52.19,62.08,48.96,105.23,0.2114,0.2435,63.0,121.0,135.0,86.74,738.0
8.2,90,3,50.8,61.35,52.75,131.13,0.172,0.2406,63.0,121.0,132.0,86.68,738.0
8.2,90,4,48.32,58.23,43.91,101.5,0.246,0.2284,59.0,120.0,136.0,90.52,738.0
8.2,120,1,51.49,58.7,45.17,91.99,0.2305,0.2302,60.0,122.0,135.0,89.87,984.0
8.2,120,2,47.47,61.35,49.84,130.22,0.2262,0.2406,62.0,119.0,134.0,87.32,984.0
8.2,120,3,47.37,59.43,47.87,122.46,0.2029,0.2331,60.0,121.0,134.0,89.65,984.0
8.2,120,4,48.21,58.71,46.95,113.58,0.2003,0.2302,59.0,121.0,134.0,90.63,984.0
8.2,180,1,48.47,55.82,46.83,109.08,0.1611,0.2189,57.0,123.0,133.0,92.97,1476.0
8.2,180,2,46.76,57.88,45.38,113.4,0.216,0.227,58.0,121.0,134.0,91.61,1476.0
8.2,180,3,51.32,60.26,39.58,85.93,0.3433,0.2363,61.0,120.0,140.0,88.82,1476.0
8.2,180,4,50.62,57.15,44.23,90.31,0.2262,0.2241,58.0,122.0,135.0,91.83,1476.0
8.2,240,1,47.61,60.99,41.16,100.47,0.3253,0.2392,60.0,118.0,138.0,89.31,1968.0
8.2,240,2,48.97,60.2,46.38,108.75,0.2295,0.2361,61.0,119.0,135.0,88.33,1968.0
8.2,240,3,48.38,57.8,46.78,111.3,0.1907,0.2267,58.0,122.0,133.0,91.79,1968.0
8.2,240,4,53.85,53.15,41.58,56.58,0.2279,0.2112,56.0,126.0,136.0,94.68,1968.0
8.2,300,1,48.16,57.36,44.04,101.43,0.2322,0.2249,58.0,121.0,135.0,91.64,2460.0
8.2,300,2,46.16,56.98,44.01,110.03,0.2276,0.2234,57.0,120.0,135.0,92.44,2460.0
8.2,300,3,47.35,58.92,44.4,107.8,0.2465,0.231,59.0,120.0,135.0,90.48,2460.0
8.2,300,4,45.58,56.35,45.21,117.96,0.1978,0.221,57.0,121.0,133.0,92.58,2460.0
8.2,360,1,48.67,55.85,42.72,92.8,0.2352,0.219,56.0,122.0,135.0,93.79,2952.0
8.2,360,2,49.3,57.84,43.77,96.39,0.2434,0.2268,58.0,122.0,136.0,91.87,2952.0
8.2,360,3,50.05,56.93,48.84,111.07,0.1421,0.2233,58.0,123.0,132.0,91.98,2952.0
8.2,360,4,50.71,56.57,44.05,88.1,0.2213,0.2218,58.0,123.0,135.0,92.03,2952.0
8.2,480,1,49.04,56.42,46.05,102.68,0.1837,0.2212,58.0,123.0,133.0,91.99,3936.0
8.2,480,2,48.64,53.62,45.81,98.31,0.1456,0.2103,55.0,124.0,132.0,95.13,3936.0
8.2,480,3,48.88,54.93,43.31,91.22,0.2114,0.2154,55.0,123.0,134.0,94.94,3936.0
8.2,480,4,49.93,59.98,44.16,98.12,0.2637,0.2352,60.0,121.0,136.0,89.72,3936.0
8.3,0,1,91.47,151.4,132.38,160.95,0.3958,0.5937,148.0,104.0,132.0,0.0,0.0
8.3,0,2,97.01,149.59,133.99,162.2,0.3515,0.5866,147.0,107.0,131.0,3.32,0.0
8.3,0,3,93.81,149.82,129.46,158.2,0.3739,0.5875,147.0,105.0,133.0,1.73,0.0
8.3,0,4,88.77,145.36,129.06,162.72,0.3893,0.57,143.0,105.0,131.0,5.2,0.0
8.3,1,1,78.16,113.23,97.36,152.86,0.3098,0.444,114.0,111.0,133.0,34.73,8.3
8.3,1,2,75.23,113.95,100.86,159.72,0.3398,0.4468,114.0,112.0,131.0,34.94,8.3
8.3,1,3,73.04,115.24,98.73,156.54,0.3662,0.4519,115.0,109.0,133.0,33.39,8.3
8.3,1,4,71.98,113.74,98.78,158.51,0.3671,0.446,113.0,110.0,132.0,35.51,8.3
8.3,2,1,72.12,97.43,89.47,161.13,0.2597,0.3821,99.0,117.0,129.0,50.78,16.6
8.3,2,2,70.71,103.72,85.18,146.3,0.3183,0.4068,104.0,112.0,134.0,44.77,16.6
8.3,2,3,66.48,102.41,86.45,153.34,0.3508,0.4016,102.0,111.0,133.0,46.54,16.6
8.3,2,4,68.97,100.25,82.13,145.24,0.312,0.3932,101.0,112.0,134.0,47.72,16.6
8.3,5,1,63.03,84.99,66.82,130.35,0.2584,0.3333,86.0,116.0,136.0,63.28,41.5
8.3,5,2,62.91,83.29,68.76,137.22,0.2447,0.3266,85.0,116.0,134.0,64.16,41.5
8.3,5,3,61.08,85.89,73.0,148.81,0.2888,0.3368,86.0,116.0,133.0,63.16,41.5
8.3,5,4,59.48,80.53,69.68,149.07,0.2613,0.3158,82.0,117.0,132.0,67.27,41.5
8.3,10,1,56.45,73.11,62.56,141.98,0.2279,0.2867,75.0,118.0,133.0,74.34,83.0
8.3,10,2,53.31,75.55,60.69,139.89,0.2944,0.2963,76.0,116.0,134.0,73.02,83.0
8.3,10,3,57.67,73.31,63.85,143.71,0.2134,0.2875,75.0,119.0,132.0,74.53,83.0
8.3,10,4,56.88,73.62,60.11,131.57,0.2274,0.2887,75.0,118.0,134.0,74.36,83.0
8.3,15,1,54.06,68.73,58.35,137.54,0.2135,0.2695,70.0,119.0,132.0,79.43,124.5
8.3,15,2,54.99,69.58,55.67,122.78,0.2097,0.2729,70.0,119.0,134.0,79.45,124.5
8.3,15,3,53.19,67.33,51.57,113.82,0.2342,0.2641,69.0,119.0,136.0,80.51,124.5
8.3,15,4,52.38,65.85,54.05,127.45,0.2046,0.2582,67.0,120.0,133.0,82.57,124.5
8.3,30,1,49.08,67.51,49.95,122.83,0.273,0.2647,68.0,117.0,137.0,81.2,249.0
8.3,30,2,52.07,62.46,52.74,123.86,0.1664,0.245,64.0,122.0,133.0,85.91,249.0
8.3,30,3,51.43,65.51,47.6,107.15,0.2734,0.2569,66.0,118.0,137.0,83.34,249.0
8.3,30,4,52.47,62.35,52.15,118.1,0.1636,0.2445,64.0,122.0,133.0,85.91,249.0
8.3,45,1,52.67,60.83,50.07,105.47,0.1769,0.2385,62.0,122.0,133.0,87.87,373.5
8.3,45,2,52.96,62.18,48.28,99.81,0.2234,0.2438,63.0,121.0,135.0,86.74,373.5
8.3,45,3,49.54,63.53,51.35,127.75,0.2201,0.2491,64.0,119.0,133.0,85.33,373.5
8.3,45,4,52.45,59.2,49.85,103.34,0.1579,0.2322,61.0,123.0,133.0,89.06,373.5
8.3,60,1,45.44,62.66,47.34,126.61,0.2749,0.2457,62.0,117.0,135.0,87.03,498.0
8.3,60,2,47.06,59.35,45.87,114.71,0.2271,0.2327,60.0,120.0,135.0,89.49,498.0
8.3,60,3,49.31,60.5,52.7,138.13,0.185,0.2373,61.0,122.0,131.0,88.85,498.0
8.3,60,4,48.94,61.1,43.99,102.64,0.28,0.2396,61.0,119.0,137.0,88.43,498.0
8.3,90,1,51.97,56.96,47.09,90.33,0.1733,0.2234,58.0,124.0,133.0,92.2,747.0
8.3,90,2,50.33,61.21,48.27,110.43,0.2115,0.24,62.0,120.0,135.0,87.53,747.0
8.3,90,3,49.31,60.95,49.02,118.52,0.1958,0.239,61.0,121.0,133.0,88.65,747.0
8.3,90,4,51.25,58.83,46.81,97.84,0.2044,0.2307,60.0,122.0,135.0,89.87,747.0
8.3,120,1,48.62,60.5,47.1,113.2,0.2214,0.2373,61.0,120.0,134.0,88.48,996.0
8.3,120,2,51.44,57.33,44.23,86.97,0.2284,0.2248,58.0,123.0,135.0,92.03,996.0
8.3,120,3,49.82,55.52,46.21,96.76,0.1677,0.2177,57.0,123.0,133.0,92.97,996.0
8.3,120,4,45.79,57.21,48.49,134.15,0.1996,0.2244,58.0,121.0,132.0,91.59,996.0
8.3,180,1,49.98,59.45,46.09,102.55,0.2246,0.2331,60.0,121.0,134.0,89.65,1494.0
8.3,180,2,50.56,58.34,43.68,91.85,0.2512,0.2288,59.0,121.0,136.0,90.7,1494.0
8.3,180,3,49.63,55.72,45.8,96.86,0.178,0.2185,57.0,123.0,133.0,92.97,1494.0
8.3,180,4,48.48,56.67,44.48,100.31,0.2151,0.2222,57.0,122.0,135.0,92.81,1494.0
8.3,240,1,49.71,58.69,43.29,94.98,0.2624,0.2302,59.0,121.0,136.0,90.7,1992.0
8.3,240,2,52.96,58.13,47.08,88.1,0.1901,0.228,60.0,123.0,134.0,90.05,1992.0
8.3,240,3,49.38,60.33,44.94,102.67,0.255,0.2366,61.0,120.0,136.0,88.55,1992.0
8.3,240,4,49.73,55.38,45.38,93.87,0.1805,0.2172,57.0,123.0,133.0,92.97,1992.0
8.3,300,1,48.68,54.8,42.95,91.01,0.2163,0.2149,55.0,122.0,135.0,94.77,2490.0
8.3,300,2,46.07,55.8,47.64,129.69,0.1744,0.2188,56.0,122.0,132.0,93.74,2490.0
8.3,300,3,50.41,54.04,43.34,80.37,0.1981,0.2119,56.0,124.0,134.0,94.17,2490.0
8.3,300,4,46.56,56.77,47.45,125.23,0.1799,0.2226,57.0,122.0,132.0,92.76,2490.0
8.3,360,1,49.85,57.93,45.35,98.55,0.2172,0.2272,58.0,122.0,134.0,91.8,2988.0
8.3,360,2,44.44,59.71,43.69,117.18,0.2684,0.2342,59.0,118.0,136.0,90.18,2988.0
8.3,360,3,48.94,55.41,43.99,94.0,0.2061,0.2173,56.0,122.0,135.0,93.79,2988.0
8.3,360,4,45.98,58.61,46.51,122.49,0.2154,0.2298,58.0,120.0,134.0,91.43,2988.0
8.3,480,1,48.82,57.84,42.66,95.64,0.2625,0.2268,58.0,120.0,136.0,91.5,3984.0
8.3,480,2,49.57,55.22,44.59,91.88,0.1925,0.2166,57.0,123.0,134.0,92.98,3984.0
8.3,480,3,48.47,61.18,42.75,101.37,0.3013,0.2399,61.0,119.0,138.0,88.49,3984.0
8.3,480,4,47.35,57.55,43.32,102.97,0.2473,0.2257,58.0,121.0,135.0,91.64,3984.0
8.4,0,1,88.62,149.2,133.12,164.07,0.4061,0.5851,146.0,104.0,130.0,2.83,0.0
8.4,0,2,91.37,153.68,132.16,159.28,0.4055,0.6027,150.0,103.0,133.0,2.45,0.0
8.4,0,3,90.58,149.27,128.33,158.59,0.3932,0.5854,146.0,104.0,133.0,2.24,0.0
8.4,0,4,92.59,146.88,132.23,163.81,0.3696,0.576,144.0,107.0,130.0,5.39,0.0
8.4,1,1,75.35,116.82,97.66,152.28,0.355,0.4581,116.0,109.0,134.0,32.45,8.4
8.4,1,2,74.67,114.02,95.85,152.3,0.3451,0.4471,114.0,109.0,134.0,34.42,8.4
8.4,1,3,75.74,115.87,98.1,153.42,0.3464,0.4544,115.0,110.0,133.0,33.56,8.4
8.4,1,4,74.52,113.39,101.2,161.19,0.3428,0.4447,114.0,111.0,130.0,34.77,8.4
8.4,2,1,71.23,99.38,87.08,153.76,0.2832,0.3897,101.0,115.0,132.0,48.27,16.8
8.4,2,2,69.6,100.15,82.27,144.9,0.3051,0.3927,101.0,112.0,135.0,47.77,16.8
8.4,2,3,70.26,98.5,84.9,151.1,0.2867,0.3863,100.0,114.0,133.0,49.04,16.8
8.4,2,4,68.66,96.71,84.57,154.04,0.2901,0.3792,98.0,115.0,132.0,51.2,16.8
8.4,5,1,63.05,80.82,66.1,130.28,0.2198,0.3169,82.0,118.0,134.0,67.5,42.0
8.4,5,2,60.85,83.19,67.92,139.0,0.2686,0.3262,84.0,115.0,135.0,65.01,42.0
8.4,5,3,63.66,82.91,67.62,132.33,0.2321,0.3251,84.0,117.0,134.0,65.34,42.0
8.4,5,4,62.49,81.08,72.14,151.14,0.2293,0.318,83.0,118.0,131.0,66.5,42.0
8.4,10,1,53.62,69.16,62.14,152.88,0.2246,0.2712,71.0,120.0,130.0,78.67,84.0
8.4,10,2,56.61,69.78,62.64,147.47,0.1888,0.2736,71.0,121.0,131.0,78.86,84.0
8.4,10,3,57.07,74.11,59.09,127.13,0.23,0.2906,76.0,118.0,135.0,73.41,84.0
8.4,10,4,56.13,70.07,60.57,139.11,0.199,0.2748,72.0,120.0,132.0,77.67,84.0
8.4,15,1,54.01,67.76,52.98,115.8,0.2182,0.2657,69.0,119.0,135.0,80.47,126.0
8.4,15,2,57.71,67.86,51.25,96.68,0.2448,0.2661,69.0,120.0,136.0,80.7,126.0
8.4,15,3,56.37,69.34,53.83,110.18,0.2236,0.2719,71.0,120.0,136.0,78.75,126.0
8.4,15,4,57.34,68.62,54.55,108.12,0.2051,0.2691,70.0,121.0,135.0,79.89,126.0
8.4,30,1,49.6,62.65,48.79,116.48,0.2212,0.2457,63.0,120.0,135.0,86.54,252.0
8.4,30,2,51.87,66.22,51.44,118.28,0.2232,0.2597,67.0,118.0,135.0,82.26,252.0
8.4,30,3,52.99,65.11,52.19,116.27,0.1985,0.2553,66.0,120.0,134.0,83.57,252.0
8.4,30,4,51.14,61.93,52.03,124.95,0.1743,0.2429,63.0,122.0,132.0,86.88,252.0
8.4,45,1,52.58,61.63,47.82,99.32,0.224,0.2417,63.0,121.0,135.0,86.74,378.0
8.4,45,2,53.69,61.44,49.97,100.54,0.1867,0.241,63.0,122.0,134.0,86.91,378.0
8.4,45,3,49.08,59.91,47.96,114.4,0.1995,0.235,60.0,121.0,134.0,89.65,378.0
8.4,45,4,50.71,58.61,49.26,110.7,0.1595,0.2298,60.0,123.0,132.0,90.03,378.0
8.4,60,1,50.2,60.96,45.92,102.92,0.2467,0.2391,61.0,120.0,136.0,88.55,504.0
8.4,60,2,53.73,60.74,48.15,93.4,0.2072,0.2382,62.0,122.0,135.0,87.91,504.0
8.4,60,3,47.93,58.2,46.53,112.8,0.2005,0.2282,59.0,120.0,134.0,90.45,504.0
8.4,60,4,52.67,60.43,51.31,111.08,0.1509,0.237,62.0,122.0,132.0,87.86,504.0
8.4,90,1,51.41,57.34,50.75,114.04,0.1148,0.2249,59.0,124.0,132.0,91.22,756.0
8.4,90,2,48.65,58.48,45.98,107.16,0.2138,0.2293,59.0,121.0,134.0,90.63,756.0
8.4,90,3,50.85,57.53,49.86,112.21,0.1334,0.2256,59.0,123.0,132.0,91.01,756.0
8.4,90,4,50.37,59.93,46.95,104.2,0.2166,0.235,61.0,121.0,135.0,88.7,756.0
8.4,120,1,53.46,57.92,42.08,76.89,0.2735,0.2271,59.0,124.0,137.0,91.36,1008.0
8.4,120,2,50.83,56.29,47.54,97.42,0.1554,0.2207,58.0,123.0,133.0,91.99,1008.0
8.4,120,3,50.52,60.25,46.48,102.39,0.2285,0.2363,61.0,120.0,135.0,88.51,1008.0
8.4,120,4,49.01,56.42,46.14,103.26,0.1823,0.2213,58.0,123.0,133.0,91.99,1008.0
8.4,180,1,50.57,58.98,46.48,100.36,0.2119,0.2313,59.0,122.0,134.0,90.82,1512.0
8.4,180,2,47.73,60.34,41.3,99.73,0.3156,0.2366,60.0,118.0,138.0,89.31,1512.0
8.4,180,3,46.04,57.79,43.02,107.75,0.2556,0.2266,58.0,120.0,135.0,91.46,1512.0
8.4,180,4,47.54,59.81,47.96,122.08,0.2052,0.2346,60.0,121.0,134.0,89.65,1512.0
8.4,240,1,48.88,55.42,43.77,93.66,0.2102,0.2173,56.0,122.0,135.0,93.79,2016.0
8.4,240,2,48.67,56.22,44.28,97.95,0.2124,0.2205,57.0,122.0,135.0,92.81,2016.0
8.4,240,3,49.18,57.57,43.59,96.02,0.2428,0.2257,58.0,122.0,136.0,91.87,2016.0
8.4,240,4,50.47,60.01,44.31,96.45,0.2615,0.2353,61.0,120.0,136.0,88.55,2016.0
8.4,300,1,47.53,59.76,49.48,129.56,0.2047,0.2344,60.0,121.0,133.0,89.63,2520.0
8.4,300,2,48.86,58.89,49.46,123.56,0.1703,0.231,59.0,121.0,132.0,90.61,2520.0
8.4,300,3,48.28,57.47,45.95,107.88,0.2005,0.2254,58.0,122.0,134.0,91.8,2520.0
8.4,300,4,46.21,53.87,45.79,116.86,0.15,0.2113,54.0,123.0,132.0,95.9,2520.0
8.4,360,1,49.8,56.55,41.59,87.05,0.2646,0.2218,58.0,121.0,137.0,91.73,3024.0
8.4,360,2,50.06,53.5,45.85,87.0,0.143,0.2098,55.0,125.0,133.0,95.35,3024.0
8.4,360,3,45.87,55.74,44.82,114.28,0.1958,0.2186,56.0,121.0,134.0,93.58,3024.0
8.4,360,4,49.43,56.91,42.16,90.45,0.2592,0.2232,58.0,122.0,136.0,91.87,3024.0
8.4,480,1,50.22,51.84,44.36,72.96,0.1443,0.2033,54.0,126.0,132.0,96.54,4032.0
8.4,480,2,48.67,56.65,41.0,90.59,0.2762,0.2222,57.0,121.0,137.0,92.71,4032.0
8.4,480,3,50.03,53.91,45.28,87.01,0.1602,0.2114,55.0,125.0,133.0,95.35,4032.0
8.4,480,4,48.18,55.1,41.92,91.51,0.2391,0.2161,56.0,122.0,136.0,93.83,4032.0
8.5,0,1,93.36,149.03,128.87,158.27,0.3735,0.5845,147.0,105.0,133.0,1.73,0.0
8.5,0,2,92.16,152.75,129.34,156.82,0.3966,0.599,149.0,103.0,134.0,2.45,0.0
8.5,0,3,95.5,151.52,131.54,158.6,0.3697,0.5942,149.0,105.0,133.0,1.73,0.0
8.5,0,4,89.63,146.96,127.36,159.49,0.3901,0.5763,144.0,105.0,132.0,4.12,0.0
8.5,1,1,75.04,112.59,99.44,158.99,0.3335,0.4415,113.0,112.0,131.0,35.92,8.5
8.5,1,2,75.66,115.32,99.49,156.05,0.3439,0.4522,115.0,110.0,132.0,33.54,8.5
8.5,1,3,77.17,115.51,94.35,146.89,0.3319,0.453,115.0,109.0,135.0,33.51,8.5
8.5,1,4,72.67,116.82,96.38,152.22,0.378,0.4581,115.0,108.0,134.0,33.3,8.5
8.5,2,1,70.9,98.42,83.08,146.54,0.2796,0.386,99.0,114.0,133.0,50.02,17.0
8.5,2,2,71.92,98.86,84.17,147.28,0.2725,0.3877,100.0,115.0,133.0,49.25,17.0
8.5,2,3,68.31,100.54,85.98,152.9,0.3206,0.3943,101.0,113.0,133.0,47.86,17.0
8.5,2,4,65.9,100.59,83.14,149.83,0.3449,0.3945,101.0,111.0,134.0,47.56,17.0
8.5,5,1,62.65,78.52,69.84,147.17,0.2021,0.3079,80.0,120.0,131.0,69.86,42.5
8.5,5,2,57.82,79.59,63.9,136.77,0.2735,0.3121,80.0,115.0,135.0,68.95,42.5
8.5,5,3,58.84,80.8,67.35,143.24,0.2717,0.3169,82.0,116.0,133.0,67.09,42.5
8.5,5,4,63.82,83.43,64.68,122.63,0.2351,0.3272,85.0,116.0,136.0,64.26,42.5
8.5,10,1,54.74,73.94,56.54,125.64,0.2598,0.29,74.0,116.0,136.0,75.07,85.0
8.5,10,2,57.29,69.98,60.78,136.48,0.1813,0.2744,71.0,121.0,132.0,78.85,85.0
8.5,10,3,57.53,76.43,60.92,130.79,0.2474,0.2997,77.0,117.0,135.0,72.24,85.0
8.5,10,4,54.33,71.39,60.3,141.01,0.239,0.28,73.0,119.0,132.0,76.49,85.0
8.5,15,1,51.94,67.39,54.15,128.59,0.2292,0.2643,68.0,118.0,134.0,81.24,127.5
8.5,15,2,52.6,69.03,56.02,132.49,0.238,0.2707,70.0,118.0,134.0,79.27,127.5
8.5,15,3,51.32,62.92,55.64,142.31,0.1842,0.2467,64.0,122.0,131.0,85.91,127.5
8.5,15,4,52.32,65.84,57.38,142.45,0.2053,0.2582,67.0,121.0,131.0,82.77,127.5
8.5,30,1,51.44,65.76,50.23,115.35,0.2361,0.2579,66.0,119.0,135.0,83.41,255.0
8.5,30,2,52.67,62.73,51.12,111.99,0.1851,0.246,64.0,121.0,133.0,85.71,255.0
8.5,30,3,50.85,62.98,50.92,120.37,0.1927,0.247,63.0,120.0,134.0,86.52,255.0
8.5,30,4,51.01,65.3,52.7,127.13,0.2189,0.2561,66.0,119.0,134.0,83.38,255.0
8.5,45,1,51.01,61.39,45.49,99.16,0.2591,0.2407,62.0,120.0,136.0,87.57,382.5
8.5,45,2,51.11,62.82,49.25,111.78,0.216,0.2464,63.0,120.0,134.0,86.52,382.5
8.5,45,3,52.12,57.39,48.24,94.54,0.1593,0.225,59.0,124.0,133.0,91.22,382.5
8.5,45,4,51.5,61.73,50.69,115.62,0.1788,0.2421,63.0,122.0,134.0,86.91,382.5
8.5,60,1,46.11,57.18,47.05,125.07,0.1936,0.2242,58.0,122.0,132.0,91.78,510.0
8.5,60,2,52.72,60.67,46.81,94.42,0.2285,0.2379,62.0,122.0,136.0,87.95,510.0
8.5,60,3,48.55,59.71,47.94,116.91,0.1972,0.2342,60.0,121.0,134.0,89.65,510.0
8.5,60,4,50.23,60.25,47.63,107.62,0.2095,0.2363,61.0,121.0,135.0,88.7,510.0
8.5,90,1,50.7,60.64,47.8,106.48,0.2118,0.2378,61.0,121.0,135.0,88.7,765.0
8.5,90,2,47.54,60.52,48.62,124.99,0.2145,0.2373,61.0,120.0,134.0,88.48,765.0
8.5,90,3,49.35,60.61,46.78,108.85,0.2282,0.2377,61.0,121.0,135.0,88.7,765.0
8.5,90,4,48.33,59.77,45.76,108.98,0.2344,0.2344,60.0,121.0,135.0,89.68,765.0
8.5,120,1,48.52,60.43,45.05,106.46,0.2544,0.237,61.0,120.0,135.0,88.51,1020.0
8.5,120,2,55.59,60.96,46.88,82.89,0.2311,0.2391,62.0,123.0,136.0,88.16,1020.0
8.5,120,3,51.43,60.28,44.53,93.72,0.2612,0.2364,61.0,121.0,137.0,88.79,1020.0
8.5,120,4,49.83,58.02,45.81,100.27,0.2105,0.2275,59.0,121.0,135.0,90.66,1020.0
8.5,180,1,47.87,53.73,44.92,99.95,0.164,0.2107,54.0,123.0,133.0,95.91,1530.0
8.5,180,2,52.69,56.44,43.97,78.04,0.2208,0.2213,58.0,123.0,136.0,92.07,1530.0
8.5,180,3,50.24,56.39,45.92,95.21,0.1857,0.2211,58.0,123.0,134.0,92.01,1530.0
8.5,180,4,50.92,57.79,46.36,96.08,0.1979,0.2266,58.0,123.0,134.0,92.01,1530.0
8.5,240,1,49.88,57.76,45.1,97.34,0.2193,0.2265,58.0,122.0,134.0,91.8,2040.0
8.5,240,2,45.61,56.88,47.64,130.77,0.1981,0.2231,57.0,121.0,132.0,92.57,2040.0
8.5,240,3,51.37,56.13,45.58,87.1,0.188,0.2201,58.0,123.0,134.0,92.01,2040.0
8.5,240,4,48.6,58.46,43.32,99.09,0.259,0.2293,59.0,120.0,136.0,90.52,2040.0
8.5,300,1,47.27,56.55,42.47,99.56,0.2489,0.2218,57.0,121.0,136.0,92.66,2550.0
8.5,300,2,51.15,55.87,43.96,83.76,0.2132,0.2191,57.0,123.0,135.0,93.01,2550.0
8.5,300,3,48.48,59.38,44.17,103.0,0.2562,0.2329,60.0,120.0,136.0,89.53,2550.0
8.5,300,4,48.49,55.68,43.63,95.8,0.2164,0.2184,56.0,122.0,135.0,93.79,2550.0
8.5,360,1,48.3,58.24,45.94,108.49,0.2112,0.2284,59.0,121.0,134.0,90.63,3060.0
8.5,360,2,48.82,55.95,42.22,91.15,0.2454,0.2194,56.0,122.0,135.0,93.79,3060.0
8.5,360,3,47.05,55.18,46.21,114.4,0.1625,0.2164,56.0,122.0,133.0,93.75,3060.0
8.5,360,4,49.17,55.07,46.31,100.4,0.1591,0.216,57.0,123.0,133.0,92.97,3060.0
8.5,480,1,46.35,59.39,41.85,104.61,0.2953,0.2329,59.0,118.0,138.0,90.29,4080.0
8.5,480,2,50.1,56.75,45.16,94.44,0.2042,0.2226,58.0,123.0,134.0,92.01,4080.0
8.5,480,3,51.32,54.74,44.51,80.05,0.187,0.2147,56.0,124.0,134.0,94.17,4080.0
8.5,480,4,48.02,58.34,45.04,106.56,0.2279,0.2288,59.0,121.0,134.0,90.63,4080.0
8.6,0,1,90.01,146.07,131.06,163.94,0.3838,0.5728,144.0,106.0,130.0,4.9,0.0
8.6,0,2,93.95,153.8,130.51,156.65,0.3891,0.6031,150.0,103.0,134.0,3.0,0.0
8.6,0,3,90.38,152.74,130.07,158.19,0.4083,0.599,149.0,103.0,133.0,1.73,0.0
8.6,0,4,92.11,150.77,134.16,163.01,0.3891,0.5913,148.0,105.0,130.0,2.24,0.0
8.6,1,1,73.18,112.22,98.09,158.28,0.3479,0.4401,113.0,111.0,132.0,35.69,8.6
8.6,1,2,75.26,114.51,98.36,155.31,0.3428,0.4491,114.0,111.0,133.0,34.73,8.6
8.6,1,3,74.89,116.64,97.43,152.39,0.358,0.4574,116.0,109.0,134.0,32.45,8.6
8.6,1,4,75.76,115.08,96.9,152.26,0.3417,0.4513,115.0,110.0,134.0,33.6,8.6
8.6,2,1,68.76,96.81,81.82,147.93,0.2898,0.3797,97.0,114.0,133.0,51.98,17.2
8.6,2,2,68.59,98.85,85.53,153.58,0.3062,0.3877,99.0,114.0,132.0,50.01,17.2
8.6,2,3,66.79,97.04,84.23,154.6,0.3117,0.3805,98.0,113.0,132.0,50.8,17.2
8.6,2,4,68.28,100.75,86.28,153.27,0.3223,0.3951,101.0,113.0,132.0,47.85,17.2
8.6,5,1,59.54,84.87,66.77,137.12,0.2985,0.3328,85.0,114.0,136.0,63.91,43.0
8.6,5,2,61.01,82.36,64.57,130.0,0.2593,0.323,83.0,116.0,136.0,66.22,43.0
8.6,5,3,65.85,82.65,70.63,137.07,0.2033,0.3241,85.0,118.0,133.0,64.54,43.0
8.6,5,4,61.99,82.54,68.99,140.45,0.249,0.3237,84.0,116.0,134.0,65.15,43.0
8.6,10,1,53.42,67.94,61.46,153.21,0.2138,0.2664,69.0,121.0,130.0,80.83,86.0
8.6,10,2,56.92,71.54,55.34,114.16,0.2263,0.2805,73.0,118.0,136.0,76.4,86.0
8.6,10,3,56.75,72.64,59.68,131.07,0.2188,0.2849,74.0,119.0,134.0,75.53,86.0
8.6,10,4,58.02,73.11,60.04,128.01,0.2064,0.2867,75.0,119.0,134.0,74.55,86.0
8.6,15,1,54.46,69.71,56.9,129.59,0.2188,0.2734,70.0,119.0,134.0,79.45,129.0
8.6,15,2,53.17,67.69,54.68,126.25,0.2146,0.2655,69.0,119.0,134.0,80.44,129.0
8.6,15,3,56.85,64.12,53.4,100.69,0.1673,0.2515,67.0,122.0,134.0,83.0,129.0
8.6,15,4,54.92,69.14,52.56,111.49,0.2398,0.2711,70.0,118.0,136.0,79.35,129.0
8.6,30,1,51.06,66.09,48.74,111.99,0.2625,0.2592,67.0,118.0,137.0,82.35,258.0
8.6,30,2,50.96,62.4,51.66,123.65,0.1834,0.2447,63.0,120.0,133.0,86.5,258.0
8.6,30,3,50.68,65.53,48.3,111.7,0.263,0.257,66.0,118.0,137.0,83.34,258.0
8.6,30,4,50.34,64.35,48.91,114.42,0.2399,0.2523,65.0,119.0,136.0,84.44,258.0
8.6,45,1,50.45,58.15,47.18,102.09,0.1886,0.228,60.0,122.0,134.0,89.84,387.0
8.6,45,2,49.4,64.79,50.07,122.63,0.2375,0.2541,65.0,119.0,135.0,84.4,387.0
8.6,45,3,53.31,61.14,45.89,90.81,0.2494,0.2398,63.0,122.0,136.0,86.98,387.0
8.6,45,4,50.12,60.75,49.72,117.83,0.1816,0.2382,61.0,122.0,133.0,88.85,387.0
8.6,60,1,47.92,58.97,44.8,106.81,0.2403,0.2313,59.0,120.0,135.0,90.48,516.0
8.6,60,2,50.67,60.03,46.7,102.13,0.2219,0.2354,61.0,120.0,135.0,88.51,516.0
8.6,60,3,50.9,61.95,46.6,103.19,0.2479,0.243,62.0,120.0,136.0,87.57,516.0
8.6,60,4,51.92,60.29,48.92,104.19,0.1885,0.2364,62.0,122.0,134.0,87.89,516.0
8.6,90,1,48.35,59.16,50.01,129.23,0.1828,0.232,60.0,121.0,132.0,89.63,774.0
8.6,90,2,45.52,61.27,43.65,113.65,0.2876,0.2403,61.0,117.0,137.0,88.11,774.0
8.6,90,3,48.96,58.2,44.44,100.3,0.2364,0.2282,59.0,120.0,135.0,90.48,774.0
8.6,90,4,51.58,58.52,42.08,85.33,0.281,0.2295,59.0,122.0,137.0,90.94,774.0
8.6,120,1,49.73,58.24,44.56,97.31,0.2349,0.2284,59.0,121.0,136.0,90.7,1032.0
8.6,120,2,46.39,56.65,43.97,108.59,0.2238,0.2222,57.0,121.0,135.0,92.62,1032.0
8.6,120,3,53.36,60.35,48.12,94.25,0.2027,0.2367,62.0,122.0,135.0,87.91,1032.0
8.6,120,4,51.92,59.16,46.29,93.78,0.2174,0.232,61.0,122.0,135.0,88.89,1032.0
8.6,180,1,50.3,55.75,45.45,91.73,0.1847,0.2186,57.0,123.0,134.0,92.98,1548.0
8.6,180,2,47.76,53.41,45.94,105.34,0.1399,0.2094,54.0,124.0,132.0,96.1,1548.0
8.6,180,3,47.51,61.04,48.73,125.4,0.2216,0.2394,62.0,119.0,134.0,87.32,1548.0
8.6,180,4,51.88,59.35,44.53,90.26,0.2497,0.2327,61.0,121.0,137.0,88.79,1548.0
8.6,240,1,50.32,56.33,47.08,99.01,0.1643,0.2209,58.0,123.0,133.0,91.99,2064.0
8.6,240,2,48.11,55.69,44.24,99.74,0.2055,0.2184,56.0,122.0,134.0,93.77,2064.0
8.6,240,3,47.66,57.07,40.97,95.08,0.2822,0.2238,58.0,120.0,137.0,91.55,2064.0
8.6,240,4,45.87,53.92,41.84,99.99,0.224,0.2114,54.0,121.0,135.0,95.57,2064.0
8.6,300,1,48.32,56.8,48.14,118.73,0.1524,0.2227,58.0,123.0,132.0,91.98,2580.0
8.6,300,2,48.62,56.91,46.89,109.62,0.1762,0.2232,58.0,122.0,133.0,91.79,2580.0
8.6,300,3,53.15,53.32,45.82,61.33,0.1407,0.2091,56.0,126.0,133.0,94.6,2580.0
8.6,300,4,48.18,57.06,44.66,102.96,0.2173,0.2238,58.0,121.0,135.0,91.64,2580.0
8.6,360,1,47.7,58.11,43.61,103.07,0.2495,0.2279,58.0,120.0,136.0,91.5,3096.0
8.6,360,2,47.51,57.42,41.42,97.16,0.2786,0.2252,58.0,120.0,137.0,91.55,3096.0
8.6,360,3,50.97,55.7,43.34,82.97,0.2218,0.2184,57.0,123.0,135.0,93.01,3096.0
8.6,360,4,47.7,58.81,48.37,123.63,0.1889,0.2306,59.0,121.0,133.0,90.61,3096.0
8.6,480,1,51.35,58.92,45.38,93.55,0.2298,0.2311,60.0,122.0,135.0,89.87,4128.0
8.6,480,2,47.5,54.86,44.53,102.78,0.1883,0.2152,55.0,122.0,133.0,94.73,4128.0
8.6,480,3,49.53,56.53,46.4,101.51,0.1791,0.2217,58.0,123.0,133.0,91.99,4128.0
8.6,480,4,46.47,59.81,44.09,110.89,0.2629,0.2345,59.0,119.0,136.0,90.34,4128.0
8.7,0,1,93.83,150.77,133.06,161.34,0.3777,0.5913,148.0,105.0,131.0,1.41,0.0
8.7,0,2,90.24,149.84,128.05,158.07,0.3978,0.5876,146.0,104.0,133.0,2.24,0.0
8.7,0,3,92.8,149.6,129.85,159.14,0.3797,0.5867,147.0,104.0,133.0,1.41,0.0
8.7,0,4,92.41,152.39,126.61,154.21,0.3936,0.5976,149.0,102.0,136.0,4.58,0.0
8.7,1,1,74.95,112.82,97.71,156.06,0.3357,0.4424,113.0,111.0,132.0,35.69,8.7
8.7,1,2,74.53,113.22,101.69,162.12,0.3418,0.444,114.0,111.0,130.0,34.77,8.7
8.7,1,3,75.73,110.99,92.4,148.37,0.3177,0.4352,111.0,111.0,134.0,37.71,8.7
8.7,1,4,74.37,114.51,97.97,155.27,0.3506,0.4491,114.0,110.0,133.0,34.54,8.7
8.7,2,1,67.58,96.81,82.38,150.38,0.3019,0.3796,97.0,114.0,133.0,51.98,17.4
8.7,2,2,67.04,95.13,83.22,154.56,0.2952,0.373,97.0,115.0,132.0,52.17,17.4
8.7,2,3,71.94,97.6,81.23,141.73,0.2629,0.3827,99.0,115.0,134.0,50.26,17.4
8.7,2,4,67.82,98.27,86.12,156.06,0.3099,0.3854,99.0,114.0,131.0,50.02,17.4
8.7,5,1,58.73,82.93,68.2,143.47,0.2918,0.3252,83.0,115.0,133.0,65.93,43.5
8.7,5,2,56.73,81.43,67.69,146.63,0.3034,0.3193,82.0,115.0,133.0,66.92,43.5
8.7,5,3,58.43,82.84,67.49,142.27,0.2946,0.3248,83.0,115.0,134.0,65.95,43.5
8.7,5,4,60.31,81.26,65.6,135.14,0.2578,0.3187,83.0,116.0,135.0,66.17,43.5
8.7,10,1,55.83,68.36,55.01,116.29,0.1953,0.2681,70.0,119.0,134.0,79.45,87.0
8.7,10,2,55.18,71.04,55.57,121.48,0.2234,0.2786,72.0,118.0,135.0,77.34,87.0
8.7,10,3,53.91,73.02,60.92,142.0,0.2617,0.2864,74.0,117.0,133.0,75.14,87.0
8.7,10,4,55.53,76.83,51.61,110.68,0.3282,0.3013,77.0,114.0,140.0,72.15,87.0
8.7,15,1,49.59,70.21,52.52,128.51,0.2936,0.2753,70.0,116.0,136.0,79.02,130.5
8.7,15,2,52.03,63.73,55.61,138.36,0.1836,0.2499,65.0,121.0,131.0,84.73,130.5
8.7,15,3,51.07,65.69,53.44,129.71,0.2225,0.2576,66.0,120.0,133.0,83.55,130.5
8.7,15,4,56.61,65.61,55.63,114.1,0.1521,0.2573,68.0,122.0,133.0,82.01,130.5
8.7,30,1,48.93,63.15,51.81,132.14,0.2252,0.2476,64.0,119.0,133.0,85.33,261.0
8.7,30,2,50.69,64.48,53.75,133.32,0.2139,0.2529,65.0,120.0,133.0,84.53,261.0
8.7,30,3,50.17,65.52,48.85,115.25,0.2544,0.2569,66.0,118.0,137.0,83.34,261.0
8.7,30,4,52.37,66.28,51.26,115.57,0.2266,0.2599,67.0,119.0,135.0,82.43,261.0
8.7,45,1,51.39,60.15,49.64,110.04,0.1747,0.2359,62.0,122.0,134.0,87.89,391.5
8.7,45,2,48.3,60.3,47.6,116.67,0.2106,0.2365,61.0,120.0,134.0,88.48,391.5
8.7,45,3,50.3,60.79,50.67,122.12,0.1725,0.2384,61.0,122.0,133.0,88.85,391.5
8.7,45,4,51.6,61.17,47.77,102.83,0.2191,0.2399,63.0,120.0,135.0,86.54,391.5
8.7,60,1,50.02,62.82,46.25,106.35,0.2637,0.2463,63.0,120.0,136.0,86.59,522.0
8.7,60,2,51.47,61.05,49.5,109.78,0.1892,0.2394,63.0,121.0,134.0,86.71,522.0
8.7,60,3,48.85,58.41,46.08,106.53,0.2111,0.2291,59.0,121.0,134.0,90.63,522.0
8.7,60,4,52.58,59.19,47.58,94.15,0.1961,0.2321,61.0,122.0,134.0,88.87,522.0
8.7,90,1,49.98,58.46,43.9,94.93,0.249,0.2293,59.0,121.0,136.0,90.7,783.0
8.7,90,2,48.49,56.61,45.29,103.02,0.1999,0.222,58.0,122.0,134.0,91.8,783.0
8.7,90,3,49.01,57.28,46.08,104.29,0.1955,0.2246,58.0,122.0,134.0,91.8,783.0
8.7,90,4,51.21,60.11,46.88,100.35,0.22,0.2357,61.0,122.0,135.0,88.89,783.0
8.7,120,1,48.2,59.37,46.89,113.7,0.2102,0.2328,60.0,121.0,134.0,89.65,1044.0
8.7,120,2,52.18,60.63,43.14,89.0,0.2884,0.2378,61.0,121.0,137.0,88.79,1044.0
8.7,120,3,52.56,57.08,48.54,91.74,0.1497,0.2239,59.0,124.0,133.0,91.22,1044.0
8.7,120,4,48.32,58.77,47.02,113.34,0.2,0.2305,59.0,121.0,133.0,90.61,1044.0
8.7,180,1,50.85,60.77,48.17,107.23,0.2073,0.2383,61.0,121.0,134.0,88.67,1566.0
8.7,180,2,48.48,56.33,47.58,113.84,0.1553,0.2209,58.0,123.0,132.0,91.98,1566.0
8.7,180,3,45.64,56.3,50.59,147.86,0.1893,0.2208,57.0,122.0,130.0,92.78,1566.0
8.7,180,4,50.14,61.23,45.12,101.3,0.2631,0.2401,62.0,120.0,136.0,87.57,1566.0
8.7,240,1,52.51,58.08,44.21,84.09,0.2388,0.2278,60.0,122.0,136.0,89.91,2088.0
8.7,240,2,44.68,56.7,47.09,132.01,0.2121,0.2224,57.0,121.0,132.0,92.57,2088.0
8.7,240,3,48.54,58.38,43.79,100.45,0.25,0.2289,59.0,120.0,136.0,90.52,2088.0
8.7,240,4,50.91,59.51,42.89,91.05,0.2794,0.2334,60.0,121.0,137.0,89.77,2088.0
8.7,300,1,49.14,57.6,44.91,100.02,0.2203,0.2259,58.0,122.0,135.0,91.83,2610.0
8.7,300,2,47.48,54.56,47.52,120.3,0.1297,0.214,55.0,123.0,131.0,94.93,2610.0
8.7,300,3,50.3,56.18,44.73,90.79,0.2038,0.2203,58.0,123.0,135.0,92.03,2610.0
8.7,300,4,46.19,57.33,46.04,119.21,0.1969,0.2248,58.0,121.0,133.0,91.6,2610.0
8.7,360,1,48.81,55.06,44.01,93.94,0.2008,0.2159,56.0,122.0,134.0,93.77,3132.0
8.7,360,2,49.46,58.34,44.73,99.17,0.2333,0.2288,59.0,121.0,136.0,90.7,3132.0
8.7,360,3,47.67,55.46,43.97,100.69,0.2073,0.2175,56.0,122.0,135.0,93.79,3132.0
8.7,360,4,50.21,53.34,44.16,80.45,0.1721,0.2092,55.0,124.0,133.0,95.13,3132.0
8.7,480,1,50.0,54.62,42.31,82.5,0.2253,0.2142,56.0,123.0,135.0,93.99,4176.0
8.7,480,2,49.72,56.51,46.62,101.15,0.1751,0.2216,58.0,123.0,133.0,91.99,4176.0
8.7,480,3,50.24,54.98,44.78,87.86,0.1856,0.2156,56.0,124.0,134.0,94.17,4176.0
8.7,480,4,46.52,56.14,47.09,123.56,0.1715,0.2202,57.0,122.0,132.0,92.76,4176.0
8.8,0,1,90.35,154.07,131.38,158.64,0.4136,0.6042,150.0,102.0,134.0,3.46,0.0
8.8,0,2,92.17,149.93,130.56,159.88,0.3852,0.5879,147.0,105.0,132.0,1.41,0.0
8.8,0,3,95.01,147.73,130.57,160.48,0.3569,0.5793,145.0,107.0,132.0,4.24,0.0
8.8,0,4,92.4,152.84,132.23,159.54,0.3954,0.5994,149.0,104.0,132.0,1.0,0.0
8.8,1,1,73.99,110.02,98.34,160.55,0.3276,0.4315,111.0,112.0,130.0,37.91,8.8
8.8,1,2,75.78,111.91,95.91,153.43,0.3228,0.4389,112.0,112.0,133.0,36.89,8.8
8.8,1,3,77.63,111.83,96.53,153.16,0.3058,0.4386,112.0,112.0,132.0,36.88,8.8
8.8,1,4,70.86,110.22,94.47,156.0,0.3571,0.4322,110.0,110.0,132.0,38.47,8.8
8.8,2,1,68.6,97.26,80.29,144.46,0.2947,0.3814,98.0,113.0,134.0,50.84,17.6
8.8,2,2,66.91,98.18,82.68,150.27,0.3185,0.385,99.0,113.0,133.0,49.83,17.6
8.8,2,3,69.98,96.67,83.04,149.37,0.2761,0.3791,98.0,115.0,132.0,51.2,17.6
8.8,2,4,63.52,96.49,84.76,158.65,0.3417,0.3784,97.0,113.0,131.0,51.8,17.6
8.8,5,1,60.4,83.9,68.34,140.26,0.2801,0.329,84.0,116.0,134.0,65.15,44.0
8.8,5,2,60.54,82.8,67.51,138.78,0.2688,0.3247,83.0,116.0,134.0,66.13,44.0
8.8,5,3,62.27,82.94,70.12,142.8,0.2492,0.3252,84.0,117.0,132.0,65.31,44.0
8.8,5,4,63.27,80.04,65.58,128.27,0.2095,0.3139,82.0,118.0,135.0,67.54,44.0
8.8,10,1,56.06,73.44,60.21,134.33,0.2366,0.288,75.0,118.0,134.0,74.36,88.0
8.8,10,2,53.77,67.98,60.29,147.55,0.2091,0.2666,69.0,121.0,130.0,80.83,88.0
8.8,10,3,58.7,67.61,62.09,142.84,0.1318,0.2651,70.0,123.0,130.0,80.31,88.0
8.8,10,4,53.87,69.76,55.42,125.87,0.2278,0.2736,70.0,118.0,134.0,79.27,88.0
8.8,15,1,52.5,69.19,55.98,132.49,0.2411,0.2713,70.0,118.0,134.0,79.27,132.0
8.8,15,2,55.04,69.99,54.63,118.43,0.2194,0.2745,71.0,119.0,135.0,78.5,132.0
8.8,15,3,50.55,69.59,53.96,130.76,0.2736,0.2729,70.0,117.0,135.0,79.13,132.0
8.8,15,4,52.56,65.38,55.51,133.83,0.1961,0.2564,67.0,120.0,132.0,82.57,132.0
8.8,30,1,49.15,62.73,46.89,111.42,0.2525,0.246,63.0,119.0,136.0,86.41,264.0
8.8,30,2,52.44,61.61,49.62,105.86,0.1947,0.2416,63.0,122.0,134.0,86.91,264.0
8.8,30,3,49.82,64.24,51.53,127.11,0.2245,0.2519,65.0,119.0,134.0,84.37,264.0
8.8,30,4,49.65,61.77,52.51,134.14,0.1962,0.2422,62.0,121.0,132.0,87.66,264.0
8.8,45,1,50.4,56.09,51.43,130.92,0.1015,0.22,58.0,124.0,130.0,92.22,396.0
8.8,45,2,54.98,61.49,49.48,92.53,0.1953,0.2411,63.0,123.0,134.0,87.12,396.0
8.8,45,3,50.58,61.02,46.36,102.76,0.2402,0.2393,62.0,120.0,136.0,87.57,396.0
8.8,45,4,50.3,62.52,48.77,113.31,0.2199,0.2452,63.0,120.0,135.0,86.54,396.0
8.8,60,1,46.91,60.84,46.65,118.89,0.2333,0.2386,61.0,119.0,135.0,88.33,528.0
8.8,60,2,51.57,57.8,49.32,104.1,0.1466,0.2267,59.0,124.0,132.0,91.22,528.0
8.8,60,3,46.24,59.07,48.59,130.97,0.2172,0.2316,60.0,120.0,133.0,89.45,528.0
8.8,60,4,52.0,58.33,49.22,101.65,0.1562,0.2287,60.0,124.0,133.0,90.25,528.0
8.8,90,1,50.34,59.32,46.39,101.66,0.2179,0.2326,61.0,121.0,135.0,88.7,792.0
8.8,90,2,53.92,59.07,46.82,85.24,0.2073,0.2316,61.0,123.0,135.0,89.1,792.0
8.8,90,3,51.43,57.68,47.39,96.46,0.1784,0.2262,59.0,124.0,133.0,91.22,792.0
8.8,90,4,53.6,58.49,42.86,78.77,0.2672,0.2294,60.0,123.0,137.0,90.17,792.0
8.8,120,1,47.41,57.87,43.57,103.89,0.2471,0.2269,58.0,121.0,135.0,91.64,1056.0
8.8,120,2,51.86,58.37,44.7,88.58,0.2341,0.2289,60.0,122.0,136.0,89.91,1056.0
8.8,120,3,45.92,58.66,44.75,114.97,0.2371,0.23,58.0,119.0,135.0,91.29,1056.0
8.8,120,4,49.54,56.52,47.26,105.2,0.1639,0.2217,58.0,123.0,133.0,91.99,1056.0
8.8,180,1,51.22,56.09,44.66,85.56,0.2038,0.22,58.0,123.0,135.0,92.03,1584.0
8.8,180,2,46.04,56.32,41.94,102.9,0.2554,0.2209,57.0,120.0,136.0,92.48,1584.0
8.8,180,3,50.42,57.12,45.83,95.61,0.1977,0.224,58.0,123.0,134.0,92.01,1584.0
8.8,180,4,47.78,57.51,46.68,113.88,0.1883,0.2255,58.0,121.0,133.0,91.6,1584.0
8.8,240,1,47.66,58.83,46.52,114.45,0.2093,0.2307,59.0,120.0,134.0,90.45,2112.0
8.8,240,2,48.04,52.08,42.0,84.06,0.1937,0.2042,54.0,124.0,134.0,96.12,2112.0
8.8,240,3,46.53,54.64,40.88,95.36,0.2518,0.2143,55.0,121.0,136.0,94.63,2112.0
8.8,240,4,46.4,57.95,44.45,111.33,0.2329,0.2272,58.0,120.0,135.0,91.46,2112.0
8.8,300,1,50.01,56.86,47.29,102.94,0.1683,0.223,58.0,123.0,133.0,91.99,2640.0
8.8,300,2,50.76,52.75,44.66,74.73,0.1533,0.2069,54.0,125.0,133.0,96.32,2640.0
8.8,300,3,50.15,57.67,44.8,95.06,0.2231,0.2262,58.0,122.0,135.0,91.83,2640.0
8.8,300,4,48.9,56.87,44.43,98.45,0.2187,0.223,57.0,122.0,135.0,92.81,2640.0
8.8,360,1,50.08,55.8,40.08,81.84,0.2817,0.2188,57.0,123.0,137.0,93.1,3168.0
8.8,360,2,49.33,57.59,43.27,94.63,0.2486,0.2258,58.0,122.0,136.0,91.87,3168.0
8.8,360,3,50.07,57.8,48.17,108.18,0.1666,0.2267,59.0,123.0,133.0,91.01,3168.0
8.8,360,4,51.93,55.08,43.21,75.9,0.2155,0.216,57.0,123.0,135.0,93.01,3168.0
8.8,480,1,49.68,54.82,46.0,94.95,0.161,0.215,56.0,124.0,133.0,94.15,4224.0
8.8,480,2,51.17,56.1,41.35,80.05,0.263,0.22,58.0,123.0,137.0,92.12,4224.0
8.8,480,3,50.32,56.55,46.22,96.15,0.1827,0.2217,58.0,123.0,133.0,91.99,4224.0
8.8,480,4,44.38,54.68,43.23,113.98,0.2094,0.2144,54.0,121.0,134.0,95.55,4224.0
8.9,0,1,92.74,151.5,128.81,156.83,0.3879,0.5941,148.0,103.0,134.0,2.24,0.0
8.9,0,2,90.32,148.84,129.2,159.86,0.3932,0.5837,146.0,104.0,132.0,2.0,0.0
8.9,0,3,93.1,148.74,131.73,161.66,0.3741,0.5833,146.0,106.0,131.0,3.0,0.0
8.9,0,4,90.7,150.44,132.23,161.71,0.3971,0.59,147.0,104.0,131.0,1.41,0.0
8.9,1,1,76.28,111.69,98.79,158.14,0.3171,0.438,112.0,112.0,131.0,36.89,8.9
8.9,1,2,72.97,112.08,96.09,155.47,0.3489,0.4395,112.0,110.0,132.0,36.5,8.9
8.9,1,3,71.31,109.8,99.46,163.88,0.3506,0.4306,110.0,112.0,129.0,38.95,8.9
8.9,1,4,71.47,112.67,98.07,158.74,0.3657,0.4418,112.0,110.0,131.0,36.51,8.9
8.9,2,1,69.21,97.0,80.77,144.97,0.2864,0.3804,97.0,115.0,134.0,52.21,17.8
8.9,2,2,69.26,98.71,82.46,146.89,0.2983,0.3871,99.0,114.0,134.0,50.05,17.8
8.9,2,3,68.25,96.57,83.18,151.63,0.2933,0.3787,98.0,115.0,132.0,51.2,17.8
8.9,2,4,67.27,97.67,87.24,159.42,0.3113,0.383,99.0,115.0,130.0,50.26,17.8
8.9,5,1,62.38,78.58,65.96,133.27,0.2061,0.3081,80.0,119.0,133.0,69.64,44.5
8.9,5,2,59.56,79.73,66.53,140.75,0.253,0.3127,81.0,117.0,133.0,68.26,44.5
8.9,5,3,59.83,81.54,64.58,133.13,0.2662,0.3198,82.0,115.0,135.0,66.98,44.5
8.9,5,4,61.3,79.34,67.53,140.71,0.2275,0.3112,81.0,118.0,133.0,68.45,44.5
8.9,10,1,54.33,69.11,57.76,133.93,0.2139,0.271,70.0,120.0,133.0,79.63,89.0
8.9,10,2,59.6,68.81,55.69,102.11,0.1906,0.2698,71.0,121.0,135.0,78.91,89.0
8.9,10,3,50.06,71.57,55.38,134.85,0.3006,0.2807,72.0,116.0,135.0,77.0,89.0
8.9,10,4,56.34,69.98,57.25,124.0,0.1949,0.2744,71.0,120.0,134.0,78.67,89.0
8.9,15,1,54.04,68.71,52.5,114.29,0.2359,0.2695,69.0,119.0,136.0,80.51,133.5
8.9,15,2,55.34,68.04,55.34,120.03,0.1867,0.2668,70.0,119.0,134.0,79.45,133.5
8.9,15,3,52.76,63.74,55.55,135.26,0.1723,0.25,65.0,121.0,131.0,84.73,133.5
8.9,15,4,51.34,64.89,54.02,131.85,0.2088,0.2545,66.0,120.0,133.0,83.55,133.5
8.9,30,1,49.26,60.01,49.03,118.75,0.1829,0.2353,61.0,121.0,133.0,88.65,267.0
8.9,30,2,52.06,62.19,49.57,108.13,0.203,0.2439,64.0,120.0,135.0,85.56,267.0
8.9,30,3,49.08,64.83,49.69,122.32,0.2429,0.2542,65.0,119.0,135.0,84.4,267.0
8.9,30,4,50.54,64.82,50.87,121.39,0.2203,0.2542,65.0,119.0,135.0,84.4,267.0
8.9,45,1,48.31,58.23,47.9,117.62,0.1775,0.2284,59.0,121.0,133.0,90.61,400.5
8.9,45,2,50.46,58.86,49.57,114.27,0.1578,0.2308,60.0,123.0,132.0,90.03,400.5
8.9,45,3,44.8,62.82,49.19,134.62,0.2869,0.2463,62.0,118.0,133.0,87.14,400.5
8.9,45,4,50.81,59.78,50.6,118.65,0.1536,0.2344,61.0,122.0,132.0,88.84,400.5
8.9,60,1,49.26,56.92,48.22,112.84,0.1528,0.2232,58.0,123.0,132.0,91.98,534.0
8.9,60,2,45.77,58.55,50.46,142.04,0.2182,0.2296,59.0,120.0,131.0,90.43,534.0
8.9,60,3,48.57,61.61,47.2,114.29,0.2339,0.2416,62.0,119.0,135.0,87.35,534.0
8.9,60,4,46.19,58.86,45.61,117.38,0.2252,0.2308,58.0,120.0,134.0,91.43,534.0
8.9,90,1,48.39,58.55,45.15,105.49,0.2289,0.2296,59.0,121.0,134.0,90.63,801.0
8.9,90,2,47.18,63.0,44.93,112.53,0.2869,0.2471,63.0,117.0,137.0,86.13,801.0
8.9,90,3,47.11,59.89,46.16,115.86,0.2292,0.2349,60.0,120.0,134.0,89.47,801.0
8.9,90,4,48.35,59.7,44.8,105.7,0.2496,0.2341,60.0,120.0,136.0,89.53,801.0
8.9,120,1,49.99,54.81,48.74,107.68,0.1107,0.2149,56.0,125.0,131.0,94.37,1068.0
8.9,120,2,48.45,60.76,42.94,101.44,0.2932,0.2383,61.0,119.0,138.0,88.49,1068.0
8.9,120,3,51.01,60.16,45.63,97.8,0.2416,0.2359,61.0,121.0,136.0,88.74,1068.0
8.9,120,4,47.46,58.27,42.84,102.06,0.2648,0.2285,58.0,120.0,137.0,91.55,1068.0
8.9,180,1,45.48,55.6,43.15,108.79,0.2239,0.218,56.0,121.0,134.0,93.58,1602.0
8.9,180,2,48.95,57.66,47.13,109.61,0.1826,0.2261,58.0,122.0,133.0,91.79,1602.0
8.9,180,3,50.0,58.66,43.76,94.87,0.254,0.23,59.0,121.0,136.0,90.7,1602.0
8.9,180,4,52.64,59.88,46.18,91.69,0.2288,0.2348,61.0,122.0,135.0,88.89,1602.0
8.9,240,1,48.35,57.6,44.8,103.36,0.2223,0.2259,58.0,121.0,135.0,91.64,2136.0
8.9,240,2,47.3,58.77,44.57,108.45,0.2417,0.2305,59.0,120.0,135.0,90.48,2136.0
8.9,240,3,47.44,59.05,47.73,121.51,0.1966,0.2316,60.0,121.0,134.0,89.65,2136.0
8.9,240,4,43.17,55.1,44.22,125.31,0.2166,0.2161,55.0,120.0,133.0,94.37,2136.0
8.9,300,1,47.3,54.68,44.2,102.25,0.1916,0.2144,55.0,122.0,133.0,94.73,2670.0
8.9,300,2,47.88,53.56,43.17,92.79,0.194,0.21,54.0,123.0,134.0,95.92,2670.0
8.9,300,3,48.67,55.6,43.24,93.66,0.2224,0.218,56.0,122.0,135.0,93.79,2670.0
8.9,300,4,48.87,55.31,44.66,96.26,0.1925,0.2169,56.0,122.0,134.0,93.77,2670.0
8.9,360,1,45.6,61.86,43.26,112.44,0.3008,0.2426,61.0,117.0,137.0,88.11,3204.0
8.9,360,2,47.66,56.2,46.27,111.61,0.1767,0.2204,57.0,122.0,133.0,92.77,3204.0
8.9,360,3,44.8,60.17,48.68,135.16,0.2555,0.2359,60.0,118.0,133.0,89.11,3204.0
8.9,360,4,49.81,56.25,46.72,100.54,0.1694,0.2206,58.0,123.0,133.0,91.99,3204.0
8.9,480,1,47.99,53.92,43.12,92.94,0.2004,0.2115,54.0,123.0,134.0,95.92,4272.0
8.9,480,2,47.99,58.69,42.59,99.87,0.2744,0.2301,58.0,120.0,137.0,91.55,4272.0
8.9,480,3,46.18,55.71,42.33,102.72,0.2403,0.2185,56.0,122.0,135.0,93.79,4272.0
8.9,480,4,48.32,59.25,44.62,104.84,0.247,0.2324,60.0,120.0,136.0,89.53,4272.0
9.0,0,1,92.17,151.09,132.05,160.61,0.39,0.5925,148.0,104.0,132.0,0.0,0.0
9.0,0,2,89.91,148.98,130.14,160.86,0.3965,0.5842,145.0,104.0,131.0,3.16,0.0
9.0,0,3,93.95,154.22,128.81,154.7,0.3908,0.6048,150.0,102.0,135.0,4.12,0.0
9.0,0,4,88.21,151.85,132.12,161.39,0.4191,0.5955,148.0,103.0,132.0,1.0,0.0
9.0,1,1,70.42,114.82,94.23,152.17,0.3867,0.4503,113.0,108.0,134.0,35.28,9.0
9.0,1,2,73.49,111.91,96.21,155.49,0.3434,0.4389,112.0,111.0,132.0,36.67,9.0
9.0,1,3,79.13,114.08,92.42,142.81,0.3064,0.4474,115.0,111.0,136.0,33.97,9.0
9.0,1,4,72.85,109.41,96.49,158.81,0.3342,0.4291,110.0,112.0,131.0,38.85,9.0
9.0,2,1,64.47,96.56,81.12,151.13,0.3323,0.3787,97.0,113.0,133.0,51.8,18.0
9.0,2,2,68.44,96.49,81.34,147.61,0.2907,0.3784,97.0,114.0,133.0,51.98,18.0
9.0,2,3,65.09,98.17,80.56,148.06,0.337,0.385,99.0,112.0,134.0,49.69,18.0
9.0,2,4,64.31,93.56,83.76,159.9,0.3126,0.3669,95.0,115.0,130.0,54.17,18.0
9.0,5,1,60.38,81.58,66.04,136.02,0.2599,0.3199,83.0,116.0,134.0,66.13,45.0
9.0,5,2,61.08,80.14,66.57,137.28,0.2379,0.3143,82.0,117.0,134.0,67.3,45.0
9.0,5,3,56.98,79.94,67.54,147.59,0.2872,0.3135,80.0,116.0,132.0,69.05,45.0
9.0,5,4,57.23,84.41,65.65,138.58,0.322,0.331,85.0,113.0,136.0,63.77,45.0
9.0,10,1,54.0,71.2,57.47,132.11,0.2416,0.2792,72.0,117.0,134.0,77.13,90.0
9.0,10,2,58.75,73.63,57.78,116.34,0.2153,0.2888,75.0,118.0,136.0,74.44,90.0
9.0,10,3,56.11,70.6,56.55,121.79,0.2052,0.2769,72.0,120.0,134.0,77.69,90.0
9.0,10,4,56.68,71.74,58.12,125.74,0.2099,0.2813,73.0,119.0,134.0,76.51,90.0
9.0,15,1,57.14,65.06,51.93,96.21,0.2019,0.2552,68.0,122.0,135.0,82.05,135.0
9.0,15,2,53.28,66.37,54.39,125.08,0.1972,0.2603,68.0,120.0,134.0,81.61,135.0
9.0,15,3,51.66,72.76,55.23,130.16,0.2901,0.2853,72.0,116.0,135.0,77.0,135.0
9.0,15,4,50.96,66.06,56.71,142.85,0.2286,0.2591,67.0,119.0,132.0,82.38,135.0
9.0,30,1,50.04,62.37,48.7,114.12,0.2192,0.2446,63.0,120.0,135.0,86.54,270.0
9.0,30,2,48.65,61.99,47.35,114.7,0.2361,0.2431,62.0,119.0,135.0,87.35,270.0
9.0,30,3,49.74,60.53,47.86,111.11,0.2093,0.2374,61.0,121.0,134.0,88.67,270.0
9.0,30,4,50.63,62.25,52.72,130.8,0.1866,0.2441,63.0,120.0,133.0,86.5,270.0
9.0,45,1,51.22,58.84,46.96,98.46,0.2019,0.2307,60.0,122.0,135.0,89.87,405.0
9.0,45,2,49.17,61.54,52.15,134.43,0.201,0.2413,62.0,121.0,132.0,87.66,405.0
9.0,45,3,49.16,64.2,46.69,111.52,0.2728,0.2518,65.0,117.0,137.0,84.16,405.0
9.0,45,4,52.5,57.93,45.75,86.75,0.2103,0.2272,59.0,124.0,135.0,91.27,405.0
9.0,60,1,53.91,58.27,48.93,88.02,0.1603,0.2285,60.0,124.0,133.0,90.25,540.0
9.0,60,2,47.78,59.2,44.7,107.22,0.245,0.2322,60.0,119.0,136.0,89.36,540.0
9.0,60,3,49.33,60.3,48.65,116.49,0.1931,0.2365,61.0,120.0,134.0,88.48,540.0
9.0,60,4,53.68,59.78,46.62,87.81,0.2201,0.2344,61.0,123.0,135.0,89.1,540.0
9.0,90,1,50.46,56.59,46.73,97.28,0.1743,0.2219,58.0,123.0,133.0,91.99,810.0
9.0,90,2,47.12,59.1,46.98,119.3,0.2051,0.2318,60.0,120.0,134.0,89.47,810.0
9.0,90,3,48.39,59.99,45.96,109.6,0.2339,0.2353,60.0,121.0,135.0,89.68,810.0
9.0,90,4,48.17,60.26,48.54,121.87,0.2007,0.2363,61.0,120.0,134.0,88.48,810.0
9.0,120,1,52.24,58.44,43.9,85.58,0.2488,0.2292,60.0,122.0,137.0,89.96,1080.0
9.0,120,2,48.17,59.28,46.57,112.41,0.2144,0.2325,60.0,121.0,134.0,89.65,1080.0
9.0,120,3,47.34,59.55,45.64,112.65,0.2336,0.2335,60.0,120.0,135.0,89.49,1080.0
9.0,120,4,50.6,58.76,47.82,104.78,0.1862,0.2304,60.0,122.0,134.0,89.84,1080.0
9.0,180,1,50.55,52.72,46.42,80.69,0.1194,0.2067,54.0,126.0,131.0,96.55,1620.0
9.0,180,2,48.58,59.03,46.26,109.07,0.2164,0.2315,60.0,121.0,134.0,89.65,1620.0
9.0,180,3,53.25,58.89,45.53,85.33,0.2269,0.2309,60.0,123.0,135.0,90.08,1620.0
9.0,180,4,49.72,56.24,41.11,85.87,0.269,0.2206,58.0,121.0,137.0,91.73,1620.0
9.0,240,1,49.1,60.21,43.58,100.07,0.2762,0.2361,61.0,119.0,137.0,88.43,2160.0
9.0,240,2,52.56,54.28,45.32,71.51,0.1651,0.2129,56.0,126.0,133.0,94.6,2160.0
9.0,240,3,50.36,53.76,46.93,89.8,0.1271,0.2108,55.0,125.0,132.0,95.34,2160.0
9.0,240,4,47.5,57.98,42.59,100.84,0.2655,0.2274,58.0,120.0,136.0,91.5,2160.0
9.0,300,1,48.46,55.19,46.11,104.51,0.1646,0.2164,57.0,123.0,133.0,92.97,2700.0
9.0,300,2,49.0,55.82,41.93,89.48,0.2488,0.2189,56.0,122.0,136.0,93.83,2700.0
9.0,300,3,49.7,54.09,44.54,87.56,0.1767,0.2121,56.0,123.0,134.0,93.96,2700.0
9.0,300,4,51.69,54.5,41.68,73.15,0.2352,0.2137,56.0,124.0,136.0,94.23,2700.0
9.0,360,1,46.61,56.43,43.42,105.31,0.2306,0.2213,57.0,121.0,135.0,92.62,3240.0
9.0,360,2,47.14,54.58,45.41,108.68,0.1679,0.214,55.0,123.0,133.0,94.93,3240.0
9.0,360,3,46.26,55.93,41.61,100.51,0.256,0.2193,56.0,121.0,136.0,93.64,3240.0
9.0,360,4,44.64,61.6,43.16,115.18,0.2994,0.2416,61.0,117.0,137.0,88.11,3240.0
9.0,480,1,49.51,54.91,44.0,89.69,0.1986,0.2153,56.0,123.0,134.0,93.96,4320.0
9.0,480,2,45.44,58.56,43.82,113.41,0.2517,0.2297,58.0,119.0,136.0,91.33,4320.0
9.0,480,3,47.42,54.98,42.09,95.21,0.2345,0.2156,55.0,122.0,135.0,94.77,4320.0
9.0,480,4,47.0,55.47,43.78,103.49,0.2107,0.2175,56.0,122.0,135.0,93.79,4320.0
9.1,0,1,91.81,147.99,128.84,159.55,0.3796,0.5803,145.0,105.0,132.0,3.16,0.0
9.1,0,2,95.62,149.98,130.45,158.44,0.3624,0.5881,147.0,106.0,132.0,2.24,0.0
9.1,0,3,91.45,151.85,135.96,164.21,0.3978,0.5955,148.0,105.0,130.0,2.24,0.0
9.1,0,4,94.52,151.12,134.01,161.86,0.3745,0.5926,149.0,105.0,131.0,1.73,0.0
9.1,1,1,75.33,112.5,95.86,153.13,0.3304,0.4412,113.0,111.0,133.0,35.71,9.1
9.1,1,2,76.71,110.51,97.79,157.42,0.3059,0.4334,111.0,113.0,131.0,38.09,9.1
9.1,1,3,74.11,109.54,93.3,152.49,0.3235,0.4296,110.0,111.0,133.0,38.65,9.1
9.1,1,4,75.39,114.36,95.99,151.72,0.3408,0.4485,114.0,110.0,134.0,34.58,9.1
9.1,2,1,65.03,95.34,82.98,155.53,0.3179,0.3739,96.0,114.0,132.0,52.95,18.2
9.1,2,2,65.34,98.56,84.43,154.47,0.3371,0.3865,99.0,113.0,132.0,49.82,18.2
9.1,2,3,64.42,93.61,80.57,153.19,0.3118,0.3671,94.0,114.0,132.0,54.92,18.2
9.1,2,4,66.38,98.02,81.63,148.92,0.3228,0.3844,99.0,112.0,134.0,49.69,18.2
9.1,5,1,59.11,80.86,68.93,147.11,0.269,0.3171,82.0,117.0,132.0,67.27,45.5
9.1,5,2,58.44,79.9,66.4,142.26,0.2687,0.3133,81.0,117.0,133.0,68.26,45.5
9.1,5,3,57.09,79.22,63.75,138.05,0.2794,0.3107,80.0,115.0,135.0,68.95,45.5
9.1,5,4,55.51,80.15,64.29,141.37,0.3073,0.3143,81.0,115.0,134.0,67.93,45.5
9.1,10,1,52.25,70.14,58.68,141.58,0.2551,0.275,71.0,118.0,133.0,78.27,91.0
9.1,10,2,57.58,68.95,60.05,133.05,0.1649,0.2704,71.0,121.0,131.0,78.86,91.0
9.1,10,3,56.51,69.03,58.54,129.74,0.1814,0.2707,71.0,120.0,133.0,78.65,91.0
9.1,10,4,53.2,72.38,57.39,133.12,0.265,0.2838,73.0,117.0,135.0,76.18,91.0
9.1,15,1,54.97,66.0,52.64,109.55,0.2024,0.2588,67.0,120.0,135.0,82.62,136.5
9.1,15,2,49.65,66.66,56.49,144.12,0.2551,0.2614,67.0,118.0,132.0,82.2,136.5
9.1,15,3,54.37,67.68,54.7,121.45,0.1966,0.2654,69.0,119.0,134.0,80.44,136.5
9.1,15,4,52.27,65.59,52.67,121.78,0.203,0.2572,66.0,120.0,134.0,83.57,136.5
9.1,30,1,49.3,60.54,48.83,117.59,0.1935,0.2374,61.0,120.0,134.0,88.48,273.0
9.1,30,2,52.69,62.5,50.02,107.16,0.1997,0.2451,64.0,121.0,134.0,85.73,273.0
9.1,30,3,50.43,61.06,48.29,109.94,0.2091,0.2394,62.0,120.0,135.0,87.53,273.0
9.1,30,4,53.81,63.81,48.96,100.4,0.2326,0.2502,65.0,121.0,136.0,84.82,273.0
9.1,45,1,51.49,59.62,47.3,99.61,0.2066,0.2338,61.0,122.0,134.0,88.87,409.5
9.1,45,2,51.12,60.48,43.57,93.22,0.2796,0.2372,61.0,120.0,137.0,88.6,409.5
9.1,45,3,49.42,63.79,47.02,111.42,0.2628,0.2502,64.0,118.0,136.0,85.25,409.5
9.1,45,4,50.24,63.66,42.75,98.52,0.3284,0.2496,63.0,118.0,139.0,86.43,409.5
9.1,60,1,48.51,57.54,51.93,142.73,0.157,0.2256,58.0,123.0,130.0,92.01,546.0
9.1,60,2,51.4,60.24,46.84,99.55,0.2224,0.2362,61.0,122.0,135.0,88.89,546.0
9.1,60,3,45.52,58.67,50.06,140.73,0.2242,0.2301,59.0,120.0,131.0,90.43,546.0
9.1,60,4,49.7,59.96,45.17,101.63,0.2466,0.2351,60.0,121.0,135.0,89.68,546.0
9.1,90,1,48.06,61.34,45.25,109.52,0.2624,0.2406,62.0,119.0,136.0,87.39,819.0
9.1,90,2,49.54,58.49,49.42,119.19,0.1552,0.2294,59.0,123.0,132.0,91.01,819.0
9.1,90,3,50.5,53.96,46.42,87.53,0.1396,0.2116,55.0,125.0,132.0,95.34,819.0
9.1,90,4,53.76,55.37,47.15,71.72,0.1484,0.2171,58.0,126.0,133.0,92.66,819.0
9.1,120,1,46.74,56.19,43.2,103.66,0.2312,0.2204,57.0,121.0,135.0,92.62,1092.0
9.1,120,2,46.46,58.08,48.95,132.85,0.2,0.2278,59.0,120.0,133.0,90.43,1092.0
9.1,120,3,50.37,57.84,43.71,91.72,0.2442,0.2268,58.0,122.0,136.0,91.87,1092.0
9.1,120,4,49.53,55.12,43.66,89.29,0.2078,0.2162,57.0,123.0,135.0,93.01,1092.0
9.1,180,1,48.82,57.13,44.59,99.78,0.2194,0.224,58.0,121.0,135.0,91.64,1638.0
9.1,180,2,48.99,57.94,44.91,101.23,0.2249,0.2272,58.0,121.0,135.0,91.64,1638.0
9.1,180,3,49.62,55.95,45.48,96.3,0.1872,0.2194,57.0,123.0,133.0,92.97,1638.0
9.1,180,4,51.13,54.08,45.28,80.12,0.1628,0.2121,56.0,125.0,133.0,94.37,1638.0
9.1,240,1,48.68,60.06,48.07,116.95,0.1996,0.2355,61.0,120.0,134.0,88.48,2184.0
9.1,240,2,50.43,55.64,44.12,87.13,0.207,0.2182,57.0,123.0,134.0,92.98,2184.0
9.1,240,3,49.97,59.97,44.95,99.94,0.2505,0.2352,60.0,121.0,136.0,89.72,2184.0
9.1,240,4,47.73,54.68,44.02,99.1,0.1949,0.2144,55.0,122.0,133.0,94.73,2184.0
9.1,300,1,45.67,58.07,47.51,128.92,0.2135,0.2277,58.0,120.0,133.0,91.42,2730.0
9.1,300,2,46.38,53.17,47.53,130.17,0.1277,0.2085,54.0,124.0,131.0,96.11,2730.0
9.1,300,3,48.47,55.97,47.55,113.45,0.1504,0.2195,57.0,123.0,132.0,92.96,2730.0
9.1,300,4,48.07,54.16,43.21,93.4,0.2021,0.2124,55.0,123.0,134.0,94.94,2730.0
9.1,360,1,48.42,55.36,43.54,95.24,0.2136,0.2171,56.0,122.0,135.0,93.79,3276.0
9.1,360,2,51.1,53.53,45.01,77.11,0.1592,0.2099,56.0,125.0,133.0,94.37,3276.0
9.1,360,3,49.34,56.73,45.86,100.8,0.1916,0.2225,58.0,123.0,134.0,92.01,3276.0
9.1,360,4,47.46,54.13,44.16,100.16,0.1843,0.2123,55.0,122.0,133.0,94.73,3276.0
9.1,480,1,48.1,54.88,45.22,102.12,0.1761,0.2152,55.0,124.0,133.0,95.13,4368.0
9.1,480,2,46.55,54.01,46.07,116.31,0.1471,0.2118,55.0,122.0,132.0,94.73,4368.0
9.1,480,3,51.24,55.35,45.93,86.19,0.1702,0.2171,57.0,124.0,134.0,93.19,4368.0
9.1,480,4,47.62,61.71,43.65,106.83,0.2926,0.242,61.0,118.0,137.0,88.26,4368.0
9.2,0,1,89.17,150.95,132.22,161.8,0.4093,0.592,147.0,104.0,131.0,1.41,0.0
9.2,0,2,93.85,154.46,130.44,156.22,0.3924,0.6057,151.0,102.0,134.0,4.12,0.0
9.2,0,3,94.08,153.01,129.16,155.72,0.3852,0.6001,150.0,103.0,135.0,3.74,0.0
9.2,0,4,94.22,148.62,131.63,161.26,0.366,0.5828,146.0,106.0,131.0,3.0,0.0
9.2,1,1,72.1,112.06,94.33,153.37,0.3566,0.4395,112.0,110.0,134.0,36.55,9.2
9.2,1,2,73.32,112.94,93.48,150.53,0.3508,0.4429,112.0,110.0,134.0,36.55,9.2
9.2,1,3,74.46,111.8,93.79,151.07,0.334,0.4384,112.0,110.0,134.0,36.55,9.2
9.2,1,4,77.82,110.01,96.67,155.14,0.2926,0.4314,111.0,113.0,132.0,38.08,9.2
9.2,2,1,67.46,96.05,78.94,144.09,0.2976,0.3767,97.0,113.0,135.0,51.87,18.4
9.2,2,2,66.71,94.34,77.23,142.85,0.2929,0.37,95.0,114.0,134.0,53.97,18.4
9.2,2,3,67.01,96.74,81.94,150.13,0.3073,0.3794,97.0,114.0,133.0,51.98,18.4
9.2,2,4,69.22,94.99,81.07,147.6,0.2713,0.3725,96.0,115.0,132.0,53.15,18.4
9.2,5,1,58.83,79.98,63.56,133.41,0.2645,0.3137,80.0,116.0,135.0,69.12,46.0
9.2,5,2,61.45,79.5,64.85,131.32,0.2271,0.3118,81.0,117.0,134.0,68.28,46.0
9.2,5,3,61.43,77.6,65.2,134.02,0.2085,0.3043,79.0,119.0,133.0,70.62,46.0
9.2,5,4,60.21,79.68,66.74,140.13,0.2443,0.3125,81.0,117.0,133.0,68.26,46.0
9.2,10,1,59.53,69.86,59.11,117.66,0.1539,0.274,72.0,122.0,133.0,78.11,92.0
9.2,10,2,53.67,68.4,52.52,115.69,0.2321,0.2682,69.0,118.0,136.0,80.33,92.0
9.2,10,3,57.01,67.49,60.12,137.8,0.1553,0.2647,70.0,122.0,131.0,80.06,92.0
9.2,10,4,52.48,71.07,59.34,142.16,0.2617,0.2787,72.0,117.0,133.0,77.11,92.0
9.2,15,1,55.76,66.57,55.99,121.26,0.1624,0.2611,68.0,120.0,133.0,81.59,138.0
9.2,15,2,53.93,66.32,51.84,111.33,0.2183,0.2601,68.0,119.0,135.0,81.45,138.0
9.2,15,3,55.67,65.29,52.46,105.0,0.1965,0.256,67.0,121.0,135.0,82.82,138.0
9.2,15,4,52.25,70.87,51.75,118.44,0.2698,0.2779,71.0,116.0,137.0,78.09,138.0
9.2,30,1,50.3,59.79,48.34,109.75,0.1915,0.2345,61.0,121.0,134.0,88.67,276.0
9.2,30,2,53.67,61.07,47.61,93.02,0.2204,0.2395,63.0,121.0,136.0,86.78,276.0
9.2,30,3,51.37,64.56,49.07,111.11,0.2399,0.2532,65.0,119.0,135.0,84.4,276.0
9.2,30,4,54.02,64.32,48.42,98.85,0.2472,0.2522,66.0,120.0,137.0,83.7,276.0
9.2,45,1,51.1,60.14,47.18,101.88,0.2154,0.2358,61.0,122.0,135.0,88.89,414.0
9.2,45,2,52.0,57.12,47.64,92.37,0.166,0.224,59.0,124.0,133.0,91.22,414.0
9.2,45,3,47.44,63.17,47.76,121.23,0.249,0.2477,63.0,117.0,136.0,86.08,414.0
9.2,45,4,50.17,62.93,49.63,117.58,0.2113,0.2468,63.0,120.0,134.0,86.52,414.0
9.2,60,1,52.61,58.84,48.58,96.42,0.1744,0.2307,60.0,123.0,133.0,90.03,552.0
9.2,60,2,49.74,58.67,46.98,105.81,0.1992,0.2301,59.0,121.0,134.0,90.63,552.0
9.2,60,3,50.46,54.77,47.43,95.21,0.1341,0.2148,56.0,124.0,132.0,94.15,552.0
9.2,60,4,50.59,62.21,46.29,103.81,0.2559,0.244,63.0,120.0,136.0,86.59,552.0
9.2,90,1,48.26,58.94,46.07,109.78,0.2183,0.2311,59.0,121.0,134.0,90.63,828.0
9.2,90,2,46.98,60.24,48.04,124.78,0.22,0.2362,61.0,119.0,134.0,88.31,828.0
9.2,90,3,50.32,58.1,45.94,98.37,0.2093,0.2278,59.0,122.0,135.0,90.85,828.0
9.2,90,4,48.14,59.43,47.62,117.37,0.1987,0.2331,60.0,121.0,134.0,89.65,828.0
9.2,120,1,49.94,57.36,44.98,95.96,0.2159,0.2249,58.0,122.0,135.0,91.83,1104.0
9.2,120,2,49.2,56.35,46.84,105.14,0.1687,0.221,58.0,123.0,133.0,91.99,1104.0
9.2,120,3,48.01,58.82,45.56,108.91,0.2254,0.2307,59.0,121.0,134.0,90.63,1104.0
9.2,120,4,53.02,56.6,46.69,81.67,0.1752,0.222,58.0,125.0,134.0,92.44,1104.0
9.2,180,1,50.05,58.49,44.02,95.0,0.2475,0.2294,59.0,121.0,136.0,90.7,1656.0
9.2,180,2,50.11,55.86,46.91,98.56,0.1603,0.2191,57.0,123.0,133.0,92.97,1656.0
9.2,180,3,50.05,56.9,45.23,95.22,0.205,0.2231,58.0,123.0,134.0,92.01,1656.0
9.2,180,4,49.69,55.04,45.79,94.74,0.168,0.2159,57.0,123.0,133.0,92.97,1656.0
9.2,240,1,45.82,56.71,44.69,114.37,0.2119,0.2224,57.0,121.0,134.0,92.6,2208.0
9.2,240,2,52.89,57.69,42.21,78.6,0.2682,0.2262,59.0,123.0,137.0,91.14,2208.0
9.2,240,3,51.32,57.9,44.14,88.69,0.2376,0.2271,58.0,123.0,135.0,92.03,2208.0
9.2,240,4,50.42,55.2,45.58,89.81,0.1742,0.2165,57.0,123.0,134.0,92.98,2208.0
9.2,300,1,47.98,56.3,41.91,94.69,0.2555,0.2208,57.0,120.0,137.0,92.53,2760.0
9.2,300,2,48.02,58.46,43.78,102.65,0.2512,0.2293,59.0,120.0,136.0,90.52,2760.0
9.2,300,3,48.76,57.37,44.89,101.39,0.2176,0.225,58.0,121.0,135.0,91.64,2760.0
9.2,300,4,48.27,57.01,45.39,105.12,0.2039,0.2236,58.0,122.0,134.0,91.8,2760.0
9.2,360,1,49.51,56.27,43.4,91.54,0.2288,0.2207,58.0,122.0,135.0,91.83,3312.0
9.2,360,2,44.92,56.96,46.52,127.95,0.2114,0.2234,57.0,120.0,133.0,92.4,3312.0
9.2,360,3,49.2,54.53,43.63,89.35,0.1997,0.2138,56.0,123.0,134.0,93.96,3312.0
9.2,360,4,48.73,57.41,42.07,93.97,0.2673,0.2252,58.0,120.0,136.0,91.5,3312.0
9.2,480,1,48.82,53.21,43.38,86.81,0.1847,0.2087,55.0,123.0,134.0,94.94,4416.0
9.2,480,2,48.86,55.69,46.33,103.75,0.168,0.2184,57.0,123.0,133.0,92.97,4416.0
9.2,480,3,48.61,53.89,43.68,91.06,0.1895,0.2114,55.0,123.0,134.0,94.94,4416.0
9.2,480,4,47.46,54.6,50.04,141.64,0.1307,0.2141,56.0,124.0,130.0,94.17,4416.0
9.3,0,1,86.52,152.92,131.51,160.65,0.4342,0.5997,148.0,102.0,132.0,2.0,0.0
9.3,0,2,92.02,149.52,136.12,166.01,0.3846,0.5864,147.0,106.0,129.0,3.74,0.0
9.3,0,3,98.72,147.45,131.02,159.77,0.3304,0.5782,146.0,108.0,131.0,4.58,0.0
9.3,0,4,93.31,150.7,128.01,156.27,0.3808,0.591,147.0,104.0,134.0,2.24,0.0
9.3,1,1,68.07,110.17,96.47,160.48,0.3821,0.4321,110.0,110.0,131.0,38.48,9.3
9.3,1,2,70.62,110.79,96.09,158.06,0.3626,0.4345,110.0,111.0,131.0,38.65,9.3
9.3,1,3,71.3,109.5,94.59,156.57,0.3489,0.4294,109.0,111.0,132.0,39.62,9.3
9.3,1,4,72.99,111.41,92.58,150.6,0.3449,0.4369,111.0,110.0,134.0,37.54,9.3
9.3,2,1,65.33,96.59,80.29,148.71,0.3236,0.3788,97.0,113.0,134.0,51.83,18.6
9.3,2,2,68.58,99.61,80.8,143.63,0.3115,0.3906,100.0,112.0,135.0,48.75,18.6
9.3,2,3,65.01,95.12,82.25,154.36,0.3166,0.373,96.0,114.0,132.0,52.95,18.6
9.3,2,4,64.16,99.59,83.51,152.78,0.3557,0.3905,99.0,112.0,133.0,49.66,18.6
9.3,5,1,55.0,78.43,65.22,146.16,0.2987,0.3076,79.0,116.0,133.0,70.04,46.5
9.3,5,2,60.03,78.74,64.0,132.72,0.2376,0.3088,80.0,117.0,135.0,69.3,46.5
9.3,5,3,58.82,75.22,66.28,147.3,0.2181,0.295,77.0,119.0,131.0,72.57,46.5
9.3,5,4,53.17,78.56,66.48,151.44,0.3233,0.3081,79.0,116.0,132.0,70.04,46.5
9.3,10,1,57.57,68.54,60.04,133.54,0.1601,0.2688,71.0,121.0,131.0,78.86,93.0
9.3,10,2,54.88,70.64,57.33,129.34,0.2232,0.277,71.0,118.0,134.0,78.29,93.0
9.3,10,3,54.24,71.13,57.05,129.97,0.2374,0.2789,72.0,118.0,134.0,77.3,93.0
9.3,10,4,52.82,70.36,56.49,132.53,0.2493,0.2759,71.0,118.0,134.0,78.29,93.0
9.3,15,1,57.23,64.82,52.89,98.15,0.1841,0.2542,67.0,122.0,135.0,83.03,139.5
9.3,15,2,51.43,64.55,53.93,131.43,0.2032,0.2531,66.0,120.0,133.0,83.55,139.5
9.3,15,3,56.47,68.89,54.08,110.32,0.215,0.2702,70.0,120.0,135.0,79.68,139.5
9.3,15,4,54.13,63.66,52.47,111.11,0.1757,0.2496,65.0,122.0,134.0,84.95,139.5
9.3,30,1,47.69,58.47,48.17,122.65,0.1843,0.2293,59.0,121.0,133.0,90.61,279.0
9.3,30,2,52.47,62.98,48.0,102.1,0.2379,0.247,63.0,121.0,135.0,86.74,279.0
9.3,30,3,53.82,65.16,49.9,104.59,0.2341,0.2555,66.0,120.0,136.0,83.64,279.0
9.3,30,4,54.58,62.38,48.42,93.51,0.2238,0.2446,64.0,122.0,136.0,86.0,279.0
9.3,45,1,47.87,59.74,49.24,126.89,0.1986,0.2343,60.0,121.0,133.0,89.63,418.5
9.3,45,2,47.34,56.98,48.29,125.89,0.1693,0.2235,58.0,122.0,132.0,91.78,418.5
9.3,45,3,50.46,60.84,44.52,98.16,0.2682,0.2386,61.0,120.0,136.0,88.55,418.5
9.3,45,4,52.2,59.33,47.79,97.09,0.1944,0.2326,61.0,122.0,134.0,88.87,418.5
9.3,60,1,50.79,60.69,42.44,92.54,0.3008,0.238,61.0,120.0,138.0,88.66,558.0
9.3,60,2,49.88,58.11,53.62,147.3,0.1417,0.2279,60.0,124.0,130.0,90.27,558.0
9.3,60,3,48.19,61.39,47.01,115.07,0.2342,0.2407,62.0,119.0,135.0,87.35,558.0
9.3,60,4,47.59,57.45,46.19,112.53,0.1961,0.2253,58.0,121.0,133.0,91.6,558.0
9.3,90,1,47.2,57.45,46.13,114.32,0.197,0.2253,58.0,121.0,133.0,91.6,837.0
9.3,90,2,46.48,60.86,45.96,117.94,0.2448,0.2387,61.0,118.0,135.0,88.17,837.0
9.3,90,3,50.52,55.33,44.88,87.63,0.1889,0.217,57.0,123.0,134.0,92.98,837.0
9.3,90,4,52.24,57.6,47.11,90.65,0.1821,0.2259,59.0,124.0,133.0,91.22,837.0
9.3,120,1,52.38,60.85,46.28,94.88,0.2395,0.2386,62.0,122.0,136.0,87.95,1116.0
9.3,120,2,48.61,54.02,41.45,85.8,0.2327,0.2118,55.0,122.0,135.0,94.77,1116.0
9.3,120,3,48.59,57.0,44.54,100.49,0.2185,0.2235,57.0,122.0,135.0,92.81,1116.0
9.3,120,4,49.8,58.76,44.65,98.07,0.2401,0.2304,59.0,121.0,136.0,90.7,1116.0
9.3,180,1,48.32,59.11,43.73,102.07,0.2602,0.2318,60.0,120.0,136.0,89.53,1674.0
9.3,180,2,50.85,58.19,44.21,91.51,0.2403,0.2282,59.0,121.0,136.0,90.7,1674.0
9.3,180,3,49.99,53.77,47.71,97.41,0.1127,0.2109,55.0,125.0,131.0,95.35,1674.0
9.3,180,4,50.01,58.45,46.92,103.93,0.1972,0.2292,59.0,122.0,134.0,90.82,1674.0
9.3,240,1,49.95,54.5,42.27,82.33,0.2244,0.2137,55.0,123.0,135.0,94.97,2232.0
9.3,240,2,48.74,57.44,44.08,99.06,0.2326,0.2252,58.0,121.0,135.0,91.64,2232.0
9.3,240,3,45.89,58.14,46.78,124.33,0.2106,0.228,58.0,120.0,134.0,91.43,2232.0
9.3,240,4,50.13,55.24,48.15,103.31,0.1284,0.2166,57.0,124.0,132.0,93.17,2232.0
9.3,300,1,49.85,56.53,47.04,102.25,0.1679,0.2217,58.0,123.0,133.0,91.99,2790.0
9.3,300,2,50.78,53.25,42.78,74.17,0.1966,0.2088,55.0,125.0,135.0,95.39,2790.0
9.3,300,3,46.93,62.45,42.88,107.59,0.3133,0.2449,62.0,117.0,138.0,87.18,2790.0
9.3,300,4,48.01,55.49,44.68,101.51,0.1948,0.2176,56.0,122.0,134.0,93.77,2790.0
9.3,360,1,44.5,61.72,43.39,116.37,0.297,0.2421,61.0,117.0,137.0,88.11,3348.0
9.3,360,2,51.85,56.24,45.33,84.14,0.1941,0.2206,58.0,123.0,134.0,92.01,3348.0
9.3,360,3,50.65,55.22,42.5,81.56,0.2303,0.2165,57.0,123.0,135.0,93.01,3348.0
9.3,360,4,47.21,56.55,44.56,106.74,0.212,0.2218,57.0,121.0,135.0,92.62,3348.0
9.3,480,1,52.34,54.1,42.07,68.78,0.2223,0.2122,56.0,125.0,136.0,94.45,4464.0
9.3,480,2,46.84,56.37,44.97,110.2,0.2021,0.2211,57.0,120.0,135.0,92.44,4464.0
9.3,480,3,49.6,55.52,46.34,98.69,0.1653,0.2177,57.0,123.0,133.0,92.97,4464.0
9.3,480,4,48.55,58.64,43.78,100.74,0.2534,0.23,59.0,120.0,136.0,90.52,4464.0
9.4,0,1,90.97,149.86,131.4,161.2,0.3929,0.5877,146.0,104.0,131.0,2.24,0.0
9.4,0,2,96.41,147.76,132.12,161.72,0.3475,0.5795,146.0,108.0,131.0,4.58,0.0
9.4,0,3,91.8,150.1,133.4,162.81,0.3884,0.5886,147.0,105.0,131.0,1.73,0.0
9.4,0,4,92.38,153.76,130.22,156.99,0.3992,0.603,150.0,103.0,134.0,3.0,0.0
9.4,1,1,75.13,114.57,93.75,148.33,0.3442,0.4493,114.0,109.0,135.0,34.5,9.4
9.4,1,2,72.58,111.43,91.99,149.97,0.3487,0.437,111.0,110.0,135.0,37.6,9.4
9.4,1,3,72.96,109.57,92.58,152.17,0.3341,0.4297,109.0,111.0,133.0,39.64,9.4
9.4,1,4,73.42,114.28,91.12,145.99,0.3575,0.4481,114.0,108.0,136.0,34.47,9.4
9.4,2,1,68.0,95.2,79.94,146.34,0.2857,0.3733,96.0,114.0,134.0,52.99,18.8
9.4,2,2,67.78,95.85,77.56,140.9,0.2928,0.3759,96.0,113.0,135.0,52.86,18.8
9.4,2,3,65.16,99.78,82.32,149.74,0.347,0.3913,100.0,111.0,134.0,48.55,18.8
9.4,2,4,64.99,93.91,78.92,148.89,0.308,0.3683,94.0,114.0,133.0,54.93,18.8
9.4,5,1,56.09,79.89,65.7,144.24,0.298,0.3133,80.0,116.0,133.0,69.06,47.0
9.4,5,2,57.08,76.63,66.84,149.96,0.2552,0.3005,78.0,118.0,132.0,71.39,47.0
9.4,5,3,59.54,78.79,64.85,136.54,0.2443,0.309,80.0,118.0,134.0,69.46,47.0
9.4,5,4,57.81,79.84,66.92,144.82,0.2759,0.3131,80.0,116.0,133.0,69.06,47.0
9.4,10,1,53.77,72.13,56.32,128.33,0.2546,0.2829,73.0,117.0,135.0,76.18,94.0
9.4,10,2,55.7,69.35,54.65,115.72,0.2119,0.272,71.0,119.0,135.0,78.5,94.0
9.4,10,3,54.23,69.0,55.82,126.44,0.214,0.2706,70.0,119.0,134.0,79.45,94.0
9.4,10,4,54.26,71.31,54.52,120.91,0.2391,0.2797,72.0,117.0,136.0,77.21,94.0
9.4,15,1,53.76,66.05,52.39,113.96,0.2069,0.259,68.0,120.0,135.0,81.64,141.0
9.4,15,2,51.38,64.91,55.12,136.58,0.2085,0.2546,66.0,121.0,132.0,83.74,141.0
9.4,15,3,49.78,64.46,55.64,143.96,0.2278,0.2528,65.0,120.0,131.0,84.53,141.0
9.4,15,4,51.99,66.68,57.23,141.41,0.2204,0.2615,68.0,120.0,132.0,81.58,141.0
9.4,30,1,55.95,58.58,48.56,75.79,0.1711,0.2297,61.0,125.0,134.0,89.52,282.0
9.4,30,2,45.73,62.94,48.24,128.75,0.2734,0.2468,62.0,118.0,135.0,87.18,282.0
9.4,30,3,50.89,62.55,48.81,110.92,0.2197,0.2453,63.0,120.0,135.0,86.54,282.0
9.4,30,4,51.58,64.05,46.48,102.59,0.2744,0.2512,65.0,119.0,137.0,84.49,282.0
9.4,45,1,51.26,59.52,47.21,100.25,0.2068,0.2334,61.0,122.0,134.0,88.87,423.0
9.4,45,2,49.86,59.04,47.39,107.3,0.1973,0.2315,60.0,121.0,134.0,89.65,423.0
9.4,45,3,47.91,59.65,47.28,116.93,0.2073,0.2339,60.0,121.0,134.0,89.65,423.0
9.4,45,4,48.43,62.07,49.6,125.17,0.2198,0.2434,63.0,120.0,134.0,86.52,423.0
9.4,60,1,47.62,61.82,44.43,108.98,0.2813,0.2424,61.0,119.0,137.0,88.43,564.0
9.4,60,2,46.49,60.72,44.68,113.22,0.2642,0.2381,60.0,119.0,136.0,89.36,564.0
9.4,60,3,50.04,58.93,46.24,102.04,0.2152,0.2311,59.0,122.0,134.0,90.82,564.0
9.4,60,4,54.33,59.8,46.09,83.91,0.2293,0.2345,61.0,123.0,135.0,89.1,564.0
9.4,90,1,45.11,60.78,46.45,125.11,0.2578,0.2384,60.0,119.0,134.0,89.29,846.0
9.4,90,2,48.35,56.97,47.86,116.83,0.1598,0.2234,58.0,123.0,132.0,91.98,846.0
9.4,90,3,45.02,58.45,43.53,114.02,0.2552,0.2292,58.0,119.0,136.0,91.33,846.0
9.4,90,4,47.62,54.69,45.21,104.78,0.1733,0.2145,55.0,123.0,133.0,94.93,846.0
9.4,120,1,50.15,55.8,46.0,94.59,0.1757,0.2188,57.0,123.0,134.0,92.98,1128.0
9.4,120,2,51.76,61.43,44.65,94.59,0.2732,0.2409,62.0,120.0,137.0,87.62,1128.0
9.4,120,3,50.61,59.45,44.55,95.62,0.2506,0.2331,60.0,121.0,136.0,89.72,1128.0
9.4,120,4,51.7,58.51,45.75,91.99,0.2181,0.2294,60.0,122.0,135.0,89.87,1128.0
9.4,180,1,46.65,54.7,44.67,108.2,0.1833,0.2145,55.0,122.0,133.0,94.73,1692.0
9.4,180,2,49.77,60.29,44.79,100.72,0.257,0.2364,61.0,120.0,136.0,88.55,1692.0
9.4,180,3,48.82,54.0,43.75,90.33,0.1897,0.2118,55.0,123.0,134.0,94.94,1692.0
9.4,180,4,48.87,58.34,48.25,116.31,0.173,0.2288,59.0,121.0,133.0,90.61,1692.0
9.4,240,1,50.57,59.48,39.81,87.18,0.3308,0.2333,60.0,120.0,139.0,89.72,2256.0
9.4,240,2,48.77,56.19,42.35,92.17,0.2463,0.2204,57.0,121.0,136.0,92.66,2256.0
9.4,240,3,48.17,53.72,41.37,86.94,0.2298,0.2107,54.0,123.0,135.0,95.95,2256.0
9.4,240,4,49.15,55.64,47.23,106.31,0.1511,0.2182,57.0,124.0,132.0,93.17,2256.0
9.4,300,1,47.77,57.2,45.04,106.52,0.2127,0.2243,58.0,121.0,134.0,91.61,2820.0
9.4,300,2,46.79,53.54,43.12,98.85,0.1947,0.21,54.0,122.0,134.0,95.73,2820.0
9.4,300,3,48.85,59.37,43.63,100.11,0.2651,0.2328,60.0,120.0,136.0,89.53,2820.0
9.4,300,4,53.91,53.21,45.09,55.26,0.1635,0.2114,56.0,126.0,133.0,94.6,2820.0
9.4,360,1,48.37,57.92,45.17,104.92,0.2202,0.2271,58.0,122.0,134.0,91.8,3384.0
9.4,360,2,44.73,54.66,41.63,105.72,0.2383,0.2143,54.0,121.0,135.0,95.57,3384.0
9.4,360,3,48.0,52.27,44.62,93.52,0.1463,0.205,54.0,124.0,132.0,96.1,3384.0
9.4,360,4,47.64,53.2,38.72,83.03,0.2722,0.2086,54.0,122.0,136.0,95.79,3384.0
9.4,480,1,51.21,53.92,41.87,73.5,0.2235,0.2114,55.0,125.0,136.0,95.43,4512.0
9.4,480,2,48.8,56.15,44.41,97.58,0.209,0.2202,57.0,122.0,135.0,92.81,4512.0
9.4,480,3,51.02,57.57,42.29,85.73,0.2655,0.2258,58.0,123.0,137.0,92.12,4512.0
9.4,480,4,49.3,53.58,44.33,87.77,0.1726,0.2101,55.0,124.0,133.0,95.13,4512.0
9.5,0,1,91.43,152.04,132.89,161.04,0.3986,0.5962,149.0,103.0,132.0,1.41,0.0
9.5,0,2,90.35,153.02,134.62,162.39,0.4096,0.6001,150.0,103.0,132.0,2.24,0.0
9.5,0,3,90.25,154.11,130.73,158.03,0.4144,0.6044,150.0,102.0,134.0,3.46,0.0
9.5,0,4,94.94,153.01,132.76,159.08,0.3795,0.6,150.0,104.0,133.0,2.24,0.0
9.5,1,1,74.1,110.08,99.47,162.31,0.3268,0.4317,111.0,113.0,130.0,38.13,9.5
9.5,1,2,73.37,111.74,95.37,154.4,0.3434,0.4382,111.0,111.0,133.0,37.67,9.5
9.5,1,3,75.39,112.86,98.9,157.64,0.332,0.4426,113.0,111.0,132.0,35.69,9.5
9.5,1,4,71.6,108.07,94.02,156.88,0.3375,0.4238,109.0,111.0,132.0,39.62,9.5
9.5,2,1,67.82,96.35,78.11,141.66,0.2961,0.3778,97.0,113.0,135.0,51.87,19.0
9.5,2,2,64.8,91.39,81.23,157.08,0.291,0.3584,93.0,116.0,130.0,56.33,19.0
9.5,2,3,68.71,94.63,75.32,135.29,0.2739,0.3711,95.0,114.0,136.0,54.08,19.0
9.5,2,4,65.3,95.38,78.43,146.19,0.3154,0.3741,96.0,113.0,134.0,52.81,19.0
9.5,5,1,57.68,77.64,67.9,150.71,0.2571,0.3045,79.0,118.0,131.0,70.41,47.5
9.5,5,2,58.33,77.13,65.02,141.34,0.2437,0.3025,79.0,118.0,133.0,70.41,47.5
9.5,5,3,58.83,78.24,67.51,146.82,0.248,0.3068,80.0,118.0,132.0,69.43,47.5
9.5,5,4,57.77,83.93,61.79,129.23,0.3117,0.3291,83.0,113.0,138.0,65.89,47.5
9.5,10,1,55.57,73.74,55.52,119.82,0.2472,0.2892,74.0,117.0,137.0,75.3,95.0
9.5,10,2,57.11,68.5,56.86,118.7,0.1698,0.2686,70.0,121.0,134.0,79.86,95.0
9.5,10,3,56.3,69.49,57.21,124.15,0.1899,0.2725,71.0,120.0,134.0,78.67,95.0
9.5,10,4,57.48,68.1,56.22,113.63,0.1745,0.2671,70.0,121.0,134.0,79.86,95.0
9.5,15,1,50.92,67.01,48.61,112.45,0.2746,0.2628,68.0,117.0,137.0,81.2,142.5
9.5,15,2,48.61,61.92,52.03,135.4,0.215,0.2428,62.0,120.0,132.0,87.48,142.5
9.5,15,3,53.31,67.93,54.29,124.02,0.2152,0.2664,69.0,119.0,134.0,80.44,142.5
9.5,15,4,54.36,66.23,52.97,113.71,0.2002,0.2597,68.0,120.0,135.0,81.64,142.5
9.5,30,1,49.92,63.12,47.76,111.55,0.2434,0.2475,64.0,118.0,136.0,85.25,285.0
9.5,30,2,52.93,62.89,47.55,98.96,0.244,0.2466,63.0,120.0,136.0,86.59,285.0
9.5,30,3,51.72,62.83,47.25,102.79,0.248,0.2464,63.0,120.0,136.0,86.59,285.0
9.5,30,4,49.9,58.02,45.87,100.08,0.2094,0.2275,59.0,121.0,135.0,90.66,285.0
9.5,45,1,51.16,58.12,49.29,107.26,0.152,0.2279,60.0,123.0,133.0,90.03,427.5
9.5,45,2,51.01,56.62,46.9,94.59,0.1717,0.222,58.0,124.0,133.0,92.2,427.5
9.5,45,3,49.74,59.92,45.63,102.72,0.2386,0.235,60.0,121.0,135.0,89.68,427.5
9.5,45,4,49.83,56.16,46.33,98.65,0.175,0.2202,58.0,123.0,133.0,91.99,427.5
9.5,60,1,52.97,62.18,46.49,95.23,0.2524,0.2438,63.0,120.0,136.0,86.59,570.0
9.5,60,2,50.73,57.42,49.64,111.61,0.1354,0.2252,59.0,123.0,132.0,91.01,570.0
9.5,60,3,49.86,61.79,44.6,101.66,0.2782,0.2423,62.0,119.0,137.0,87.44,570.0
9.5,60,4,50.64,59.11,51.48,125.95,0.1432,0.2318,61.0,123.0,132.0,89.05,570.0
9.5,90,1,49.07,55.61,46.04,100.97,0.172,0.2181,57.0,123.0,133.0,92.97,855.0
9.5,90,2,47.38,58.99,44.31,107.43,0.2489,0.2313,59.0,120.0,135.0,90.48,855.0
9.5,90,3,49.98,58.96,45.09,98.83,0.2352,0.2312,59.0,121.0,135.0,90.66,855.0
9.5,90,4,50.91,55.35,49.09,102.48,0.1131,0.2171,57.0,125.0,131.0,93.4,855.0
9.5,120,1,51.64,56.35,45.33,85.64,0.1955,0.221,58.0,123.0,134.0,92.01,1140.0
9.5,120,2,49.98,58.93,48.01,109.16,0.1853,0.2311,59.0,122.0,133.0,90.81,1140.0
9.5,120,3,48.11,56.6,41.92,94.72,0.2593,0.222,57.0,121.0,137.0,92.71,1140.0
9.5,120,4,46.32,57.27,44.87,112.95,0.2166,0.2246,58.0,120.0,135.0,91.46,1140.0
9.5,180,1,47.51,56.16,45.08,106.88,0.1973,0.2202,57.0,122.0,134.0,92.78,1710.0
9.5,180,2,45.92,55.49,46.01,120.61,0.1725,0.2176,56.0,122.0,132.0,93.74,1710.0
9.5,180,3,51.05,61.51,48.71,109.0,0.2081,0.2412,63.0,121.0,135.0,86.74,1710.0
9.5,180,4,48.15,55.46,45.08,102.21,0.1872,0.2175,56.0,123.0,133.0,93.95,1710.0
9.5,240,1,46.69,54.38,45.17,110.1,0.1695,0.2133,55.0,123.0,132.0,94.92,2280.0
9.5,240,2,48.97,57.64,45.21,101.88,0.2156,0.226,58.0,122.0,134.0,91.8,2280.0
9.5,240,3,50.3,53.28,43.79,78.84,0.178,0.2089,55.0,124.0,134.0,95.15,2280.0
9.5,240,4,50.2,53.08,45.47,82.72,0.1434,0.2082,55.0,125.0,133.0,95.35,2280.0
9.5,300,1,48.49,54.9,45.77,102.13,0.1664,0.2153,55.0,124.0,133.0,95.13,2850.0
9.5,300,2,47.72,55.09,45.09,104.25,0.1814,0.216,56.0,122.0,133.0,93.75,2850.0
9.5,300,3,48.95,57.68,43.42,96.72,0.2473,0.2262,58.0,121.0,136.0,91.68,2850.0
9.5,300,4,52.0,55.7,43.43,78.06,0.2202,0.2184,57.0,124.0,135.0,93.22,2850.0
9.5,360,1,46.76,55.37,45.9,114.58,0.171,0.2172,56.0,122.0,133.0,93.75,3420.0
9.5,360,2,48.58,56.82,41.51,92.3,0.2695,0.2228,57.0,121.0,137.0,92.71,3420.0
9.5,360,3,48.16,53.16,45.1,97.23,0.1517,0.2085,55.0,124.0,132.0,95.13,3420.0
9.5,360,4,52.12,56.59,43.2,80.0,0.2366,0.2219,58.0,123.0,136.0,92.07,3420.0
9.5,480,1,49.9,53.1,42.63,78.33,0.1973,0.2083,55.0,124.0,135.0,95.17,4560.0
9.5,480,2,50.61,55.24,44.95,87.03,0.1862,0.2166,57.0,123.0,134.0,92.98,4560.0
9.5,480,3,44.18,58.11,44.35,120.72,0.2397,0.2279,58.0,119.0,135.0,91.29,4560.0
9.5,480,4,49.58,55.97,44.0,92.05,0.2139,0.2195,57.0,123.0,134.0,92.98,4560.0
9.6,0,1,90.93,152.57,135.86,163.74,0.404,0.5983,149.0,104.0,131.0,1.41,0.0
9.6,0,2,94.09,149.87,131.73,160.49,0.3722,0.5877,147.0,106.0,132.0,2.24,0.0
9.6,0,3,93.05,149.46,133.47,162.99,0.3774,0.5861,147.0,106.0,131.0,2.45,0.0
9.6,0,4,91.59,148.29,130.73,161.42,0.3823,0.5815,146.0,105.0,132.0,2.24,0.0
9.6,1,1,71.44,110.77,96.07,157.58,0.355,0.4344,110.0,111.0,131.0,38.65,9.6
9.6,1,2,73.2,113.85,99.25,158.45,0.357,0.4465,113.0,111.0,131.0,35.71,9.6
9.6,1,3,71.6,110.43,90.29,148.89,0.3516,0.4331,110.0,109.0,135.0,38.44,9.6
9.6,1,4,72.78,114.44,94.96,151.94,0.364,0.4488,114.0,109.0,135.0,34.5,9.6
9.6,2,1,68.68,93.84,80.93,149.22,0.2682,0.368,95.0,116.0,132.0,54.34,19.2
9.6,2,2,68.24,93.14,80.63,149.86,0.2673,0.3653,95.0,116.0,132.0,54.34,19.2
9.6,2,3,65.76,92.29,80.76,153.93,0.2874,0.3619,94.0,115.0,132.0,55.11,19.2
9.6,2,4,68.44,95.04,79.97,146.0,0.2799,0.3727,96.0,114.0,134.0,52.99,19.2
9.6,5,1,60.18,76.36,64.65,136.58,0.212,0.2995,78.0,119.0,133.0,71.6,48.0
9.6,5,2,60.53,79.54,61.9,124.31,0.2391,0.3119,81.0,116.0,136.0,68.18,48.0
9.6,5,3,57.97,79.28,65.32,140.7,0.2688,0.3109,80.0,116.0,134.0,69.08,48.0
9.6,5,4,61.11,79.43,68.99,145.81,0.2307,0.3115,81.0,118.0,132.0,68.45,48.0
9.6,10,1,53.57,63.2,54.21,123.97,0.1523,0.2478,65.0,122.0,132.0,84.93,96.0
9.6,10,2,53.97,72.05,56.44,128.21,0.251,0.2826,73.0,117.0,135.0,76.18,96.0
9.6,10,3,54.4,70.41,56.76,128.85,0.2274,0.2761,71.0,118.0,134.0,78.29,96.0
9.6,10,4,58.09,67.8,56.31,110.74,0.1694,0.2659,70.0,122.0,133.0,80.06,96.0
9.6,15,1,53.33,68.13,54.53,124.86,0.2172,0.2672,69.0,119.0,134.0,80.44,144.0
9.6,15,2,51.91,64.21,55.63,138.15,0.1915,0.2518,66.0,121.0,132.0,83.74,144.0
9.6,15,3,53.05,65.35,52.0,115.28,0.2044,0.2563,67.0,120.0,135.0,82.62,144.0
9.6,15,4,50.67,64.54,54.89,138.25,0.2149,0.2531,65.0,120.0,132.0,84.53,144.0
9.6,30,1,52.96,61.03,51.23,109.44,0.1606,0.2394,63.0,122.0,133.0,86.89,288.0
9.6,30,2,48.87,60.65,47.17,112.43,0.2224,0.2379,61.0,120.0,134.0,88.48,288.0
9.6,30,3,51.87,62.52,47.55,102.66,0.2395,0.2452,63.0,120.0,136.0,86.59,288.0
9.6,30,4,48.9,60.76,48.38,117.51,0.2038,0.2383,61.0,120.0,134.0,88.48,288.0
9.6,45,1,46.77,58.02,46.85,120.42,0.194,0.2275,58.0,120.0,134.0,91.43,432.0
9.6,45,2,50.71,58.56,46.53,99.15,0.2056,0.2297,59.0,122.0,134.0,90.82,432.0
9.6,45,3,52.68,60.48,46.23,92.83,0.2356,0.2372,62.0,122.0,136.0,87.95,432.0
9.6,45,4,53.19,55.37,47.03,75.66,0.1506,0.2171,58.0,126.0,133.0,92.66,432.0
9.6,60,1,52.41,62.13,47.08,98.75,0.2423,0.2437,63.0,120.0,136.0,86.59,576.0
9.6,60,2,51.97,60.02,45.78,93.9,0.2372,0.2354,61.0,121.0,136.0,88.74,576.0
9.6,60,3,50.84,56.25,44.01,86.51,0.2176,0.2206,58.0,123.0,135.0,92.03,576.0
9.6,60,4,47.62,56.03,46.95,115.59,0.1621,0.2197,57.0,122.0,133.0,92.77,576.0
9.6,90,1,50.6,55.97,44.93,89.17,0.1973,0.2195,57.0,123.0,134.0,92.98,864.0
9.6,90,2,49.6,56.25,45.37,96.69,0.1934,0.2206,58.0,123.0,134.0,92.01,864.0
9.6,90,3,51.94,57.39,48.01,94.88,0.1635,0.2251,59.0,124.0,133.0,91.22,864.0
9.6,90,4,51.86,60.87,41.22,87.51,0.3229,0.2387,61.0,120.0,139.0,88.74,864.0
9.6,120,1,48.97,58.49,41.73,94.08,0.2865,0.2294,59.0,120.0,137.0,90.56,1152.0
9.6,120,2,48.4,60.33,44.32,104.71,0.2653,0.2366,61.0,119.0,136.0,88.37,1152.0
9.6,120,3,48.66,52.65,41.65,81.73,0.2089,0.2065,54.0,124.0,134.0,96.12,1152.0
9.6,120,4,47.64,57.72,40.95,96.06,0.2906,0.2264,58.0,120.0,137.0,91.55,1152.0
9.6,180,1,49.36,54.39,43.1,86.69,0.2076,0.2133,56.0,123.0,134.0,93.96,1728.0
9.6,180,2,48.4,55.96,43.33,95.92,0.2257,0.2195,56.0,122.0,135.0,93.79,1728.0
9.6,180,3,49.99,55.12,45.96,93.62,0.1661,0.2162,57.0,123.0,133.0,92.97,1728.0
9.6,180,4,52.33,52.35,47.89,60.26,0.085,0.2053,55.0,127.0,131.0,95.81,1728.0
9.6,240,1,47.77,55.07,41.21,91.6,0.2516,0.216,56.0,122.0,136.0,93.83,2304.0
9.6,240,2,49.29,54.15,46.7,99.14,0.1376,0.2124,56.0,124.0,132.0,94.15,2304.0
9.6,240,3,49.84,53.63,41.34,78.52,0.2292,0.2103,55.0,123.0,135.0,94.97,2304.0
9.6,240,4,49.75,55.51,43.93,89.83,0.2086,0.2177,57.0,123.0,135.0,93.01,2304.0
9.6,300,1,45.94,59.18,43.68,111.27,0.2619,0.2321,59.0,118.0,136.0,90.18,2880.0
9.6,300,2,48.57,54.43,41.85,87.98,0.2312,0.2135,55.0,122.0,135.0,94.77,2880.0
9.6,300,3,50.88,53.58,42.88,75.14,0.1997,0.2101,55.0,125.0,135.0,95.39,2880.0
9.6,300,4,50.48,57.03,44.38,91.05,0.2217,0.2236,58.0,122.0,135.0,91.83,2880.0
9.6,360,1,52.01,53.87,44.5,71.9,0.1739,0.2113,56.0,126.0,134.0,94.62,3456.0
9.6,360,2,48.13,54.62,43.72,95.71,0.1995,0.2142,55.0,123.0,134.0,94.94,3456.0
9.6,360,3,49.05,56.95,44.71,98.71,0.2148,0.2233,58.0,122.0,135.0,91.83,3456.0
9.6,360,4,49.19,55.55,43.69,92.18,0.2135,0.2178,57.0,123.0,135.0,93.01,3456.0
9.6,480,1,48.86,56.81,42.14,92.51,0.2582,0.2228,57.0,121.0,136.0,92.66,4608.0
9.6,480,2,46.73,58.94,42.27,103.92,0.2828,0.2311,58.0,120.0,137.0,91.55,4608.0
9.6,480,3,46.46,54.73,44.4,108.03,0.1888,0.2146,55.0,122.0,133.0,94.73,4608.0
9.6,480,4,49.11,55.29,44.58,94.58,0.1937,0.2168,57.0,123.0,134.0,92.98,4608.0
9.7,0,1,90.14,150.99,133.22,162.48,0.403,0.5921,147.0,104.0,131.0,1.41,0.0
9.7,0,2,93.98,150.16,130.65,159.17,0.3741,0.5889,147.0,105.0,133.0,1.73,0.0
9.7,0,3,91.63,150.18,134.51,163.95,0.3899,0.5889,147.0,105.0,130.0,2.45,0.0
9.7,0,4,91.52,148.79,135.55,166.13,0.3849,0.5835,146.0,106.0,129.0,4.12,0.0
9.7,1,1,69.48,110.6,92.38,153.42,0.3718,0.4337,110.0,109.0,134.0,38.38,9.7
9.7,1,2,71.49,106.04,90.59,153.17,0.3258,0.4158,107.0,111.0,133.0,41.61,9.7
9.7,1,3,69.46,110.89,95.68,157.98,0.3736,0.4349,110.0,110.0,132.0,38.47,9.7
9.7,1,4,75.72,108.87,92.7,150.74,0.3045,0.427,109.0,112.0,133.0,39.82,9.7
9.7,2,1,62.97,95.37,79.55,150.7,0.3397,0.374,95.0,112.0,133.0,53.61,19.4
9.7,2,2,69.15,91.64,79.8,148.41,0.2455,0.3594,93.0,117.0,132.0,56.52,19.4
9.7,2,3,70.06,99.38,80.05,140.44,0.2951,0.3897,100.0,113.0,135.0,48.93,19.4
9.7,2,4,69.38,94.35,79.49,144.31,0.2647,0.37,96.0,115.0,133.0,53.16,19.4
9.7,5,1,57.38,77.25,62.98,136.92,0.2572,0.3029,78.0,116.0,134.0,71.05,48.5
9.7,5,2,61.17,76.52,63.87,130.56,0.2005,0.3001,78.0,119.0,134.0,71.62,48.5
9.7,5,3,57.63,77.45,61.61,132.07,0.256,0.3037,78.0,117.0,135.0,71.26,48.5
9.7,5,4,55.65,76.93,63.58,142.35,0.2767,0.3017,77.0,117.0,133.0,72.19,48.5
9.7,10,1,55.99,68.66,58.58,132.25,0.1845,0.2693,70.0,121.0,132.0,79.83,97.0
9.7,10,2,51.91,73.48,56.35,132.34,0.2936,0.2882,74.0,115.0,135.0,74.87,97.0
9.7,10,3,50.89,69.3,58.16,143.68,0.2656,0.2718,70.0,118.0,132.0,79.25,97.0
9.7,10,4,59.08,71.23,55.95,107.72,0.2145,0.2793,73.0,119.0,136.0,76.59,97.0
9.7,15,1,53.68,61.56,52.38,111.5,0.1491,0.2414,63.0,123.0,133.0,87.1,145.5
9.7,15,2,52.96,65.39,49.9,108.13,0.237,0.2564,66.0,119.0,136.0,83.46,145.5
9.7,15,3,53.22,63.14,55.72,135.11,0.157,0.2476,65.0,122.0,131.0,84.94,145.5
9.7,15,4,53.83,64.42,51.93,110.9,0.1939,0.2526,66.0,120.0,135.0,83.6,145.5
9.7,30,1,53.21,63.03,49.2,102.59,0.2195,0.2472,65.0,121.0,135.0,84.78,291.0
9.7,30,2,48.99,64.95,50.58,125.99,0.2459,0.2547,65.0,118.0,135.0,84.23,291.0
9.7,30,3,46.75,58.49,48.64,129.62,0.2006,0.2294,59.0,120.0,133.0,90.43,291.0
9.7,30,4,54.0,65.71,49.53,103.43,0.2462,0.2577,66.0,120.0,136.0,83.64,291.0
9.7,45,1,48.55,61.18,48.23,118.48,0.2117,0.2399,62.0,119.0,134.0,87.32,436.5
9.7,45,2,51.17,56.14,46.83,92.05,0.1659,0.2202,58.0,124.0,133.0,92.2,436.5
9.7,45,3,52.48,60.95,47.0,96.43,0.2289,0.239,62.0,122.0,135.0,87.91,436.5
9.7,45,4,49.55,58.14,47.19,107.08,0.1884,0.228,59.0,122.0,134.0,90.82,436.5
9.7,60,1,51.31,57.07,48.89,102.24,0.1434,0.2238,59.0,124.0,133.0,91.22,582.0
9.7,60,2,51.37,55.57,45.69,85.48,0.1778,0.2179,57.0,124.0,134.0,93.19,582.0
9.7,60,3,47.2,59.19,47.65,122.24,0.2026,0.2321,60.0,121.0,134.0,89.65,582.0
9.7,60,4,49.27,59.23,48.91,117.89,0.1742,0.2323,60.0,121.0,133.0,89.63,582.0
9.7,90,1,50.56,58.12,46.23,98.14,0.2046,0.2279,59.0,122.0,134.0,90.82,873.0
9.7,90,2,47.99,57.53,43.53,100.88,0.2433,0.2256,58.0,121.0,135.0,91.64,873.0
9.7,90,3,51.57,58.39,47.57,97.82,0.1853,0.229,60.0,123.0,134.0,90.05,873.0
9.7,90,4,49.47,60.63,45.54,104.38,0.2488,0.2378,61.0,120.0,136.0,88.55,873.0
9.7,120,1,47.67,59.57,44.92,108.73,0.2459,0.2336,60.0,119.0,136.0,89.36,1164.0
9.7,120,2,48.95,54.97,44.14,93.35,0.1969,0.2156,55.0,123.0,133.0,94.93,1164.0
9.7,120,3,52.16,56.6,43.23,79.91,0.2361,0.2219,58.0,123.0,136.0,92.07,1164.0
9.7,120,4,50.56,60.07,45.86,100.17,0.2365,0.2356,61.0,120.0,136.0,88.55,1164.0
9.7,180,1,46.93,59.08,43.72,107.45,0.26,0.2317,59.0,119.0,136.0,90.34,1746.0
9.7,180,2,47.97,56.4,43.79,100.12,0.2236,0.2212,57.0,121.0,135.0,92.62,1746.0
9.7,180,3,46.27,51.29,45.18,109.32,0.1191,0.2011,53.0,125.0,131.0,97.3,1746.0
9.7,180,4,45.65,56.73,43.41,109.91,0.2348,0.2225,57.0,120.0,135.0,92.44,1746.0
9.7,240,1,49.48,56.32,47.15,104.79,0.1627,0.2209,58.0,123.0,133.0,91.99,2328.0
9.7,240,2,48.36,59.17,43.22,100.67,0.2696,0.232,60.0,120.0,136.0,89.53,2328.0
9.7,240,3,45.79,57.07,47.51,129.15,0.1977,0.2238,58.0,121.0,132.0,91.59,2328.0
9.7,240,4,47.77,56.72,44.52,104.01,0.2151,0.2224,57.0,121.0,135.0,92.62,2328.0
9.7,300,1,49.98,52.06,42.46,73.06,0.1844,0.2042,54.0,125.0,134.0,96.34,2910.0
9.7,300,2,49.02,57.67,44.97,100.86,0.2203,0.2262,58.0,122.0,135.0,91.83,2910.0
9.7,300,3,46.93,56.9,46.01,114.94,0.1915,0.2231,57.0,121.0,133.0,92.58,2910.0
9.7,300,4,49.26,58.29,46.37,105.47,0.2045,0.2286,59.0,121.0,134.0,90.63,2910.0
9.7,360,1,47.59,54.52,41.85,92.81,0.2324,0.2138,55.0,122.0,135.0,94.77,3492.0
9.7,360,2,48.89,52.82,43.66,85.76,0.1734,0.2071,54.0,125.0,133.0,96.32,3492.0
9.7,360,3,47.09,55.19,46.33,114.9,0.1604,0.2164,56.0,122.0,133.0,93.75,3492.0
9.7,360,4,49.61,55.06,42.15,85.34,0.2345,0.2159,57.0,123.0,135.0,93.01,3492.0
9.7,480,1,49.38,56.45,42.78,91.04,0.2421,0.2214,58.0,122.0,136.0,91.87,4656.0
9.7,480,2,46.51,57.68,46.09,117.81,0.201,0.2262,58.0,121.0,133.0,91.6,4656.0
9.7,480,3,50.22,57.64,41.17,87.05,0.2857,0.2261,58.0,122.0,137.0,91.92,4656.0
9.7,480,4,51.94,55.9,42.74,78.04,0.2354,0.2192,57.0,123.0,136.0,93.05,4656.0
9.8,0,1,89.88,151.21,132.41,161.6,0.4056,0.593,148.0,103.0,132.0,1.0,0.0
9.8,0,2,93.8,151.45,129.66,157.32,0.3807,0.5939,148.0,104.0,134.0,2.0,0.0
9.8,0,3,88.07,150.21,131.63,162.06,0.4137,0.589,147.0,103.0,132.0,1.41,0.0
9.8,0,4,89.72,150.31,131.1,160.98,0.4031,0.5894,147.0,103.0,132.0,1.41,0.0
9.8,1,1,76.12,110.8,93.86,150.7,0.313,0.4345,111.0,112.0,134.0,37.91,9.8
9.8,1,2,72.21,112.45,93.43,151.64,0.3579,0.441,112.0,109.0,134.0,36.4,9.8
9.8,1,3,73.76,107.52,91.93,152.29,0.314,0.4217,108.0,112.0,133.0,40.8,9.8
9.8,1,4,71.64,108.2,94.17,156.97,0.3379,0.4243,109.0,111.0,132.0,39.62,9.8
9.8,2,1,62.71,94.2,80.41,153.73,0.3343,0.3694,95.0,113.0,132.0,53.76,19.6
9.8,2,2,63.9,92.2,77.19,148.17,0.307,0.3616,93.0,114.0,133.0,55.91,19.6
9.8,2,3,63.4,98.31,79.9,148.37,0.3551,0.3855,98.0,111.0,135.0,50.58,19.6
9.8,2,4,63.51,97.14,79.47,148.47,0.3462,0.3809,97.0,111.0,134.0,51.52,19.6
9.8,5,1,55.92,76.99,64.67,144.9,0.2737,0.3019,77.0,117.0,132.0,72.18,49.0
9.8,5,2,60.51,76.79,63.22,129.99,0.2121,0.3012,78.0,118.0,134.0,71.41,49.0
9.8,5,3,59.17,75.78,64.3,138.54,0.2191,0.2972,77.0,119.0,132.0,72.57,49.0
9.8,5,4,57.03,77.63,65.78,145.47,0.2653,0.3044,78.0,117.0,132.0,71.2,49.0
9.8,10,1,56.61,68.05,57.79,126.17,0.168,0.2668,70.0,120.0,133.0,79.63,98.0
9.8,10,2,54.31,66.76,56.7,131.54,0.1865,0.2618,68.0,121.0,132.0,81.79,98.0
9.8,10,3,53.38,68.72,54.37,123.85,0.2231,0.2695,69.0,119.0,134.0,80.44,98.0
9.8,10,4,53.06,71.86,50.43,112.65,0.2982,0.2818,72.0,117.0,138.0,77.34,98.0
9.8,15,1,54.46,60.7,52.15,103.74,0.1409,0.238,63.0,123.0,132.0,87.1,147.0
9.8,15,2,53.13,66.19,52.32,116.48,0.2095,0.2595,68.0,120.0,135.0,81.64,147.0
9.8,15,3,51.45,62.5,53.01,128.46,0.1768,0.2451,64.0,121.0,132.0,85.7,147.0
9.8,15,4,54.51,64.67,53.77,115.9,0.1687,0.2536,66.0,121.0,133.0,83.75,147.0
9.8,30,1,50.96,60.09,43.64,93.3,0.2737,0.2356,61.0,120.0,137.0,88.6,294.0
9.8,30,2,47.59,61.01,44.54,108.92,0.27,0.2393,61.0,119.0,137.0,88.43,294.0
9.8,30,3,52.49,59.2,48.22,96.69,0.1855,0.2322,61.0,122.0,134.0,88.87,294.0
9.8,30,4,54.81,62.99,46.39,89.54,0.2635,0.247,64.0,121.0,137.0,85.85,294.0
9.8,45,1,55.17,56.73,50.01,73.9,0.1184,0.2225,59.0,127.0,132.0,91.92,441.0
9.8,45,2,50.11,59.77,45.75,101.36,0.2345,0.2344,60.0,121.0,135.0,89.68,441.0
9.8,45,3,51.65,60.87,44.86,94.57,0.263,0.2387,61.0,121.0,137.0,88.79,441.0
9.8,45,4,49.21,61.2,46.63,109.38,0.238,0.24,62.0,120.0,136.0,87.57,441.0
9.8,60,1,47.71,55.08,47.55,118.75,0.1368,0.216,56.0,123.0,132.0,93.94,588.0
9.8,60,2,47.73,64.55,42.98,106.79,0.3343,0.2531,64.0,116.0,139.0,85.14,588.0
9.8,60,3,50.3,57.79,47.09,101.97,0.1852,0.2266,58.0,123.0,133.0,91.99,588.0
9.8,60,4,47.04,61.33,41.3,102.8,0.3265,0.2405,61.0,117.0,139.0,88.24,588.0
9.8,90,1,52.35,54.32,48.61,80.66,0.1051,0.213,57.0,126.0,131.0,93.63,882.0
9.8,90,2,44.98,55.86,46.46,128.12,0.1948,0.2191,56.0,121.0,132.0,93.56,882.0
9.8,90,3,49.6,60.63,43.86,99.46,0.2767,0.2378,61.0,119.0,137.0,88.43,882.0
9.8,90,4,48.78,57.78,45.86,105.26,0.2063,0.2266,58.0,122.0,134.0,91.8,882.0
9.8,120,1,48.0,57.81,44.13,103.01,0.2365,0.2267,58.0,121.0,135.0,91.64,1176.0
9.8,120,2,48.33,57.8,43.99,101.15,0.2391,0.2267,58.0,121.0,136.0,91.68,1176.0
9.8,120,3,52.92,55.97,46.53,79.39,0.1686,0.2195,58.0,124.0,133.0,92.2,1176.0
9.8,120,4,51.04,56.53,45.54,89.98,0.1943,0.2217,58.0,123.0,134.0,92.01,1176.0
9.8,180,1,48.04,55.11,44.02,98.25,0.2012,0.2161,56.0,122.0,134.0,93.77,1764.0
9.8,180,2,48.37,55.23,45.67,103.03,0.173,0.2166,56.0,123.0,133.0,93.95,1764.0
9.8,180,3,48.77,57.06,44.06,98.26,0.2278,0.2237,58.0,121.0,135.0,91.64,1764.0
9.8,180,4,47.51,60.12,44.0,106.96,0.2682,0.2358,61.0,118.0,136.0,88.21,1764.0
9.8,240,1,51.35,55.71,43.09,80.73,0.2267,0.2185,57.0,123.0,135.0,93.01,2352.0
9.8,240,2,46.35,54.49,44.02,106.62,0.1922,0.2137,55.0,122.0,133.0,94.73,2352.0
9.8,240,3,50.2,61.52,42.33,95.4,0.312,0.2413,62.0,119.0,138.0,87.5,2352.0
9.8,240,4,48.79,55.22,42.57,90.52,0.2289,0.2165,56.0,122.0,135.0,93.79,2352.0
9.8,300,1,52.13,55.93,44.65,80.22,0.2016,0.2193,57.0,124.0,135.0,93.22,2940.0
9.8,300,2,47.34,56.32,43.31,101.42,0.231,0.2208,57.0,121.0,135.0,92.62,2940.0
9.8,300,3,47.79,55.62,45.81,107.88,0.1764,0.2181,56.0,122.0,133.0,93.75,2940.0
9.8,300,4,50.92,58.61,40.28,85.16,0.3127,0.2298,59.0,121.0,138.0,90.81,2940.0
9.8,360,1,45.7,58.51,41.99,106.54,0.2823,0.2294,58.0,119.0,137.0,91.38,3528.0
9.8,360,2,46.96,58.08,45.22,111.87,0.2214,0.2277,58.0,120.0,134.0,91.43,3528.0
9.8,360,3,48.42,53.06,47.08,106.57,0.1128,0.2081,55.0,125.0,131.0,95.35,3528.0
9.8,360,4,48.59,59.41,39.34,92.35,0.3377,0.233,59.0,119.0,139.0,90.53,3528.0
9.8,480,1,48.45,55.98,42.91,94.6,0.2334,0.2195,56.0,122.0,135.0,93.79,4704.0
9.8,480,2,47.3,55.47,41.06,94.03,0.2599,0.2175,56.0,122.0,136.0,93.83,4704.0
9.8,480,3,47.48,53.4,41.43,89.68,0.224,0.2094,54.0,122.0,135.0,95.75,4704.0
9.8,480,4,44.36,56.81,43.87,117.74,0.2277,0.2228,56.0,120.0,134.0,93.4,4704.0
9.9,0,1,94.8,148.53,135.42,165.36,0.3617,0.5825,146.0,107.0,129.0,4.69,0.0
9.9,0,2,91.98,150.01,132.92,162.33,0.3869,0.5883,147.0,104.0,131.0,1.41,0.0
9.9,0,3,91.01,151.35,135.62,164.36,0.3987,0.5935,148.0,105.0,130.0,2.24,0.0
9.9,0,4,89.25,151.13,132.04,161.49,0.4094,0.5927,148.0,103.0,132.0,1.0,0.0
9.9,1,1,69.91,113.81,93.61,152.38,0.3858,0.4463,112.0,108.0,134.0,36.28,9.9
9.9,1,2,74.23,109.98,92.08,149.96,0.325,0.4313,110.0,111.0,134.0,38.69,9.9
9.9,1,3,74.96,108.55,92.88,152.02,0.3094,0.4257,109.0,112.0,133.0,39.82,9.9
9.9,1,4,69.05,111.98,94.91,156.14,0.3833,0.4391,111.0,109.0,133.0,37.35,9.9
9.9,2,1,67.34,92.68,77.23,143.42,0.2735,0.3635,94.0,115.0,134.0,55.15,19.8
9.9,2,2,64.37,94.03,79.15,149.9,0.3155,0.3687,95.0,114.0,133.0,53.94,19.8
9.9,2,3,66.94,92.79,77.89,145.43,0.2786,0.3639,93.0,115.0,133.0,56.1,19.8
9.9,2,4,63.33,96.75,81.94,153.41,0.3454,0.3794,97.0,112.0,133.0,51.63,19.8
9.9,5,1,60.45,74.55,63.57,133.25,0.1891,0.2923,77.0,120.0,133.0,72.79,49.5
9.9,5,2,58.33,75.62,62.64,134.97,0.2286,0.2965,77.0,118.0,134.0,72.39,49.5
9.9,5,3,59.3,74.11,64.77,142.18,0.1998,0.2906,77.0,119.0,132.0,72.57,49.5
9.9,5,4,62.03,76.13,63.96,128.22,0.1852,0.2986,78.0,120.0,134.0,71.83,49.5
9.9,10,1,50.52,70.64,55.93,136.14,0.2848,0.277,71.0,116.0,135.0,77.99,99.0
9.9,10,2,53.69,70.82,48.88,106.87,0.3098,0.2777,71.0,116.0,139.0,78.24,99.0
9.9,10,3,54.67,68.63,54.87,120.85,0.2035,0.2691,70.0,119.0,135.0,79.49,99.0
9.9,10,4,52.16,72.03,54.39,126.73,0.2758,0.2825,73.0,116.0,136.0,76.06,99.0
9.9,15,1,56.64,62.09,50.72,88.73,0.183,0.2435,65.0,123.0,135.0,85.2,148.5
9.9,15,2,53.63,67.17,50.0,107.34,0.2556,0.2634,68.0,118.0,136.0,81.31,148.5
9.9,15,3,55.47,63.94,50.84,98.77,0.2049,0.2508,65.0,121.0,135.0,84.78,148.5
9.9,15,4,53.71,64.48,52.05,111.96,0.1927,0.2528,66.0,120.0,134.0,83.57,148.5
9.9,30,1,48.52,65.98,50.79,127.79,0.2645,0.2587,66.0,117.0,135.0,83.08,297.0
9.9,30,2,45.49,58.4,46.84,126.3,0.2212,0.229,58.0,120.0,134.0,91.43,297.0
9.9,30,3,52.44,60.5,50.17,106.82,0.1708,0.2373,62.0,122.0,133.0,87.87,297.0
9.9,30,4,47.2,59.3,48.45,126.22,0.2041,0.2326,60.0,121.0,133.0,89.63,297.0
9.9,45,1,50.16,60.67,46.12,103.34,0.2398,0.2379,61.0,120.0,135.0,88.51,445.5
9.9,45,2,48.17,57.7,44.39,102.98,0.2308,0.2263,58.0,121.0,135.0,91.64,445.5
9.9,45,3,51.16,58.77,44.57,92.14,0.2417,0.2305,60.0,122.0,136.0,89.91,445.5
9.9,45,4,48.44,57.63,45.45,105.26,0.2113,0.226,58.0,122.0,134.0,91.8,445.5
9.9,60,1,49.58,57.18,48.0,109.69,0.1605,0.2242,58.0,123.0,132.0,91.98,594.0
9.9,60,2,45.97,59.52,41.39,104.84,0.3045,0.2334,59.0,118.0,137.0,90.23,594.0
9.9,60,3,47.77,53.11,46.92,111.85,0.1165,0.2083,55.0,123.0,132.0,94.92,594.0
9.9,60,4,50.28,63.01,45.25,103.01,0.2819,0.2471,64.0,118.0,137.0,85.31,594.0
9.9,90,1,47.96,53.82,43.22,93.18,0.1969,0.211,54.0,123.0,134.0,95.92,891.0
9.9,90,2,52.59,61.31,44.68,91.45,0.2712,0.2404,63.0,120.0,138.0,86.7,891.0
9.9,90,3,51.93,57.16,46.14,88.47,0.1927,0.2241,59.0,123.0,134.0,91.03,891.0
9.9,90,4,49.63,60.96,44.71,101.85,0.2665,0.239,61.0,120.0,136.0,88.55,891.0
9.9,120,1,49.46,54.29,42.94,85.52,0.209,0.2129,55.0,123.0,135.0,94.97,1188.0
9.9,120,2,46.78,55.2,43.65,103.75,0.2092,0.2165,56.0,122.0,134.0,93.77,1188.0
9.9,120,3,44.35,58.6,45.4,124.43,0.2432,0.2298,58.0,120.0,134.0,91.43,1188.0
9.9,120,4,52.65,56.31,45.02,79.44,0.2005,0.2208,58.0,124.0,134.0,92.22,1188.0
9.9,180,1,52.62,56.14,43.76,77.09,0.2206,0.2202,58.0,123.0,136.0,92.07,1782.0
9.9,180,2,47.19,53.08,45.5,106.63,0.1429,0.2082,54.0,124.0,132.0,96.1,1782.0
9.9,180,3,48.45,58.75,44.23,102.57,0.2471,0.2304,59.0,120.0,135.0,90.48,1782.0
9.9,180,4,50.1,57.62,43.49,91.95,0.2453,0.226,58.0,122.0,136.0,91.87,1782.0
9.9,240,1,51.44,55.74,44.22,82.38,0.2066,0.2186,57.0,124.0,135.0,93.22,2376.0
9.9,240,2,46.2,58.76,42.81,107.22,0.2715,0.2304,58.0,120.0,137.0,91.55,2376.0
9.9,240,3,50.27,56.97,42.77,88.29,0.2494,0.2234,58.0,123.0,136.0,92.07,2376.0
9.9,240,4,46.82,55.85,45.37,111.69,0.1876,0.219,56.0,122.0,133.0,93.75,2376.0
9.9,300,1,45.24,55.24,44.5,115.87,0.1944,0.2166,56.0,121.0,134.0,93.58,2970.0
9.9,300,2,52.16,53.64,41.82,67.52,0.2204,0.2104,55.0,125.0,135.0,95.39,2970.0
9.9,300,3,46.58,53.11,45.83,113.82,0.137,0.2083,54.0,123.0,132.0,95.9,2970.0
9.9,300,4,47.19,53.35,42.32,93.49,0.2067,0.2092,54.0,123.0,134.0,95.92,2970.0
9.9,360,1,47.62,55.19,44.19,101.3,0.1992,0.2164,56.0,122.0,134.0,93.77,3564.0
9.9,360,2,44.33,52.97,39.16,97.55,0.2608,0.2077,53.0,121.0,135.0,96.56,3564.0
9.9,360,3,45.51,61.86,42.2,109.88,0.3178,0.2426,61.0,117.0,138.0,88.17,3564.0
9.9,360,4,47.41,58.0,44.96,108.7,0.2249,0.2275,58.0,121.0,135.0,91.64,3564.0
9.9,480,1,49.47,52.61,41.55,77.03,0.2102,0.2063,54.0,124.0,135.0,96.15,4752.0
9.9,480,2,45.36,57.77,42.42,108.52,0.2656,0.2265,57.0,120.0,136.0,92.48,4752.0
9.9,480,3,47.23,57.18,40.45,95.69,0.2925,0.2242,58.0,120.0,137.0,91.55,4752.0
9.9,480,4,52.4,55.33,39.59,71.19,0.2844,0.217,57.0,123.0,138.0,93.16,4752.0
10.0,0,1,93.33,153.47,129.25,155.84,0.3919,0.6019,150.0,103.0,135.0,3.74,0.0
10.0,0,2,90.45,153.2,128.85,156.72,0.4096,0.6008,149.0,102.0,135.0,3.74,0.0
10.0,0,3,91.02,149.8,130.09,159.88,0.3924,0.5874,147.0,104.0,132.0,1.0,0.0
10.0,0,4,93.98,150.39,134.04,162.61,0.3751,0.5897,148.0,106.0,131.0,2.24,0.0
10.0,1,1,74.3,109.89,89.81,146.15,0.3238,0.4309,110.0,111.0,135.0,38.76,10.0
10.0,1,2,77.66,109.62,91.26,145.53,0.2916,0.4299,110.0,112.0,134.0,38.88,10.0
10.0,1,3,72.65,108.2,92.19,152.98,0.3286,0.4243,109.0,111.0,133.0,39.64,10.0
10.0,1,4,73.74,113.75,94.27,150.79,0.3518,0.4461,113.0,109.0,134.0,35.41,10.0
10.0,2,1,66.21,93.85,78.34,146.33,0.2945,0.368,94.0,114.0,133.0,54.93,20.0
10.0,2,2,67.87,91.45,76.38,141.67,0.2578,0.3586,93.0,116.0,134.0,56.33,20.0
10.0,2,3,66.25,92.04,75.93,142.52,0.2803,0.361,93.0,114.0,134.0,55.94,20.0
10.0,2,4,65.51,98.34,78.43,143.61,0.3338,0.3857,98.0,111.0,136.0,50.65,20.0
10.0,5,1,57.71,77.68,68.15,151.37,0.2571,0.3046,79.0,118.0,131.0,70.41,50.0
10.0,5,2,57.9,80.01,61.26,129.13,0.2763,0.3138,81.0,115.0,137.0,68.08,50.0
10.0,5,3,57.08,77.79,63.48,138.53,0.2663,0.3051,78.0,117.0,134.0,71.22,50.0
10.0,5,4,59.57,75.43,64.2,137.5,0.2103,0.2958,77.0,119.0,132.0,72.57,50.0
10.0,10,1,56.56,66.65,55.79,115.71,0.163,0.2614,68.0,122.0,133.0,82.01,100.0
10.0,10,2,49.2,66.1,56.75,146.79,0.2557,0.2592,67.0,118.0,132.0,82.2,100.0
10.0,10,3,52.04,70.62,55.43,130.94,0.2631,0.2769,71.0,117.0,135.0,78.15,100.0
10.0,10,4,54.79,69.6,55.83,124.22,0.2127,0.2729,70.0,119.0,134.0,79.45,100.0
10.0,15,1,52.44,67.51,49.65,110.62,0.2646,0.2648,68.0,118.0,137.0,81.37,150.0
10.0,15,2,53.91,63.51,53.05,115.02,0.1648,0.2491,65.0,122.0,133.0,84.94,150.0
10.0,15,3,49.76,66.94,55.75,140.9,0.2566,0.2625,67.0,119.0,132.0,82.38,150.0
10.0,15,4,53.49,66.44,48.05,102.26,0.2768,0.2606,67.0,119.0,137.0,82.53,150.0
10.0,30,1,51.04,66.79,46.84,107.35,0.2987,0.2619,67.0,118.0,138.0,82.42,300.0
10.0,30,2,51.77,57.75,50.07,106.74,0.133,0.2265,59.0,124.0,132.0,91.22,300.0
10.0,30,3,54.34,59.95,47.05,86.12,0.2152,0.2351,61.0,123.0,135.0,89.1,300.0
10.0,30,4,49.26,60.14,45.0,103.1,0.2517,0.2358,61.0,120.0,136.0,88.55,300.0
10.0,45,1,46.66,57.83,48.8,131.5,0.1932,0.2268,58.0,121.0,132.0,91.59,450.0
10.0,45,2,49.13,58.76,45.77,104.47,0.221,0.2304,59.0,121.0,135.0,90.66,450.0
10.0,45,3,51.13,58.6,49.69,110.28,0.1521,0.2298,60.0,123.0,133.0,90.03,450.0
10.0,45,4,51.46,58.96,46.74,96.83,0.2073,0.2312,60.0,122.0,135.0,89.87,450.0
10.0,60,1,48.98,57.23,44.94,100.26,0.2148,0.2244,58.0,121.0,135.0,91.64,600.0
10.0,60,2,50.78,58.55,48.9,108.3,0.1649,0.2296,60.0,122.0,133.0,89.83,600.0
10.0,60,3,50.95,59.01,43.44,91.04,0.2639,0.2314,60.0,121.0,137.0,89.77,600.0
10.0,60,4,50.3,56.13,46.7,97.12,0.1678,0.2201,58.0,123.0,133.0,91.99,600.0
10.0,90,1,49.3,58.0,44.34,98.19,0.2356,0.2275,59.0,121.0,136.0,90.7,900.0
10.0,90,2,49.09,59.05,43.96,99.63,0.2554,0.2316,60.0,120.0,137.0,89.58,900.0
10.0,90,3,45.46,56.91,44.99,117.6,0.2095,0.2232,57.0,121.0,134.0,92.6,900.0
10.0,90,4,48.27,59.17,43.65,102.13,0.2622,0.232,60.0,120.0,136.0,89.53,900.0
10.0,120,1,46.65,52.68,42.67,96.13,0.19,0.2066,53.0,124.0,133.0,97.09,1200.0
10.0,120,2,49.4,56.22,44.11,93.81,0.2154,0.2205,58.0,122.0,135.0,91.83,1200.0
10.0,120,3,50.82,59.48,46.88,101.23,0.2119,0.2333,61.0,121.0,135.0,88.7,1200.0
10.0,120,4,46.55,53.09,41.63,94.26,0.2158,0.2082,54.0,122.0,135.0,95.75,1200.0
10.0,180,1,50.31,55.32,45.64,91.08,0.175,0.217,57.0,123.0,134.0,92.98,1800.0
10.0,180,2,46.13,59.55,43.25,109.41,0.2737,0.2335,59.0,119.0,136.0,90.34,1800.0
10.0,180,3,48.14,56.4,46.84,111.83,0.1695,0.2212,58.0,122.0,133.0,91.79,1800.0
10.0,180,4,44.89,53.62,45.47,124.03,0.163,0.2103,54.0,122.0,132.0,95.71,1800.0
10.0,240,1,49.87,55.06,39.74,80.33,0.2783,0.2159,56.0,122.0,138.0,93.94,2400.0
10.0,240,2,47.9,55.97,42.33,95.49,0.2438,0.2195,56.0,121.0,135.0,93.61,2400.0
10.0,240,3,51.08,54.54,43.59,78.93,0.2007,0.2139,56.0,124.0,135.0,94.2,2400.0
10.0,240,4,49.37,56.54,47.47,107.43,0.1603,0.2217,58.0,123.0,133.0,91.99,2400.0
10.0,300,1,48.42,58.9,44.56,103.84,0.2435,0.231,59.0,120.0,135.0,90.48,3000.0
10.0,300,2,47.11,55.81,46.12,113.88,0.1736,0.2189,56.0,122.0,133.0,93.75,3000.0
10.0,300,3,45.57,56.44,40.27,100.34,0.2865,0.2213,57.0,119.0,137.0,92.36,3000.0
10.0,300,4,48.76,57.29,44.57,100.21,0.2221,0.2247,58.0,121.0,135.0,91.64,3000.0
10.0,360,1,46.44,55.14,46.79,122.43,0.1579,0.2163,56.0,122.0,133.0,93.75,3600.0
10.0,360,2,45.83,53.81,45.28,116.12,0.1586,0.211,54.0,122.0,132.0,95.71,3600.0
10.0,360,3,47.4,52.94,46.11,108.63,0.1291,0.2076,54.0,125.0,131.0,96.32,3600.0
10.0,360,4,48.44,57.45,43.94,100.04,0.2351,0.2253,58.0,121.0,136.0,91.68,3600.0
10.0,480,1,46.72,55.39,41.64,97.85,0.2481,0.2172,56.0,121.0,136.0,93.64,4800.0
10.0,480,2,47.32,55.94,46.8,116.56,0.1635,0.2194,56.0,122.0,133.0,93.75,4800.0
10.0,480,3,47.8,55.67,39.44,89.09,0.2915,0.2183,56.0,121.0,137.0,93.69,4800.0
10.0,480,4,46.66,50.98,44.37,99.26,0.1297,0.1999,52.0,125.0,131.0,98.28,4800.0
